Site Name,Report Date,Time Period Ending,Time Interval,0 - 520 cm,521  - 660 cm,661 - 1160 cm,1160+ cm,0 - 10 mph,11 - 15 mph,16 - 20 mph,21 - 25 mph,26 - 30 mph,31 - 35 mph,36 - 40 mph,41 - 45 mph,46 - 50 mph,51 - 55 mph,56 - 60 mph,61 - 70 mph,71 - 80 mph,80+ mph,Avg mph,Total Volume
M4/2156B,02/04/2025 00:00:00,00:14:00,0,83,6,2,7,,,,,,,,,,,,,,,37,98
M4/2156B,02/04/2025 00:00:00,00:29:00,1,80,7,3,0,,,,,,,,,,,,,,,37,90
M4/2156B,02/04/2025 00:00:00,00:44:00,2,83,5,3,4,,,,,,,,,,,,,,,36,95
M4/2156B,02/04/2025 00:00:00,00:59:00,3,55,5,4,3,,,,,,,,,,,,,,,36,67
M4/2156B,02/04/2025 00:00:00,01:14:00,4,53,5,8,4,,,,,,,,,,,,,,,36,70
M4/2156B,02/04/2025 00:00:00,01:29:00,5,38,5,1,5,,,,,,,,,,,,,,,35,49
M4/2156B,02/04/2025 00:00:00,01:44:00,6,37,7,3,4,,,,,,,,,,,,,,,36,51
M4/2156B,02/04/2025 00:00:00,01:59:00,7,31,8,3,7,,,,,,,,,,,,,,,36,49
M4/2156B,02/04/2025 00:00:00,02:14:00,8,33,12,2,3,,,,,,,,,,,,,,,36,50
M4/2156B,02/04/2025 00:00:00,02:29:00,9,32,6,2,4,,,,,,,,,,,,,,,35,44
M4/2156B,02/04/2025 00:00:00,02:44:00,10,45,2,3,3,,,,,,,,,,,,,,,36,53
M4/2156B,02/04/2025 00:00:00,02:59:00,11,36,4,7,4,,,,,,,,,,,,,,,35,51
M4/2156B,02/04/2025 00:00:00,03:14:00,12,31,9,2,2,,,,,,,,,,,,,,,38,44
M4/2156B,02/04/2025 00:00:00,03:29:00,13,38,7,9,6,,,,,,,,,,,,,,,37,60
M4/2156B,02/04/2025 00:00:00,03:44:00,14,41,7,7,2,,,,,,,,,,,,,,,37,57
M4/2156B,02/04/2025 00:00:00,03:59:00,15,53,7,6,4,,,,,,,,,,,,,,,36,70
M4/2156B,02/04/2025 00:00:00,04:14:00,16,76,5,12,6,,,,,,,,,,,,,,,36,99
M4/2156B,02/04/2025 00:00:00,04:29:00,17,75,17,18,4,,,,,,,,,,,,,,,37,114
M4/2156B,02/04/2025 00:00:00,04:44:00,18,124,16,19,4,,,,,,,,,,,,,,,35,163
M4/2156B,02/04/2025 00:00:00,04:59:00,19,140,9,25,7,,,,,,,,,,,,,,,35,181
M4/2156B,02/04/2025 00:00:00,05:14:00,20,163,12,25,6,,,,,,,,,,,,,,,35,206
M4/2156B,02/04/2025 00:00:00,05:29:00,21,225,27,28,11,,,,,,,,,,,,,,,34,291
M4/2156B,02/04/2025 00:00:00,05:44:00,22,290,18,29,9,,,,,,,,,,,,,,,34,346
M4/2156B,02/04/2025 00:00:00,05:59:00,23,410,30,33,12,,,,,,,,,,,,,,,33,485
M4/2156B,02/04/2025 00:00:00,06:14:00,24,592,41,43,14,,,,,,,,,,,,,,,31,690
M4/2156B,02/04/2025 00:00:00,06:29:00,25,700,38,52,16,,,,,,,,,,,,,,,25,806
M4/2156B,02/04/2025 00:00:00,06:44:00,26,597,60,43,14,,,,,,,,,,,,,,,21,714
M4/2156B,02/04/2025 00:00:00,06:59:00,27,644,47,43,13,,,,,,,,,,,,,,,21,747
M4/2156B,02/04/2025 00:00:00,07:14:00,28,501,47,41,18,,,,,,,,,,,,,,,15,607
M4/2156B,02/04/2025 00:00:00,07:29:00,29,543,40,44,15,,,,,,,,,,,,,,,16,642
M4/2156B,02/04/2025 00:00:00,07:44:00,30,593,38,49,17,,,,,,,,,,,,,,,19,697
M4/2156B,02/04/2025 00:00:00,07:59:00,31,572,47,42,17,,,,,,,,,,,,,,,18,678
M4/2156B,02/04/2025 00:00:00,08:14:00,32,612,39,32,18,,,,,,,,,,,,,,,20,701
M4/2156B,02/04/2025 00:00:00,08:29:00,33,654,39,36,8,,,,,,,,,,,,,,,21,737
M4/2156B,02/04/2025 00:00:00,08:44:00,34,636,33,35,19,,,,,,,,,,,,,,,20,723
M4/2156B,02/04/2025 00:00:00,08:59:00,35,671,41,32,7,,,,,,,,,,,,,,,22,751
M4/2156B,02/04/2025 00:00:00,09:14:00,36,635,50,35,12,,,,,,,,,,,,,,,19,732
M4/2156B,02/04/2025 00:00:00,09:29:00,37,627,36,46,10,,,,,,,,,,,,,,,20,719
M4/2156B,02/04/2025 00:00:00,09:44:00,38,650,48,30,12,,,,,,,,,,,,,,,25,740
M4/2156B,02/04/2025 00:00:00,09:59:00,39,619,32,30,18,,,,,,,,,,,,,,,24,699
M4/2156B,02/04/2025 00:00:00,10:14:00,40,611,32,34,18,,,,,,,,,,,,,,,22,695
M4/2156B,02/04/2025 00:00:00,10:29:00,41,576,36,47,8,,,,,,,,,,,,,,,24,667
M4/2156B,02/04/2025 00:00:00,10:44:00,42,597,29,31,20,,,,,,,,,,,,,,,23,677
M4/2156B,02/04/2025 00:00:00,10:59:00,43,536,38,26,14,,,,,,,,,,,,,,,29,614
M4/2156B,02/04/2025 00:00:00,11:14:00,44,561,37,27,6,,,,,,,,,,,,,,,32,631
M4/2156B,02/04/2025 00:00:00,11:29:00,45,553,22,27,14,,,,,,,,,,,,,,,31,616
M4/2156B,02/04/2025 00:00:00,11:44:00,46,579,31,33,15,,,,,,,,,,,,,,,30,658
M4/2156B,02/04/2025 00:00:00,11:59:00,47,621,31,29,12,,,,,,,,,,,,,,,29,693
M4/2156B,02/04/2025 00:00:00,12:14:00,48,560,31,20,12,,,,,,,,,,,,,,,32,623
M4/2156B,02/04/2025 00:00:00,12:29:00,49,548,34,31,8,,,,,,,,,,,,,,,31,621
M4/2156B,02/04/2025 00:00:00,12:44:00,50,572,31,32,7,,,,,,,,,,,,,,,31,642
M4/2156B,02/04/2025 00:00:00,12:59:00,51,533,36,36,7,,,,,,,,,,,,,,,31,612
M4/2156B,02/04/2025 00:00:00,13:14:00,52,555,28,23,21,,,,,,,,,,,,,,,32,627
M4/2156B,02/04/2025 00:00:00,13:29:00,53,530,26,25,6,,,,,,,,,,,,,,,32,587
M4/2156B,02/04/2025 00:00:00,13:44:00,54,558,34,17,14,,,,,,,,,,,,,,,32,623
M4/2156B,02/04/2025 00:00:00,13:59:00,55,527,28,22,10,,,,,,,,,,,,,,,32,587
M4/2156B,02/04/2025 00:00:00,14:14:00,56,483,24,20,9,,,,,,,,,,,,,,,33,536
M4/2156B,02/04/2025 00:00:00,14:29:00,57,511,30,18,6,,,,,,,,,,,,,,,33,565
M4/2156B,02/04/2025 00:00:00,14:44:00,58,526,25,12,8,,,,,,,,,,,,,,,32,571
M4/2156B,02/04/2025 00:00:00,14:59:00,59,549,32,19,10,,,,,,,,,,,,,,,32,610
M4/2156B,02/04/2025 00:00:00,15:14:00,60,551,20,10,10,,,,,,,,,,,,,,,32,591
M4/2156B,02/04/2025 00:00:00,15:29:00,61,609,33,17,11,,,,,,,,,,,,,,,30,670
M4/2156B,02/04/2025 00:00:00,15:44:00,62,579,25,16,10,,,,,,,,,,,,,,,31,630
M4/2156B,02/04/2025 00:00:00,15:59:00,63,593,22,15,5,,,,,,,,,,,,,,,32,635
M4/2156B,02/04/2025 00:00:00,16:14:00,64,575,13,17,9,,,,,,,,,,,,,,,32,614
M4/2156B,02/04/2025 00:00:00,16:29:00,65,669,18,13,4,,,,,,,,,,,,,,,29,704
M4/2156B,02/04/2025 00:00:00,16:44:00,66,662,27,5,7,,,,,,,,,,,,,,,30,701
M4/2156B,02/04/2025 00:00:00,16:59:00,67,722,19,15,14,,,,,,,,,,,,,,,25,770
M4/2156B,02/04/2025 00:00:00,17:14:00,68,700,25,10,10,,,,,,,,,,,,,,,28,745
M4/2156B,02/04/2025 00:00:00,17:29:00,69,723,21,9,14,,,,,,,,,,,,,,,26,767
M4/2156B,02/04/2025 00:00:00,17:44:00,70,707,13,11,7,,,,,,,,,,,,,,,29,738
M4/2156B,02/04/2025 00:00:00,17:59:00,71,694,19,18,7,,,,,,,,,,,,,,,21,738
M4/2156B,02/04/2025 00:00:00,18:14:00,72,720,17,5,9,,,,,,,,,,,,,,,25,751
M4/2156B,02/04/2025 00:00:00,18:29:00,73,719,16,4,9,,,,,,,,,,,,,,,24,748
M4/2156B,02/04/2025 00:00:00,18:44:00,74,712,9,7,10,,,,,,,,,,,,,,,25,738
M4/2156B,02/04/2025 00:00:00,18:59:00,75,718,10,6,16,,,,,,,,,,,,,,,24,750
M4/2156B,02/04/2025 00:00:00,19:14:00,76,713,7,11,10,,,,,,,,,,,,,,,20,741
M4/2156B,02/04/2025 00:00:00,19:29:00,77,680,14,12,9,,,,,,,,,,,,,,,24,715
M4/2156B,02/04/2025 00:00:00,19:44:00,78,657,17,10,12,,,,,,,,,,,,,,,26,696
M4/2156B,02/04/2025 00:00:00,19:59:00,79,581,8,15,10,,,,,,,,,,,,,,,31,614
M4/2156B,02/04/2025 00:00:00,20:14:00,80,571,14,6,6,,,,,,,,,,,,,,,30,598
M4/2156B,02/04/2025 00:00:00,20:29:00,81,509,11,7,12,,,,,,,,,,,,,,,31,539
M4/2156B,02/04/2025 00:00:00,20:44:00,82,437,10,11,8,,,,,,,,,,,,,,,32,466
M4/2156B,02/04/2025 00:00:00,20:59:00,83,397,15,12,7,,,,,,,,,,,,,,,33,431
M4/2156B,02/04/2025 00:00:00,21:14:00,84,414,12,7,7,,,,,,,,,,,,,,,33,440
M4/2156B,02/04/2025 00:00:00,21:29:00,85,369,13,4,4,,,,,,,,,,,,,,,33,390
M4/2156B,02/04/2025 00:00:00,21:44:00,86,371,12,5,6,,,,,,,,,,,,,,,33,394
M4/2156B,02/04/2025 00:00:00,21:59:00,87,292,9,4,6,,,,,,,,,,,,,,,33,311
M4/2156B,02/04/2025 00:00:00,22:14:00,88,335,5,7,4,,,,,,,,,,,,,,,34,351
M4/2156B,02/04/2025 00:00:00,22:29:00,89,278,8,9,6,,,,,,,,,,,,,,,34,301
M4/2156B,02/04/2025 00:00:00,22:44:00,90,244,6,7,1,,,,,,,,,,,,,,,34,258
M4/2156B,02/04/2025 00:00:00,22:59:00,91,212,4,5,6,,,,,,,,,,,,,,,34,227
M4/2156B,02/04/2025 00:00:00,23:14:00,92,244,4,6,1,,,,,,,,,,,,,,,34,255
M4/2156B,02/04/2025 00:00:00,23:29:00,93,195,10,4,1,,,,,,,,,,,,,,,34,210
M4/2156B,02/04/2025 00:00:00,23:44:00,94,135,13,5,6,,,,,,,,,,,,,,,35,159
M4/2156B,02/04/2025 00:00:00,23:59:00,95,136,13,3,4,,,,,,,,,,,,,,,35,156
M4/2156B,03/04/2025 00:00:00,00:14:00,0,100,4,3,3,,,,,,,,,,,,,,,36,110
M4/2156B,03/04/2025 00:00:00,00:29:00,1,72,6,4,2,,,,,,,,,,,,,,,36,84
M4/2156B,03/04/2025 00:00:00,00:44:00,2,77,6,5,2,,,,,,,,,,,,,,,34,90
M4/2156B,03/04/2025 00:00:00,00:59:00,3,63,2,4,3,,,,,,,,,,,,,,,36,72
M4/2156B,03/04/2025 00:00:00,01:14:00,4,58,2,4,3,,,,,,,,,,,,,,,37,68
M4/2156B,03/04/2025 00:00:00,01:29:00,5,52,4,3,2,,,,,,,,,,,,,,,36,61
M4/2156B,03/04/2025 00:00:00,01:44:00,6,51,5,2,4,,,,,,,,,,,,,,,35,62
M4/2156B,03/04/2025 00:00:00,01:59:00,7,30,3,3,2,,,,,,,,,,,,,,,36,38
M4/2156B,03/04/2025 00:00:00,02:14:00,8,43,1,6,3,,,,,,,,,,,,,,,36,53
M4/2156B,03/04/2025 00:00:00,02:29:00,9,30,4,5,2,,,,,,,,,,,,,,,36,41
M4/2156B,03/04/2025 00:00:00,02:44:00,10,33,6,2,4,,,,,,,,,,,,,,,36,45
M4/2156B,03/04/2025 00:00:00,02:59:00,11,43,4,1,2,,,,,,,,,,,,,,,37,50
M4/2156B,03/04/2025 00:00:00,03:14:00,12,30,6,8,2,,,,,,,,,,,,,,,37,46
M4/2156B,03/04/2025 00:00:00,03:29:00,13,42,7,5,2,,,,,,,,,,,,,,,38,56
M4/2156B,03/04/2025 00:00:00,03:44:00,14,51,8,7,1,,,,,,,,,,,,,,,37,67
M4/2156B,03/04/2025 00:00:00,03:59:00,15,69,15,6,1,,,,,,,,,,,,,,,35,91
M4/2156B,03/04/2025 00:00:00,04:14:00,16,74,4,6,6,,,,,,,,,,,,,,,35,90
M4/2156B,03/04/2025 00:00:00,04:29:00,17,95,11,18,4,,,,,,,,,,,,,,,35,128
M4/2156B,03/04/2025 00:00:00,04:44:00,18,131,24,11,3,,,,,,,,,,,,,,,34,169
M4/2156B,03/04/2025 00:00:00,04:59:00,19,138,16,22,13,,,,,,,,,,,,,,,34,189
M4/2156B,03/04/2025 00:00:00,05:14:00,20,207,14,28,6,,,,,,,,,,,,,,,34,255
M4/2156B,03/04/2025 00:00:00,05:29:00,21,216,17,16,8,,,,,,,,,,,,,,,34,257
M4/2156B,03/04/2025 00:00:00,05:44:00,22,295,30,25,7,,,,,,,,,,,,,,,34,357
M4/2156B,03/04/2025 00:00:00,05:59:00,23,384,26,39,9,,,,,,,,,,,,,,,33,458
M4/2156B,03/04/2025 00:00:00,06:14:00,24,611,43,35,20,,,,,,,,,,,,,,,30,709
M4/2156B,03/04/2025 00:00:00,06:29:00,25,673,40,47,13,,,,,,,,,,,,,,,21,773
M4/2156B,03/04/2025 00:00:00,06:44:00,26,640,41,47,18,,,,,,,,,,,,,,,24,746
M4/2156B,03/04/2025 00:00:00,06:59:00,27,604,45,53,18,,,,,,,,,,,,,,,23,720
M4/2156B,03/04/2025 00:00:00,07:14:00,28,517,43,48,16,,,,,,,,,,,,,,,17,624
M4/2156B,03/04/2025 00:00:00,07:29:00,29,572,43,38,16,,,,,,,,,,,,,,,19,669
M4/2156B,03/04/2025 00:00:00,07:44:00,30,559,39,43,18,,,,,,,,,,,,,,,15,659
M4/2156B,03/04/2025 00:00:00,07:59:00,31,643,42,35,17,,,,,,,,,,,,,,,20,737
M4/2156B,03/04/2025 00:00:00,08:14:00,32,601,38,31,14,,,,,,,,,,,,,,,18,684
M4/2156B,03/04/2025 00:00:00,08:29:00,33,625,37,33,17,,,,,,,,,,,,,,,20,712
M4/2156B,03/04/2025 00:00:00,08:44:00,34,607,47,40,11,,,,,,,,,,,,,,,18,705
M4/2156B,03/04/2025 00:00:00,08:59:00,35,634,44,49,9,,,,,,,,,,,,,,,19,736
M4/2156B,03/04/2025 00:00:00,09:14:00,36,585,43,42,19,,,,,,,,,,,,,,,18,689
M4/2156B,03/04/2025 00:00:00,09:29:00,37,639,40,34,13,,,,,,,,,,,,,,,23,726
M4/2156B,03/04/2025 00:00:00,09:44:00,38,602,28,34,10,,,,,,,,,,,,,,,17,674
M4/2156B,03/04/2025 00:00:00,09:59:00,39,580,34,45,17,,,,,,,,,,,,,,,22,676
M4/2156B,03/04/2025 00:00:00,10:14:00,40,584,29,46,17,,,,,,,,,,,,,,,24,676
M4/2156B,03/04/2025 00:00:00,10:29:00,41,611,30,29,8,,,,,,,,,,,,,,,23,678
M4/2156B,03/04/2025 00:00:00,10:44:00,42,594,36,26,20,,,,,,,,,,,,,,,24,676
M4/2156B,03/04/2025 00:00:00,10:59:00,43,593,36,26,13,,,,,,,,,,,,,,,23,668
M4/2156B,03/04/2025 00:00:00,11:14:00,44,577,38,27,16,,,,,,,,,,,,,,,27,658
M4/2156B,03/04/2025 00:00:00,11:29:00,45,474,27,22,10,,,,,,,,,,,,,,,32,533
M4/2156B,03/04/2025 00:00:00,11:44:00,46,518,36,24,9,,,,,,,,,,,,,,,32,587
M4/2156B,03/04/2025 00:00:00,11:59:00,47,587,36,25,14,,,,,,,,,,,,,,,32,662
M4/2156B,03/04/2025 00:00:00,12:14:00,48,534,30,36,12,,,,,,,,,,,,,,,32,612
M4/2156B,03/04/2025 00:00:00,12:29:00,49,562,24,34,6,,,,,,,,,,,,,,,31,626
M4/2156B,03/04/2025 00:00:00,12:44:00,50,593,24,28,14,,,,,,,,,,,,,,,30,659
M4/2156B,03/04/2025 00:00:00,12:59:00,51,506,38,13,10,,,,,,,,,,,,,,,32,567
M4/2156B,03/04/2025 00:00:00,13:14:00,52,517,24,11,8,,,,,,,,,,,,,,,32,560
M4/2156B,03/04/2025 00:00:00,13:29:00,53,520,26,21,12,,,,,,,,,,,,,,,31,579
M4/2156B,03/04/2025 00:00:00,13:44:00,54,561,36,35,10,,,,,,,,,,,,,,,30,642
M4/2156B,03/04/2025 00:00:00,13:59:00,55,553,24,23,6,,,,,,,,,,,,,,,32,606
M4/2156B,03/04/2025 00:00:00,14:14:00,56,535,24,29,14,,,,,,,,,,,,,,,31,602
M4/2156B,03/04/2025 00:00:00,14:29:00,57,558,17,20,14,,,,,,,,,,,,,,,31,609
M4/2156B,03/04/2025 00:00:00,14:44:00,58,549,28,24,10,,,,,,,,,,,,,,,31,611
M4/2156B,03/04/2025 00:00:00,14:59:00,59,570,22,11,9,,,,,,,,,,,,,,,32,612
M4/2156B,03/04/2025 00:00:00,15:14:00,60,618,24,15,10,,,,,,,,,,,,,,,30,667
M4/2156B,03/04/2025 00:00:00,15:29:00,61,644,35,13,4,,,,,,,,,,,,,,,29,696
M4/2156B,03/04/2025 00:00:00,15:44:00,62,652,29,13,4,,,,,,,,,,,,,,,31,698
M4/2156B,03/04/2025 00:00:00,15:59:00,63,657,21,17,7,,,,,,,,,,,,,,,31,702
M4/2156B,03/04/2025 00:00:00,16:14:00,64,661,32,15,12,,,,,,,,,,,,,,,30,720
M4/2156B,03/04/2025 00:00:00,16:29:00,65,711,24,12,8,,,,,,,,,,,,,,,29,755
M4/2156B,03/04/2025 00:00:00,16:44:00,66,727,21,16,9,,,,,,,,,,,,,,,27,773
M4/2156B,03/04/2025 00:00:00,16:59:00,67,678,25,11,12,,,,,,,,,,,,,,,24,726
M4/2156B,03/04/2025 00:00:00,17:14:00,68,699,13,8,7,,,,,,,,,,,,,,,23,727
M4/2156B,03/04/2025 00:00:00,17:29:00,69,692,16,11,7,,,,,,,,,,,,,,,25,726
M4/2156B,03/04/2025 00:00:00,17:44:00,70,730,12,13,9,,,,,,,,,,,,,,,23,763
M4/2156B,03/04/2025 00:00:00,17:59:00,71,716,9,14,8,,,,,,,,,,,,,,,25,747
M4/2156B,03/04/2025 00:00:00,18:14:00,72,709,14,8,7,,,,,,,,,,,,,,,23,738
M4/2156B,03/04/2025 00:00:00,18:29:00,73,720,16,10,10,,,,,,,,,,,,,,,25,756
M4/2156B,03/04/2025 00:00:00,18:44:00,74,729,11,5,8,,,,,,,,,,,,,,,26,753
M4/2156B,03/04/2025 00:00:00,18:59:00,75,730,12,9,12,,,,,,,,,,,,,,,27,763
M4/2156B,03/04/2025 00:00:00,19:14:00,76,691,13,14,11,,,,,,,,,,,,,,,25,729
M4/2156B,03/04/2025 00:00:00,19:29:00,77,587,12,20,7,,,,,,,,,,,,,,,29,626
M4/2156B,03/04/2025 00:00:00,19:44:00,78,529,15,7,10,,,,,,,,,,,,,,,31,561
M4/2156B,03/04/2025 00:00:00,19:59:00,79,475,9,5,7,,,,,,,,,,,,,,,32,496
M4/2156B,03/04/2025 00:00:00,20:14:00,80,530,8,10,8,,,,,,,,,,,,,,,32,556
M4/2156B,03/04/2025 00:00:00,20:29:00,81,468,13,3,4,,,,,,,,,,,,,,,32,488
M4/2156B,03/04/2025 00:00:00,20:44:00,82,472,9,7,12,,,,,,,,,,,,,,,32,500
M4/2156B,03/04/2025 00:00:00,20:59:00,83,441,7,14,5,,,,,,,,,,,,,,,33,467
M4/2156B,03/04/2025 00:00:00,21:14:00,84,408,9,11,7,,,,,,,,,,,,,,,33,435
M4/2156B,03/04/2025 00:00:00,21:29:00,85,409,7,9,6,,,,,,,,,,,,,,,33,431
M4/2156B,03/04/2025 00:00:00,21:44:00,86,377,8,12,7,,,,,,,,,,,,,,,33,404
M4/2156B,03/04/2025 00:00:00,21:59:00,87,326,8,8,4,,,,,,,,,,,,,,,33,346
M4/2156B,03/04/2025 00:00:00,22:14:00,88,335,5,7,7,,,,,,,,,,,,,,,34,354
M4/2156B,03/04/2025 00:00:00,22:29:00,89,358,5,4,4,,,,,,,,,,,,,,,34,371
M4/2156B,03/04/2025 00:00:00,22:44:00,90,284,3,3,1,,,,,,,,,,,,,,,34,291
M4/2156B,03/04/2025 00:00:00,22:59:00,91,276,7,5,6,,,,,,,,,,,,,,,33,294
M4/2156B,03/04/2025 00:00:00,23:14:00,92,240,7,4,4,,,,,,,,,,,,,,,35,255
M4/2156B,03/04/2025 00:00:00,23:29:00,93,227,4,3,2,,,,,,,,,,,,,,,35,236
M4/2156B,03/04/2025 00:00:00,23:44:00,94,157,9,3,7,,,,,,,,,,,,,,,35,176
M4/2156B,03/04/2025 00:00:00,23:59:00,95,131,11,5,7,,,,,,,,,,,,,,,34,154
M4/2156B,04/04/2025 00:00:00,00:14:00,0,100,5,6,6,,,,,,,,,,,,,,,36,117
M4/2156B,04/04/2025 00:00:00,00:29:00,1,114,5,5,6,,,,,,,,,,,,,,,34,130
M4/2156B,04/04/2025 00:00:00,00:44:00,2,86,4,2,4,,,,,,,,,,,,,,,36,96
M4/2156B,04/04/2025 00:00:00,00:59:00,3,92,6,7,4,,,,,,,,,,,,,,,35,109
M4/2156B,04/04/2025 00:00:00,01:14:00,4,68,5,4,7,,,,,,,,,,,,,,,36,84
M4/2156B,04/04/2025 00:00:00,01:29:00,5,61,5,6,4,,,,,,,,,,,,,,,37,76
M4/2156B,04/04/2025 00:00:00,01:44:00,6,71,8,4,8,,,,,,,,,,,,,,,36,91
M4/2156B,04/04/2025 00:00:00,01:59:00,7,38,4,4,4,,,,,,,,,,,,,,,36,50
M4/2156B,04/04/2025 00:00:00,02:14:00,8,38,8,8,7,,,,,,,,,,,,,,,36,61
M4/2156B,04/04/2025 00:00:00,02:29:00,9,34,5,3,7,,,,,,,,,,,,,,,36,49
M4/2156B,04/04/2025 00:00:00,02:44:00,10,50,7,5,6,,,,,,,,,,,,,,,36,68
M4/2156B,04/04/2025 00:00:00,02:59:00,11,47,4,7,6,,,,,,,,,,,,,,,35,64
M4/2156B,04/04/2025 00:00:00,03:14:00,12,46,9,8,7,,,,,,,,,,,,,,,36,70
M4/2156B,04/04/2025 00:00:00,03:29:00,13,43,4,8,2,,,,,,,,,,,,,,,36,57
M4/2156B,04/04/2025 00:00:00,03:44:00,14,62,9,9,6,,,,,,,,,,,,,,,35,86
M4/2156B,04/04/2025 00:00:00,03:59:00,15,80,11,10,7,,,,,,,,,,,,,,,36,108
M4/2156B,04/04/2025 00:00:00,04:14:00,16,71,9,5,6,,,,,,,,,,,,,,,35,91
M4/2156B,04/04/2025 00:00:00,04:29:00,17,104,21,17,12,,,,,,,,,,,,,,,36,154
M4/2156B,04/04/2025 00:00:00,04:44:00,18,120,5,18,7,,,,,,,,,,,,,,,35,150
M4/2156B,04/04/2025 00:00:00,04:59:00,19,148,12,18,9,,,,,,,,,,,,,,,35,187
M4/2156B,04/04/2025 00:00:00,05:14:00,20,173,16,22,8,,,,,,,,,,,,,,,34,219
M4/2156B,04/04/2025 00:00:00,05:29:00,21,237,20,25,12,,,,,,,,,,,,,,,34,294
M4/2156B,04/04/2025 00:00:00,05:44:00,22,263,28,26,13,,,,,,,,,,,,,,,34,330
M4/2156B,04/04/2025 00:00:00,05:59:00,23,346,29,40,13,,,,,,,,,,,,,,,33,428
M4/2156B,04/04/2025 00:00:00,06:14:00,24,537,31,44,13,,,,,,,,,,,,,,,31,625
M4/2156B,04/04/2025 00:00:00,06:29:00,25,627,40,66,24,,,,,,,,,,,,,,,23,757
M4/2156B,04/04/2025 00:00:00,06:44:00,26,634,49,47,17,,,,,,,,,,,,,,,24,747
M4/2156B,04/04/2025 00:00:00,06:59:00,27,635,47,56,19,,,,,,,,,,,,,,,25,757
M4/2156B,04/04/2025 00:00:00,07:14:00,28,606,45,45,18,,,,,,,,,,,,,,,21,714
M4/2156B,04/04/2025 00:00:00,07:29:00,29,596,43,60,15,,,,,,,,,,,,,,,18,714
M4/2156B,04/04/2025 00:00:00,07:44:00,30,598,44,37,16,,,,,,,,,,,,,,,19,695
M4/2156B,04/04/2025 00:00:00,07:59:00,31,598,46,44,13,,,,,,,,,,,,,,,19,701
M4/2156B,04/04/2025 00:00:00,08:14:00,32,629,38,41,20,,,,,,,,,,,,,,,21,728
M4/2156B,04/04/2025 00:00:00,08:29:00,33,611,34,47,16,,,,,,,,,,,,,,,21,708
M4/2156B,04/04/2025 00:00:00,08:44:00,34,610,45,33,18,,,,,,,,,,,,,,,25,706
M4/2156B,04/04/2025 00:00:00,08:59:00,35,594,44,39,10,,,,,,,,,,,,,,,20,687
M4/2156B,04/04/2025 00:00:00,09:14:00,36,632,39,45,12,,,,,,,,,,,,,,,24,728
M4/2156B,04/04/2025 00:00:00,09:29:00,37,589,45,43,8,,,,,,,,,,,,,,,22,685
M4/2156B,04/04/2025 00:00:00,09:44:00,38,580,36,32,16,,,,,,,,,,,,,,,20,664
M4/2156B,04/04/2025 00:00:00,09:59:00,39,597,27,37,16,,,,,,,,,,,,,,,23,677
M4/2156B,04/04/2025 00:00:00,10:14:00,40,617,28,26,16,,,,,,,,,,,,,,,24,687
M4/2156B,04/04/2025 00:00:00,10:29:00,41,604,43,30,12,,,,,,,,,,,,,,,25,689
M4/2156B,04/04/2025 00:00:00,10:44:00,42,627,31,17,16,,,,,,,,,,,,,,,24,691
M4/2156B,04/04/2025 00:00:00,10:59:00,43,582,26,35,8,,,,,,,,,,,,,,,27,651
M4/2156B,04/04/2025 00:00:00,11:14:00,44,486,26,22,8,,,,,,,,,,,,,,,32,542
M4/2156B,04/04/2025 00:00:00,11:29:00,45,583,35,24,12,,,,,,,,,,,,,,,30,654
M4/2156B,04/04/2025 00:00:00,11:44:00,46,538,32,22,12,,,,,,,,,,,,,,,32,604
M4/2156B,04/04/2025 00:00:00,11:59:00,47,530,30,23,8,,,,,,,,,,,,,,,32,591
M4/2156B,04/04/2025 00:00:00,12:14:00,48,527,28,20,11,,,,,,,,,,,,,,,32,586
M4/2156B,04/04/2025 00:00:00,12:29:00,49,555,28,23,15,,,,,,,,,,,,,,,32,621
M4/2156B,04/04/2025 00:00:00,12:44:00,50,517,23,18,7,,,,,,,,,,,,,,,33,565
M4/2156B,04/04/2025 00:00:00,12:59:00,51,516,27,18,6,,,,,,,,,,,,,,,33,567
M4/2156B,04/04/2025 00:00:00,13:14:00,52,542,23,21,8,,,,,,,,,,,,,,,31,594
M4/2156B,04/04/2025 00:00:00,13:29:00,53,605,25,19,13,,,,,,,,,,,,,,,30,662
M4/2156B,04/04/2025 00:00:00,13:44:00,54,524,23,23,7,,,,,,,,,,,,,,,32,577
M4/2156B,04/04/2025 00:00:00,13:59:00,55,592,39,30,8,,,,,,,,,,,,,,,25,669
M4/2156B,04/04/2025 00:00:00,14:14:00,56,551,18,17,8,,,,,,,,,,,,,,,28,594
M4/2156B,04/04/2025 00:00:00,14:29:00,57,583,16,16,5,,,,,,,,,,,,,,,32,620
M4/2156B,04/04/2025 00:00:00,14:44:00,58,598,28,15,16,,,,,,,,,,,,,,,30,657
M4/2156B,04/04/2025 00:00:00,14:59:00,59,651,16,12,7,,,,,,,,,,,,,,,31,686
M4/2156B,04/04/2025 00:00:00,15:14:00,60,613,20,20,10,,,,,,,,,,,,,,,31,663
M4/2156B,04/04/2025 00:00:00,15:29:00,61,694,24,12,8,,,,,,,,,,,,,,,26,738
M4/2156B,04/04/2025 00:00:00,15:44:00,62,709,17,19,13,,,,,,,,,,,,,,,27,758
M4/2156B,04/04/2025 00:00:00,15:59:00,63,617,29,18,6,,,,,,,,,,,,,,,20,670
M4/2156B,04/04/2025 00:00:00,16:14:00,64,676,23,11,14,,,,,,,,,,,,,,,24,724
M4/2156B,04/04/2025 00:00:00,16:29:00,65,690,12,8,7,,,,,,,,,,,,,,,25,717
M4/2156B,04/04/2025 00:00:00,16:44:00,66,708,12,11,8,,,,,,,,,,,,,,,22,738
M4/2156B,04/04/2025 00:00:00,16:59:00,67,702,22,11,8,,,,,,,,,,,,,,,24,743
M4/2156B,04/04/2025 00:00:00,17:14:00,68,707,20,9,8,,,,,,,,,,,,,,,24,744
M4/2156B,04/04/2025 00:00:00,17:29:00,69,708,21,9,12,,,,,,,,,,,,,,,24,750
M4/2156B,04/04/2025 00:00:00,17:44:00,70,730,18,9,14,,,,,,,,,,,,,,,25,771
M4/2156B,04/04/2025 00:00:00,17:59:00,71,691,6,10,5,,,,,,,,,,,,,,,28,712
M4/2156B,04/04/2025 00:00:00,18:14:00,72,694,15,11,6,,,,,,,,,,,,,,,31,726
M4/2156B,04/04/2025 00:00:00,18:29:00,73,652,17,9,4,,,,,,,,,,,,,,,30,682
M4/2156B,04/04/2025 00:00:00,18:44:00,74,684,11,5,8,,,,,,,,,,,,,,,30,708
M4/2156B,04/04/2025 00:00:00,18:59:00,75,709,11,12,13,,,,,,,,,,,,,,,23,745
M4/2156B,04/04/2025 00:00:00,19:14:00,76,670,11,9,13,,,,,,,,,,,,,,,22,703
M4/2156B,04/04/2025 00:00:00,19:29:00,77,625,14,8,8,,,,,,,,,,,,,,,31,655
M4/2156B,04/04/2025 00:00:00,19:43:00,78,639,23,8,12,,,,,,,,,,,,,,,29,680
M4/2156B,04/04/2025 00:00:00,19:59:00,79,578,11,6,5,,,,,,,,,,,,,,,31,600
M4/2156B,04/04/2025 00:00:00,20:14:00,80,521,4,9,4,,,,,,,,,,,,,,,31,538
M4/2156B,04/04/2025 00:00:00,20:29:00,81,514,9,14,7,,,,,,,,,,,,,,,32,544
M4/2156B,04/04/2025 00:00:00,20:44:00,82,494,13,16,9,,,,,,,,,,,,,,,32,532
M4/2156B,04/04/2025 00:00:00,20:59:00,83,457,11,11,8,,,,,,,,,,,,,,,33,487
M4/2156B,04/04/2025 00:00:00,21:14:00,84,400,8,14,6,,,,,,,,,,,,,,,33,428
M4/2156B,04/04/2025 00:00:00,21:29:00,85,394,4,6,5,,,,,,,,,,,,,,,32,409
M4/2156B,04/04/2025 00:00:00,21:44:00,86,390,6,7,10,,,,,,,,,,,,,,,33,413
M4/2156B,04/04/2025 00:00:00,21:59:00,87,361,10,9,7,,,,,,,,,,,,,,,33,387
M4/2156B,04/04/2025 00:00:00,22:14:00,88,349,10,6,7,,,,,,,,,,,,,,,33,372
M4/2156B,04/04/2025 00:00:00,22:29:00,89,362,3,7,4,,,,,,,,,,,,,,,33,376
M4/2156B,04/04/2025 00:00:00,22:44:00,90,317,5,4,6,,,,,,,,,,,,,,,33,332
M4/2156B,04/04/2025 00:00:00,22:59:00,91,255,13,2,4,,,,,,,,,,,,,,,34,274
M4/2156B,04/04/2025 00:00:00,23:14:00,92,211,3,5,6,,,,,,,,,,,,,,,35,225
M4/2156B,04/04/2025 00:00:00,23:29:00,93,210,5,4,8,,,,,,,,,,,,,,,35,227
M4/2156B,04/04/2025 00:00:00,23:44:00,94,179,7,4,4,,,,,,,,,,,,,,,35,194
M4/2156B,04/04/2025 00:00:00,23:59:00,95,158,1,2,5,,,,,,,,,,,,,,,35,166
M4/2156B,05/04/2025 00:00:00,00:14:00,0,125,10,3,3,,,,,,,,,,,,,,,35,141
M4/2156B,05/04/2025 00:00:00,00:29:00,1,119,3,4,5,,,,,,,,,,,,,,,36,131
M4/2156B,05/04/2025 00:00:00,00:44:00,2,96,5,2,1,,,,,,,,,,,,,,,35,104
M4/2156B,05/04/2025 00:00:00,00:59:00,3,77,3,1,1,,,,,,,,,,,,,,,36,82
M4/2156B,05/04/2025 00:00:00,01:14:00,4,71,5,2,4,,,,,,,,,,,,,,,36,82
M4/2156B,05/04/2025 00:00:00,01:29:00,5,76,4,4,4,,,,,,,,,,,,,,,36,88
M4/2156B,05/04/2025 00:00:00,01:44:00,6,79,4,4,5,,,,,,,,,,,,,,,35,92
M4/2156B,05/04/2025 00:00:00,01:59:00,7,57,3,1,4,,,,,,,,,,,,,,,36,65
M4/2156B,05/04/2025 00:00:00,02:14:00,8,58,4,2,6,,,,,,,,,,,,,,,35,70
M4/2156B,05/04/2025 00:00:00,02:29:00,9,51,8,4,5,,,,,,,,,,,,,,,36,68
M4/2156B,05/04/2025 00:00:00,02:44:00,10,53,9,6,0,,,,,,,,,,,,,,,35,68
M4/2156B,05/04/2025 00:00:00,02:59:00,11,43,7,2,3,,,,,,,,,,,,,,,37,55
M4/2156B,05/04/2025 00:00:00,03:14:00,12,50,6,6,4,,,,,,,,,,,,,,,36,66
M4/2156B,05/04/2025 00:00:00,03:29:00,13,79,5,6,4,,,,,,,,,,,,,,,37,94
M4/2156B,05/04/2025 00:00:00,03:44:00,14,55,7,5,3,,,,,,,,,,,,,,,36,70
M4/2156B,05/04/2025 00:00:00,03:59:00,15,65,6,5,3,,,,,,,,,,,,,,,36,79
M4/2156B,05/04/2025 00:00:00,04:14:00,16,85,3,4,3,,,,,,,,,,,,,,,35,95
M4/2156B,05/04/2025 00:00:00,04:29:00,17,101,10,5,5,,,,,,,,,,,,,,,36,121
M4/2156B,05/04/2025 00:00:00,04:44:00,18,107,8,5,7,,,,,,,,,,,,,,,36,127
M4/2156B,05/04/2025 00:00:00,04:59:00,19,122,7,7,10,,,,,,,,,,,,,,,35,146
M4/2156B,05/04/2025 00:00:00,05:14:00,20,143,12,11,9,,,,,,,,,,,,,,,36,174
M4/2156B,05/04/2025 00:00:00,05:29:00,21,155,6,16,6,,,,,,,,,,,,,,,35,183
M4/2156B,05/04/2025 00:00:00,05:44:00,22,174,13,21,5,,,,,,,,,,,,,,,33,213
M4/2156B,05/04/2025 00:00:00,05:59:00,23,193,13,10,13,,,,,,,,,,,,,,,34,229
M4/2156B,05/04/2025 00:00:00,06:14:00,24,262,17,14,9,,,,,,,,,,,,,,,33,302
M4/2156B,05/04/2025 00:00:00,06:29:00,25,288,27,12,5,,,,,,,,,,,,,,,34,332
M4/2156B,05/04/2025 00:00:00,06:44:00,26,322,24,18,10,,,,,,,,,,,,,,,34,374
M4/2156B,05/04/2025 00:00:00,06:59:00,27,418,35,20,12,,,,,,,,,,,,,,,33,485
M4/2156B,05/04/2025 00:00:00,07:14:00,28,454,32,34,7,,,,,,,,,,,,,,,32,527
M4/2156B,05/04/2025 00:00:00,07:29:00,29,488,41,21,9,,,,,,,,,,,,,,,32,559
M4/2156B,05/04/2025 00:00:00,07:44:00,30,539,38,27,15,,,,,,,,,,,,,,,31,619
M4/2156B,05/04/2025 00:00:00,07:59:00,31,493,31,23,13,,,,,,,,,,,,,,,32,560
M4/2156B,05/04/2025 00:00:00,08:14:00,32,437,15,20,13,,,,,,,,,,,,,,,32,485
M4/2156B,05/04/2025 00:00:00,08:29:00,33,549,16,19,6,,,,,,,,,,,,,,,31,590
M4/2156B,05/04/2025 00:00:00,08:44:00,34,608,36,19,10,,,,,,,,,,,,,,,31,673
M4/2156B,05/04/2025 00:00:00,08:59:00,35,578,22,15,11,,,,,,,,,,,,,,,31,626
M4/2156B,05/04/2025 00:00:00,09:14:00,36,549,24,18,7,,,,,,,,,,,,,,,32,598
M4/2156B,05/04/2025 00:00:00,09:29:00,37,672,16,15,4,,,,,,,,,,,,,,,30,707
M4/2156B,05/04/2025 00:00:00,09:44:00,38,664,18,17,9,,,,,,,,,,,,,,,29,708
M4/2156B,05/04/2025 00:00:00,09:59:00,39,661,33,13,11,,,,,,,,,,,,,,,28,718
M4/2156B,05/04/2025 00:00:00,10:14:00,40,634,17,16,8,,,,,,,,,,,,,,,29,675
M4/2156B,05/04/2025 00:00:00,10:29:00,41,664,24,18,9,,,,,,,,,,,,,,,30,715
M4/2156B,05/04/2025 00:00:00,10:44:00,42,691,15,8,12,,,,,,,,,,,,,,,23,726
M4/2156B,05/04/2025 00:00:00,10:59:00,43,724,17,10,6,,,,,,,,,,,,,,,27,757
M4/2156B,05/04/2025 00:00:00,11:14:00,44,683,14,14,14,,,,,,,,,,,,,,,23,725
M4/2156B,05/04/2025 00:00:00,11:29:00,45,666,14,10,10,,,,,,,,,,,,,,,26,700
M4/2156B,05/04/2025 00:00:00,11:44:00,46,702,16,10,14,,,,,,,,,,,,,,,25,742
M4/2156B,05/04/2025 00:00:00,11:59:00,47,704,23,13,4,,,,,,,,,,,,,,,22,744
M4/2156B,05/04/2025 00:00:00,12:14:00,48,736,11,6,16,,,,,,,,,,,,,,,26,769
M4/2156B,05/04/2025 00:00:00,12:29:00,49,704,27,8,6,,,,,,,,,,,,,,,25,745
M4/2156B,05/04/2025 00:00:00,12:44:00,50,720,12,6,13,,,,,,,,,,,,,,,26,751
M4/2156B,05/04/2025 00:00:00,12:59:00,51,721,15,8,10,,,,,,,,,,,,,,,24,754
M4/2156B,05/04/2025 00:00:00,13:14:00,52,728,11,7,8,,,,,,,,,,,,,,,25,754
M4/2156B,05/04/2025 00:00:00,13:29:00,53,721,14,5,12,,,,,,,,,,,,,,,25,752
M4/2156B,05/04/2025 00:00:00,13:44:00,54,705,19,16,7,,,,,,,,,,,,,,,24,747
M4/2156B,05/04/2025 00:00:00,13:59:00,55,727,15,10,8,,,,,,,,,,,,,,,25,760
M4/2156B,05/04/2025 00:00:00,14:14:00,56,733,16,8,9,,,,,,,,,,,,,,,26,766
M4/2156B,05/04/2025 00:00:00,14:29:00,57,722,15,6,10,,,,,,,,,,,,,,,22,753
M4/2156B,05/04/2025 00:00:00,14:44:00,58,731,12,8,8,,,,,,,,,,,,,,,22,759
M4/2156B,05/04/2025 00:00:00,14:59:00,59,674,22,8,13,,,,,,,,,,,,,,,21,717
M4/2156B,05/04/2025 00:00:00,15:14:00,60,694,13,5,10,,,,,,,,,,,,,,,25,722
M4/2156B,05/04/2025 00:00:00,15:29:00,61,686,9,11,7,,,,,,,,,,,,,,,24,713
M4/2156B,05/04/2025 00:00:00,15:44:00,62,696,11,8,8,,,,,,,,,,,,,,,24,723
M4/2156B,05/04/2025 00:00:00,15:59:00,63,672,14,9,3,,,,,,,,,,,,,,,25,698
M4/2156B,05/04/2025 00:00:00,16:14:00,64,721,16,6,7,,,,,,,,,,,,,,,27,750
M4/2156B,05/04/2025 00:00:00,16:29:00,65,677,12,4,6,,,,,,,,,,,,,,,30,699
M4/2156B,05/04/2025 00:00:00,16:44:00,66,695,15,12,8,,,,,,,,,,,,,,,28,730
M4/2156B,05/04/2025 00:00:00,16:59:00,67,714,10,11,11,,,,,,,,,,,,,,,25,746
M4/2156B,05/04/2025 00:00:00,17:14:00,68,665,13,8,7,,,,,,,,,,,,,,,30,693
M4/2156B,05/04/2025 00:00:00,17:29:00,69,737,12,14,10,,,,,,,,,,,,,,,28,773
M4/2156B,05/04/2025 00:00:00,17:44:00,70,713,13,5,13,,,,,,,,,,,,,,,25,744
M4/2156B,05/04/2025 00:00:00,17:59:00,71,719,8,3,6,,,,,,,,,,,,,,,25,736
M4/2156B,05/04/2025 00:00:00,18:14:00,72,699,8,5,7,,,,,,,,,,,,,,,24,719
M4/2156B,05/04/2025 00:00:00,18:29:00,73,669,11,10,11,,,,,,,,,,,,,,,24,701
M4/2156B,05/04/2025 00:00:00,18:44:00,74,494,10,10,5,,,,,,,,,,,,,,,32,519
M4/2156B,05/04/2025 00:00:00,18:59:00,75,538,15,0,4,,,,,,,,,,,,,,,31,557
M4/2156B,05/04/2025 00:00:00,19:14:00,76,676,17,10,9,,,,,,,,,,,,,,,28,712
M4/2156B,05/04/2025 00:00:00,19:29:00,77,664,6,7,7,,,,,,,,,,,,,,,23,684
M4/2156B,05/04/2025 00:00:00,19:44:00,78,548,4,9,13,,,,,,,,,,,,,,,31,574
M4/2156B,05/04/2025 00:00:00,19:59:00,79,507,11,9,4,,,,,,,,,,,,,,,32,531
M4/2156B,05/04/2025 00:00:00,20:14:00,80,484,8,4,7,,,,,,,,,,,,,,,32,503
M4/2156B,05/04/2025 00:00:00,20:29:00,81,424,6,8,5,,,,,,,,,,,,,,,32,443
M4/2156B,05/04/2025 00:00:00,20:44:00,82,445,8,5,7,,,,,,,,,,,,,,,32,465
M4/2156B,05/04/2025 00:00:00,20:59:00,83,470,12,6,2,,,,,,,,,,,,,,,32,490
M4/2156B,05/04/2025 00:00:00,21:14:00,84,539,3,4,5,,,,,,,,,,,,,,,31,551
M4/2156B,05/04/2025 00:00:00,21:29:00,85,437,6,9,5,,,,,,,,,,,,,,,32,457
M4/2156B,05/04/2025 00:00:00,21:44:00,86,415,5,8,1,,,,,,,,,,,,,,,32,429
M4/2156B,05/04/2025 00:00:00,21:59:00,87,338,2,5,6,,,,,,,,,,,,,,,33,351
M4/2156B,05/04/2025 00:00:00,22:14:00,88,421,1,5,9,,,,,,,,,,,,,,,32,436
M4/2156B,05/04/2025 00:00:00,22:29:00,89,343,7,1,3,,,,,,,,,,,,,,,33,354
M4/2156B,05/04/2025 00:00:00,22:44:00,90,329,11,4,4,,,,,,,,,,,,,,,33,348
M4/2156B,05/04/2025 00:00:00,22:59:00,91,273,3,6,4,,,,,,,,,,,,,,,33,286
M4/2156B,05/04/2025 00:00:00,23:14:00,92,293,5,2,0,,,,,,,,,,,,,,,33,300
M4/2156B,05/04/2025 00:00:00,23:29:00,93,276,8,2,6,,,,,,,,,,,,,,,33,292
M4/2156B,05/04/2025 00:00:00,23:44:00,94,258,6,2,1,,,,,,,,,,,,,,,34,267
M4/2156B,05/04/2025 00:00:00,23:59:00,95,206,6,0,2,,,,,,,,,,,,,,,34,214
M4/2156B,06/04/2025 00:00:00,00:14:00,0,137,4,2,2,,,,,,,,,,,,,,,35,145
M4/2156B,06/04/2025 00:00:00,00:29:00,1,157,8,1,3,,,,,,,,,,,,,,,35,169
M4/2156B,06/04/2025 00:00:00,00:44:00,2,140,2,1,1,,,,,,,,,,,,,,,35,144
M4/2156B,06/04/2025 00:00:00,00:59:00,3,116,4,3,1,,,,,,,,,,,,,,,36,124
M4/2156B,06/04/2025 00:00:00,01:14:00,4,98,1,3,3,,,,,,,,,,,,,,,34,105
M4/2156B,06/04/2025 00:00:00,01:29:00,5,80,3,1,0,,,,,,,,,,,,,,,36,84
M4/2156B,06/04/2025 00:00:00,01:44:00,6,94,3,1,1,,,,,,,,,,,,,,,35,99
M4/2156B,06/04/2025 00:00:00,01:59:00,7,88,1,6,3,,,,,,,,,,,,,,,36,98
M4/2156B,06/04/2025 00:00:00,02:14:00,8,47,1,6,4,,,,,,,,,,,,,,,36,58
M4/2156B,06/04/2025 00:00:00,02:29:00,9,62,4,0,2,,,,,,,,,,,,,,,36,68
M4/2156B,06/04/2025 00:00:00,02:44:00,10,56,3,1,2,,,,,,,,,,,,,,,37,62
M4/2156B,06/04/2025 00:00:00,02:59:00,11,46,1,1,1,,,,,,,,,,,,,,,37,49
M4/2156B,06/04/2025 00:00:00,03:14:00,12,54,1,1,5,,,,,,,,,,,,,,,36,61
M4/2156B,06/04/2025 00:00:00,03:29:00,13,63,0,4,1,,,,,,,,,,,,,,,35,68
M4/2156B,06/04/2025 00:00:00,03:44:00,14,49,4,4,5,,,,,,,,,,,,,,,35,62
M4/2156B,06/04/2025 00:00:00,03:59:00,15,70,2,1,2,,,,,,,,,,,,,,,36,75
M4/2156B,06/04/2025 00:00:00,04:14:00,16,78,0,1,8,,,,,,,,,,,,,,,35,87
M4/2156B,06/04/2025 00:00:00,04:29:00,17,84,4,2,2,,,,,,,,,,,,,,,35,92
M4/2156B,06/04/2025 00:00:00,04:44:00,18,105,6,4,3,,,,,,,,,,,,,,,35,118
M4/2156B,06/04/2025 00:00:00,04:59:00,19,148,3,6,6,,,,,,,,,,,,,,,35,163
M4/2156B,06/04/2025 00:00:00,05:14:00,20,123,5,10,5,,,,,,,,,,,,,,,35,143
M4/2156B,06/04/2025 00:00:00,05:29:00,21,160,2,8,4,,,,,,,,,,,,,,,34,174
M4/2156B,06/04/2025 00:00:00,05:44:00,22,149,16,17,8,,,,,,,,,,,,,,,34,190
M4/2156B,06/04/2025 00:00:00,05:59:00,23,209,6,11,6,,,,,,,,,,,,,,,35,232
M4/2156B,06/04/2025 00:00:00,06:14:00,24,220,6,6,5,,,,,,,,,,,,,,,34,237
M4/2156B,06/04/2025 00:00:00,06:29:00,25,265,18,7,4,,,,,,,,,,,,,,,34,294
M4/2156B,06/04/2025 00:00:00,06:44:00,26,308,11,11,7,,,,,,,,,,,,,,,34,337
M4/2156B,06/04/2025 00:00:00,06:59:00,27,318,20,11,9,,,,,,,,,,,,,,,34,358
M4/2156B,06/04/2025 00:00:00,07:14:00,28,365,12,11,7,,,,,,,,,,,,,,,33,395
M4/2156B,06/04/2025 00:00:00,07:29:00,29,454,17,8,7,,,,,,,,,,,,,,,33,486
M4/2156B,06/04/2025 00:00:00,07:44:00,30,503,19,12,8,,,,,,,,,,,,,,,32,542
M4/2156B,06/04/2025 00:00:00,07:59:00,31,489,14,14,5,,,,,,,,,,,,,,,33,522
M4/2156B,06/04/2025 00:00:00,08:14:00,32,485,16,12,13,,,,,,,,,,,,,,,32,526
M4/2156B,06/04/2025 00:00:00,08:29:00,33,488,13,11,3,,,,,,,,,,,,,,,33,515
M4/2156B,06/04/2025 00:00:00,08:44:00,34,541,9,9,6,,,,,,,,,,,,,,,32,565
M4/2156B,06/04/2025 00:00:00,08:59:00,35,510,11,11,7,,,,,,,,,,,,,,,32,539
M4/2156B,06/04/2025 00:00:00,09:14:00,36,561,15,4,6,,,,,,,,,,,,,,,31,586
M4/2156B,06/04/2025 00:00:00,09:29:00,37,600,8,9,5,,,,,,,,,,,,,,,32,622
M4/2156B,06/04/2025 00:00:00,09:44:00,38,654,9,12,9,,,,,,,,,,,,,,,31,684
M4/2156B,06/04/2025 00:00:00,09:59:00,39,668,10,13,8,,,,,,,,,,,,,,,31,699
M4/2156B,06/04/2025 00:00:00,10:14:00,40,641,16,12,7,,,,,,,,,,,,,,,29,676
M4/2156B,06/04/2025 00:00:00,10:29:00,41,704,12,6,14,,,,,,,,,,,,,,,27,736
M4/2156B,06/04/2025 00:00:00,10:44:00,42,722,8,10,4,,,,,,,,,,,,,,,24,744
M4/2156B,06/04/2025 00:00:00,10:59:00,43,670,10,10,10,,,,,,,,,,,,,,,27,700
M4/2156B,06/04/2025 00:00:00,11:14:00,44,703,7,7,12,,,,,,,,,,,,,,,25,729
M4/2156B,06/04/2025 00:00:00,11:29:00,45,743,15,10,5,,,,,,,,,,,,,,,26,773
M4/2156B,06/04/2025 00:00:00,11:44:00,46,735,17,7,11,,,,,,,,,,,,,,,26,770
M4/2156B,06/04/2025 00:00:00,11:59:00,47,755,6,8,6,,,,,,,,,,,,,,,25,775
M4/2156B,06/04/2025 00:00:00,12:14:00,48,725,9,12,7,,,,,,,,,,,,,,,26,753
M4/2156B,06/04/2025 00:00:00,12:29:00,49,725,7,4,10,,,,,,,,,,,,,,,22,746
M4/2156B,06/04/2025 00:00:00,12:44:00,50,760,6,5,7,,,,,,,,,,,,,,,25,778
M4/2156B,06/04/2025 00:00:00,12:59:00,51,739,11,5,5,,,,,,,,,,,,,,,22,760
M4/2156B,06/04/2025 00:00:00,13:14:00,52,746,8,7,7,,,,,,,,,,,,,,,24,768
M4/2156B,06/04/2025 00:00:00,13:29:00,53,725,23,3,5,,,,,,,,,,,,,,,18,756
M4/2156B,06/04/2025 00:00:00,13:44:00,54,699,15,10,6,,,,,,,,,,,,,,,21,730
M4/2156B,06/04/2025 00:00:00,13:59:00,55,726,7,5,10,,,,,,,,,,,,,,,26,748
M4/2156B,06/04/2025 00:00:00,14:14:00,56,724,9,11,10,,,,,,,,,,,,,,,23,754
M4/2156B,06/04/2025 00:00:00,14:29:00,57,685,14,3,9,,,,,,,,,,,,,,,24,711
M4/2156B,06/04/2025 00:00:00,14:44:00,58,669,12,11,10,,,,,,,,,,,,,,,26,702
M4/2156B,06/04/2025 00:00:00,14:59:00,59,653,18,5,6,,,,,,,,,,,,,,,30,682
M4/2156B,06/04/2025 00:00:00,15:14:00,60,717,14,6,12,,,,,,,,,,,,,,,29,749
M4/2156B,06/04/2025 00:00:00,15:29:00,61,719,16,7,6,,,,,,,,,,,,,,,26,748
M4/2156B,06/04/2025 00:00:00,15:44:00,62,740,12,11,12,,,,,,,,,,,,,,,26,775
M4/2156B,06/04/2025 00:00:00,15:59:00,63,680,12,4,10,,,,,,,,,,,,,,,22,706
M4/2156B,06/04/2025 00:00:00,16:14:00,64,684,15,7,8,,,,,,,,,,,,,,,22,714
M4/2156B,06/04/2025 00:00:00,16:29:00,65,553,30,12,5,,,,,,,,,,,,,,,17,600
M4/2156B,06/04/2025 00:00:00,16:44:00,66,655,12,5,10,,,,,,,,,,,,,,,20,682
M4/2156B,06/04/2025 00:00:00,16:59:00,67,692,7,5,10,,,,,,,,,,,,,,,26,714
M4/2156B,06/04/2025 00:00:00,17:14:00,68,673,15,12,11,,,,,,,,,,,,,,,26,711
M4/2156B,06/04/2025 00:00:00,17:29:00,69,705,16,10,6,,,,,,,,,,,,,,,23,737
M4/2156B,06/04/2025 00:00:00,17:44:00,70,706,11,7,6,,,,,,,,,,,,,,,23,730
M4/2156B,06/04/2025 00:00:00,17:59:00,71,696,8,8,10,,,,,,,,,,,,,,,24,722
M4/2156B,06/04/2025 00:00:00,18:14:00,72,693,8,6,6,,,,,,,,,,,,,,,26,713
M4/2156B,06/04/2025 00:00:00,18:29:00,73,654,7,2,4,,,,,,,,,,,,,,,25,667
M4/2156B,06/04/2025 00:00:00,18:44:00,74,429,6,6,4,,,,,,,,,,,,,,,32,445
M4/2156B,06/04/2025 00:00:00,18:59:00,75,462,3,4,5,,,,,,,,,,,,,,,31,474
M4/2156B,06/04/2025 00:00:00,19:14:00,76,674,7,4,5,,,,,,,,,,,,,,,29,690
M4/2156B,06/04/2025 00:00:00,19:29:00,77,688,8,5,16,,,,,,,,,,,,,,,24,717
M4/2156B,06/04/2025 00:00:00,19:44:00,78,658,8,4,12,,,,,,,,,,,,,,,23,682
M4/2156B,06/04/2025 00:00:00,19:59:00,79,659,12,5,7,,,,,,,,,,,,,,,24,683
M4/2156B,06/04/2025 00:00:00,20:14:00,80,580,11,6,6,,,,,,,,,,,,,,,28,603
M4/2156B,06/04/2025 00:00:00,20:29:00,81,620,9,5,4,,,,,,,,,,,,,,,27,638
M4/2156B,06/04/2025 00:00:00,20:44:00,82,582,11,4,2,,,,,,,,,,,,,,,32,599
M4/2156B,06/04/2025 00:00:00,20:59:00,83,581,10,13,6,,,,,,,,,,,,,,,31,610
M4/2156B,06/04/2025 00:00:00,21:14:00,84,578,8,8,4,,,,,,,,,,,,,,,31,598
M4/2156B,06/04/2025 00:00:00,21:29:00,85,508,15,10,8,,,,,,,,,,,,,,,32,541
M4/2156B,06/04/2025 00:00:00,21:44:00,86,451,9,11,6,,,,,,,,,,,,,,,32,477
M4/2156B,06/04/2025 00:00:00,21:59:00,87,432,5,6,3,,,,,,,,,,,,,,,33,446
M4/2156B,06/04/2025 00:00:00,22:14:00,88,392,5,6,5,,,,,,,,,,,,,,,33,408
M4/2156B,06/04/2025 00:00:00,22:29:00,89,349,6,3,3,,,,,,,,,,,,,,,34,361
M4/2156B,06/04/2025 00:00:00,22:44:00,90,351,4,5,2,,,,,,,,,,,,,,,33,362
M4/2156B,06/04/2025 00:00:00,22:59:00,91,354,10,7,5,,,,,,,,,,,,,,,33,376
M4/2156B,06/04/2025 00:00:00,23:14:00,92,316,6,6,9,,,,,,,,,,,,,,,33,337
M4/2156B,06/04/2025 00:00:00,23:29:00,93,353,8,9,5,,,,,,,,,,,,,,,33,375
M4/2156B,06/04/2025 00:00:00,23:44:00,94,240,12,4,2,,,,,,,,,,,,,,,34,258
M4/2156B,06/04/2025 00:00:00,23:59:00,95,202,5,2,2,,,,,,,,,,,,,,,35,211
M4/2156B,07/04/2025 00:00:00,00:14:00,0,171,8,2,4,,,,,,,,,,,,,,,35,185
M4/2156B,07/04/2025 00:00:00,00:29:00,1,142,3,6,3,,,,,,,,,,,,,,,35,154
M4/2156B,07/04/2025 00:00:00,00:44:00,2,99,8,2,2,,,,,,,,,,,,,,,36,111
M4/2156B,07/04/2025 00:00:00,00:59:00,3,73,6,3,2,,,,,,,,,,,,,,,36,84
M4/2156B,07/04/2025 00:00:00,01:14:00,4,68,6,6,5,,,,,,,,,,,,,,,36,85
M4/2156B,07/04/2025 00:00:00,01:29:00,5,58,5,4,0,,,,,,,,,,,,,,,35,67
M4/2156B,07/04/2025 00:00:00,01:44:00,6,46,8,3,4,,,,,,,,,,,,,,,37,61
M4/2156B,07/04/2025 00:00:00,01:59:00,7,47,5,2,4,,,,,,,,,,,,,,,36,58
M4/2156B,07/04/2025 00:00:00,02:14:00,8,24,8,4,4,,,,,,,,,,,,,,,36,40
M4/2156B,07/04/2025 00:00:00,02:29:00,9,31,7,1,2,,,,,,,,,,,,,,,37,41
M4/2156B,07/04/2025 00:00:00,02:44:00,10,22,3,3,0,,,,,,,,,,,,,,,37,28
M4/2156B,07/04/2025 00:00:00,02:59:00,11,42,3,5,4,,,,,,,,,,,,,,,36,54
M4/2156B,07/04/2025 00:00:00,03:14:00,12,34,2,4,2,,,,,,,,,,,,,,,36,42
M4/2156B,07/04/2025 00:00:00,03:29:00,13,44,9,7,4,,,,,,,,,,,,,,,35,64
M4/2156B,07/04/2025 00:00:00,03:44:00,14,39,5,8,1,,,,,,,,,,,,,,,37,53
M4/2156B,07/04/2025 00:00:00,03:59:00,15,48,6,7,5,,,,,,,,,,,,,,,36,66
M4/2156B,07/04/2025 00:00:00,04:14:00,16,67,4,7,5,,,,,,,,,,,,,,,35,83
M4/2156B,07/04/2025 00:00:00,04:29:00,17,88,4,13,7,,,,,,,,,,,,,,,35,112
M4/2156B,07/04/2025 00:00:00,04:44:00,18,120,11,11,6,,,,,,,,,,,,,,,35,148
M4/2156B,07/04/2025 00:00:00,04:59:00,19,161,19,21,3,,,,,,,,,,,,,,,35,204
M4/2156B,07/04/2025 00:00:00,05:14:00,20,179,13,19,6,,,,,,,,,,,,,,,35,217
M4/2156B,07/04/2025 00:00:00,05:29:00,21,235,17,15,11,,,,,,,,,,,,,,,35,278
M4/2156B,07/04/2025 00:00:00,05:44:00,22,294,13,27,10,,,,,,,,,,,,,,,34,344
M4/2156B,07/04/2025 00:00:00,05:59:00,23,402,26,34,13,,,,,,,,,,,,,,,33,475
M4/2156B,07/04/2025 00:00:00,06:14:00,24,581,35,43,7,,,,,,,,,,,,,,,31,666
M4/2156B,07/04/2025 00:00:00,06:29:00,25,687,33,48,18,,,,,,,,,,,,,,,24,786
M4/2156B,07/04/2025 00:00:00,06:44:00,26,603,37,52,13,,,,,,,,,,,,,,,22,705
M4/2156B,07/04/2025 00:00:00,06:59:00,27,561,45,37,17,,,,,,,,,,,,,,,18,660
M4/2156B,07/04/2025 00:00:00,07:14:00,28,558,42,34,10,,,,,,,,,,,,,,,16,644
M4/2156B,07/04/2025 00:00:00,07:29:00,29,515,54,40,22,,,,,,,,,,,,,,,17,631
M4/2156B,07/04/2025 00:00:00,07:44:00,30,552,53,33,17,,,,,,,,,,,,,,,18,655
M4/2156B,07/04/2025 00:00:00,07:59:00,31,616,38,37,13,,,,,,,,,,,,,,,19,704
M4/2156B,07/04/2025 00:00:00,08:14:00,32,625,50,29,14,,,,,,,,,,,,,,,23,718
M4/2156B,07/04/2025 00:00:00,08:29:00,33,642,37,43,12,,,,,,,,,,,,,,,25,734
M4/2156B,07/04/2025 00:00:00,08:44:00,34,643,42,35,13,,,,,,,,,,,,,,,23,733
M4/2156B,07/04/2025 00:00:00,08:59:00,35,609,38,39,15,,,,,,,,,,,,,,,20,701
M4/2156B,07/04/2025 00:00:00,09:14:00,36,578,46,39,10,,,,,,,,,,,,,,,21,672
M4/2156B,07/04/2025 00:00:00,09:29:00,37,616,27,26,15,,,,,,,,,,,,,,,24,684
M4/2156B,07/04/2025 00:00:00,09:44:00,38,586,28,36,21,,,,,,,,,,,,,,,25,671
M4/2156B,07/04/2025 00:00:00,09:59:00,39,562,32,37,15,,,,,,,,,,,,,,,30,646
M4/2156B,07/04/2025 00:00:00,10:14:00,40,528,34,32,14,,,,,,,,,,,,,,,31,608
M4/2156B,07/04/2025 00:00:00,10:29:00,41,506,35,29,6,,,,,,,,,,,,,,,31,576
M4/2156B,07/04/2025 00:00:00,10:44:00,42,552,35,31,9,,,,,,,,,,,,,,,28,627
M4/2156B,07/04/2025 00:00:00,10:59:00,43,541,33,18,8,,,,,,,,,,,,,,,32,600
M4/2156B,07/04/2025 00:00:00,11:14:00,44,551,21,25,15,,,,,,,,,,,,,,,31,612
M4/2156B,07/04/2025 00:00:00,11:29:00,45,569,36,30,15,,,,,,,,,,,,,,,30,650
M4/2156B,07/04/2025 00:00:00,11:44:00,46,486,39,33,18,,,,,,,,,,,,,,,17,576
M4/2156B,07/04/2025 00:00:00,11:59:00,47,493,33,16,7,,,,,,,,,,,,,,,32,549
M4/2156B,07/04/2025 00:00:00,12:14:00,48,507,19,20,7,,,,,,,,,,,,,,,32,553
M4/2156B,07/04/2025 00:00:00,12:29:00,49,482,24,24,8,,,,,,,,,,,,,,,33,538
M4/2156B,07/04/2025 00:00:00,12:44:00,50,494,23,23,13,,,,,,,,,,,,,,,33,553
M4/2156B,07/04/2025 00:00:00,12:59:00,51,551,20,27,13,,,,,,,,,,,,,,,32,611
M4/2156B,07/04/2025 00:00:00,13:14:00,52,538,33,15,11,,,,,,,,,,,,,,,33,597
M4/2156B,07/04/2025 00:00:00,13:29:00,53,588,26,31,13,,,,,,,,,,,,,,,30,658
M4/2156B,07/04/2025 00:00:00,13:44:00,54,516,24,17,10,,,,,,,,,,,,,,,31,567
M4/2156B,07/04/2025 00:00:00,13:59:00,55,576,33,21,11,,,,,,,,,,,,,,,31,641
M4/2156B,07/04/2025 00:00:00,14:14:00,56,585,19,30,15,,,,,,,,,,,,,,,31,649
M4/2156B,07/04/2025 00:00:00,14:29:00,57,589,23,25,4,,,,,,,,,,,,,,,32,641
M4/2156B,07/04/2025 00:00:00,14:44:00,58,574,22,22,9,,,,,,,,,,,,,,,27,627
M4/2156B,07/04/2025 00:00:00,14:59:00,59,541,15,15,8,,,,,,,,,,,,,,,33,579
M4/2156B,07/04/2025 00:00:00,15:14:00,60,590,19,14,13,,,,,,,,,,,,,,,32,636
M4/2156B,07/04/2025 00:00:00,15:29:00,61,603,20,9,6,,,,,,,,,,,,,,,31,638
M4/2156B,07/04/2025 00:00:00,15:44:00,62,550,19,8,10,,,,,,,,,,,,,,,32,587
M4/2156B,07/04/2025 00:00:00,15:59:00,63,620,23,18,9,,,,,,,,,,,,,,,30,670
M4/2156B,07/04/2025 00:00:00,16:14:00,64,658,18,15,6,,,,,,,,,,,,,,,30,696
M4/2156B,07/04/2025 00:00:00,16:29:00,65,696,19,10,10,,,,,,,,,,,,,,,31,735
M4/2156B,07/04/2025 00:00:00,16:44:00,66,707,31,13,8,,,,,,,,,,,,,,,26,759
M4/2156B,07/04/2025 00:00:00,16:59:00,67,683,28,17,8,,,,,,,,,,,,,,,26,735
M4/2156B,07/04/2025 00:00:00,17:14:00,68,667,17,16,10,,,,,,,,,,,,,,,30,711
M4/2156B,07/04/2025 00:00:00,17:29:00,69,633,18,15,5,,,,,,,,,,,,,,,23,672
M4/2156B,07/04/2025 00:00:00,17:44:00,70,708,10,15,6,,,,,,,,,,,,,,,24,739
M4/2156B,07/04/2025 00:00:00,17:59:00,71,693,16,6,12,,,,,,,,,,,,,,,22,727
M4/2156B,07/04/2025 00:00:00,18:14:00,72,707,8,8,11,,,,,,,,,,,,,,,24,734
M4/2156B,07/04/2025 00:00:00,18:29:00,73,576,18,5,5,,,,,,,,,,,,,,,32,604
M4/2156B,07/04/2025 00:00:00,18:44:00,74,726,13,4,9,,,,,,,,,,,,,,,25,752
M4/2156B,07/04/2025 00:00:00,18:59:00,75,614,19,13,6,,,,,,,,,,,,,,,29,653
M4/2156B,07/04/2025 00:00:00,19:14:00,76,664,10,10,12,,,,,,,,,,,,,,,27,696
M4/2156B,07/04/2025 00:00:00,19:29:00,77,582,14,10,7,,,,,,,,,,,,,,,31,613
M4/2156B,07/04/2025 00:00:00,19:44:00,78,579,11,9,3,,,,,,,,,,,,,,,31,602
M4/2156B,07/04/2025 00:00:00,19:59:00,79,581,10,9,6,,,,,,,,,,,,,,,31,606
M4/2156B,07/04/2025 00:00:00,20:14:00,80,512,12,12,5,,,,,,,,,,,,,,,32,541
M4/2156B,07/04/2025 00:00:00,20:29:00,81,491,10,3,6,,,,,,,,,,,,,,,32,510
M4/2156B,07/04/2025 00:00:00,20:44:00,82,420,14,6,7,,,,,,,,,,,,,,,33,447
M4/2156B,07/04/2025 00:00:00,20:59:00,83,378,7,8,10,,,,,,,,,,,,,,,33,403
M4/2156B,07/04/2025 00:00:00,21:14:00,84,419,6,9,9,,,,,,,,,,,,,,,32,443
M4/2156B,07/04/2025 00:00:00,21:29:00,85,440,17,5,7,,,,,,,,,,,,,,,32,469
M4/2156B,07/04/2025 00:00:00,21:44:00,86,354,14,7,6,,,,,,,,,,,,,,,33,381
M4/2156B,07/04/2025 00:00:00,21:59:00,87,340,12,10,3,,,,,,,,,,,,,,,34,365
M4/2156B,07/04/2025 00:00:00,22:14:00,88,338,12,12,2,,,,,,,,,,,,,,,34,364
M4/2156B,07/04/2025 00:00:00,22:29:00,89,285,6,5,6,,,,,,,,,,,,,,,34,302
M4/2156B,07/04/2025 00:00:00,22:44:00,90,253,4,5,2,,,,,,,,,,,,,,,34,264
M4/2156B,07/04/2025 00:00:00,22:59:00,91,216,6,1,5,,,,,,,,,,,,,,,34,228
M4/2156B,07/04/2025 00:00:00,23:14:00,92,176,2,4,4,,,,,,,,,,,,,,,34,186
M4/2156B,07/04/2025 00:00:00,23:29:00,93,165,16,3,3,,,,,,,,,,,,,,,34,187
M4/2156B,07/04/2025 00:00:00,23:44:00,94,124,2,4,1,,,,,,,,,,,,,,,35,131
M4/2156B,07/04/2025 00:00:00,23:59:00,95,96,8,8,4,,,,,,,,,,,,,,,35,116
M4/2156B,08/04/2025 00:00:00,00:14:00,0,89,11,7,6,,,,,,,,,,,,,,,36,113
M4/2156B,08/04/2025 00:00:00,00:29:00,1,81,10,4,4,,,,,,,,,,,,,,,35,99
M4/2156B,08/04/2025 00:00:00,00:44:00,2,56,5,1,7,,,,,,,,,,,,,,,35,69
M4/2156B,08/04/2025 00:00:00,00:59:00,3,59,4,1,2,,,,,,,,,,,,,,,36,66
M4/2156B,08/04/2025 00:00:00,01:14:00,4,58,5,5,2,,,,,,,,,,,,,,,36,70
M4/2156B,08/04/2025 00:00:00,01:29:00,5,48,8,2,2,,,,,,,,,,,,,,,37,60
M4/2156B,08/04/2025 00:00:00,01:44:00,6,50,3,3,3,,,,,,,,,,,,,,,36,59
M4/2156B,08/04/2025 00:00:00,01:59:00,7,32,9,6,2,,,,,,,,,,,,,,,38,49
M4/2156B,08/04/2025 00:00:00,02:14:00,8,18,4,3,4,,,,,,,,,,,,,,,36,29
M4/2156B,08/04/2025 00:00:00,02:29:00,9,17,4,5,5,,,,,,,,,,,,,,,37,31
M4/2156B,08/04/2025 00:00:00,02:44:00,10,26,4,6,2,,,,,,,,,,,,,,,35,38
M4/2156B,08/04/2025 00:00:00,02:59:00,11,17,4,2,1,,,,,,,,,,,,,,,37,24
M4/2156B,08/04/2025 00:00:00,03:14:00,12,44,1,2,6,,,,,,,,,,,,,,,36,53
M4/2156B,08/04/2025 00:00:00,03:29:00,13,42,8,6,2,,,,,,,,,,,,,,,37,58
M4/2156B,08/04/2025 00:00:00,03:44:00,14,40,7,2,5,,,,,,,,,,,,,,,36,54
M4/2156B,08/04/2025 00:00:00,03:59:00,15,52,7,5,1,,,,,,,,,,,,,,,38,65
M4/2156B,08/04/2025 00:00:00,04:14:00,16,82,7,6,7,,,,,,,,,,,,,,,36,102
M4/2156B,08/04/2025 00:00:00,04:29:00,17,94,9,13,5,,,,,,,,,,,,,,,35,121
M4/2156B,08/04/2025 00:00:00,04:44:00,18,104,13,10,3,,,,,,,,,,,,,,,35,130
M4/2156B,08/04/2025 00:00:00,04:59:00,19,119,7,12,5,,,,,,,,,,,,,,,35,143
M4/2156B,08/04/2025 00:00:00,05:14:00,20,197,17,29,4,,,,,,,,,,,,,,,34,247
M4/2156B,08/04/2025 00:00:00,05:29:00,21,210,16,30,11,,,,,,,,,,,,,,,34,267
M4/2156B,08/04/2025 00:00:00,05:44:00,22,319,22,23,7,,,,,,,,,,,,,,,33,371
M4/2156B,08/04/2025 00:00:00,05:59:00,23,348,35,26,13,,,,,,,,,,,,,,,33,422
M4/2156B,08/04/2025 00:00:00,06:14:00,24,566,30,49,12,,,,,,,,,,,,,,,30,657
M4/2156B,08/04/2025 00:00:00,06:29:00,25,677,45,44,12,,,,,,,,,,,,,,,26,778
M4/2156B,08/04/2025 00:00:00,06:44:00,26,646,46,57,8,,,,,,,,,,,,,,,23,757
M4/2156B,08/04/2025 00:00:00,06:59:00,27,608,36,46,14,,,,,,,,,,,,,,,21,704
M4/2156B,08/04/2025 00:00:00,07:14:00,28,522,37,52,16,,,,,,,,,,,,,,,15,627
M4/2156B,08/04/2025 00:00:00,07:29:00,29,535,45,46,12,,,,,,,,,,,,,,,16,638
M4/2156B,08/04/2025 00:00:00,07:44:00,30,625,55,25,13,,,,,,,,,,,,,,,19,718
M4/2156B,08/04/2025 00:00:00,07:59:00,31,608,39,42,19,,,,,,,,,,,,,,,20,708
M4/2156B,08/04/2025 00:00:00,08:14:00,32,588,28,45,14,,,,,,,,,,,,,,,19,675
M4/2156B,08/04/2025 00:00:00,08:29:00,33,629,37,41,13,,,,,,,,,,,,,,,24,720
M4/2156B,08/04/2025 00:00:00,08:44:00,34,656,35,32,16,,,,,,,,,,,,,,,21,739
M4/2156B,08/04/2025 00:00:00,08:59:00,35,648,43,35,18,,,,,,,,,,,,,,,20,744
M4/2156B,08/04/2025 00:00:00,09:14:00,36,624,43,35,5,,,,,,,,,,,,,,,21,707
M4/2156B,08/04/2025 00:00:00,09:29:00,37,592,43,37,9,,,,,,,,,,,,,,,22,681
M4/2156B,08/04/2025 00:00:00,09:44:00,38,586,50,28,15,,,,,,,,,,,,,,,24,679
M4/2156B,08/04/2025 00:00:00,09:59:00,39,605,31,32,15,,,,,,,,,,,,,,,22,683
M4/2156B,08/04/2025 00:00:00,10:14:00,40,611,41,34,11,,,,,,,,,,,,,,,23,697
M4/2156B,08/04/2025 00:00:00,10:29:00,41,596,30,34,12,,,,,,,,,,,,,,,28,672
M4/2156B,08/04/2025 00:00:00,10:44:00,42,571,29,33,13,,,,,,,,,,,,,,,30,646
M4/2156B,08/04/2025 00:00:00,10:59:00,43,561,34,30,10,,,,,,,,,,,,,,,30,635
M4/2156B,08/04/2025 00:00:00,11:14:00,44,532,34,31,14,,,,,,,,,,,,,,,31,611
M4/2156B,08/04/2025 00:00:00,11:29:00,45,549,26,30,4,,,,,,,,,,,,,,,31,609
M4/2156B,08/04/2025 00:00:00,11:44:00,46,571,29,26,17,,,,,,,,,,,,,,,31,643
M4/2156B,08/04/2025 00:00:00,11:57:00,47,552,28,37,16,,,,,,,,,,,,,,,29,632
M4/2156B,08/04/2025 00:00:00,12:14:00,48,602,30,41,15,,,,,,,,,,,,,,,30,688
M4/2156B,08/04/2025 00:00:00,12:29:00,49,560,24,23,8,,,,,,,,,,,,,,,32,615
M4/2156B,08/04/2025 00:00:00,12:44:00,50,584,31,17,10,,,,,,,,,,,,,,,32,642
M4/2156B,08/04/2025 00:00:00,12:59:00,51,552,35,17,4,,,,,,,,,,,,,,,32,608
M4/2156B,08/04/2025 00:00:00,13:14:00,52,577,33,29,10,,,,,,,,,,,,,,,31,649
M4/2156B,08/04/2025 00:00:00,13:29:00,53,489,28,23,13,,,,,,,,,,,,,,,32,553
M4/2156B,08/04/2025 00:00:00,13:44:00,54,523,28,24,13,,,,,,,,,,,,,,,32,588
M4/2156B,08/04/2025 00:00:00,13:59:00,55,544,21,18,13,,,,,,,,,,,,,,,32,596
M4/2156B,08/04/2025 00:00:00,14:14:00,56,499,23,23,3,,,,,,,,,,,,,,,32,548
M4/2156B,08/04/2025 00:00:00,14:29:00,57,566,16,18,7,,,,,,,,,,,,,,,32,607
M4/2156B,08/04/2025 00:00:00,14:44:00,58,513,27,18,10,,,,,,,,,,,,,,,33,568
M4/2156B,08/04/2025 00:00:00,14:59:00,59,585,24,18,11,,,,,,,,,,,,,,,32,638
M4/2156B,08/04/2025 00:00:00,15:14:00,60,602,26,15,9,,,,,,,,,,,,,,,31,652
M4/2156B,08/04/2025 00:00:00,15:29:00,61,596,23,17,7,,,,,,,,,,,,,,,31,643
M4/2156B,08/04/2025 00:00:00,15:44:00,62,594,18,19,7,,,,,,,,,,,,,,,31,638
M4/2156B,08/04/2025 00:00:00,15:59:00,63,615,22,10,7,,,,,,,,,,,,,,,29,654
M4/2156B,08/04/2025 00:00:00,16:14:00,64,673,12,16,8,,,,,,,,,,,,,,,31,709
M4/2156B,08/04/2025 00:00:00,16:29:00,65,713,17,12,7,,,,,,,,,,,,,,,28,749
M4/2156B,08/04/2025 00:00:00,16:44:00,66,670,14,11,14,,,,,,,,,,,,,,,30,708
M4/2156B,08/04/2025 00:00:00,16:59:00,67,722,20,17,9,,,,,,,,,,,,,,,22,768
M4/2156B,08/04/2025 00:00:00,17:14:00,68,688,23,11,7,,,,,,,,,,,,,,,22,729
M4/2156B,08/04/2025 00:00:00,17:29:00,69,739,18,9,8,,,,,,,,,,,,,,,25,774
M4/2156B,08/04/2025 00:00:00,17:44:00,70,728,12,7,4,,,,,,,,,,,,,,,24,751
M4/2156B,08/04/2025 00:00:00,17:59:00,71,726,11,14,10,,,,,,,,,,,,,,,23,761
M4/2156B,08/04/2025 00:00:00,18:14:00,72,737,12,8,10,,,,,,,,,,,,,,,25,767
M4/2156B,08/04/2025 00:00:00,18:29:00,73,670,13,9,10,,,,,,,,,,,,,,,20,701
M4/2156B,08/04/2025 00:00:00,18:44:00,74,707,15,9,8,,,,,,,,,,,,,,,25,738
M4/2156B,08/04/2025 00:00:00,18:59:00,75,716,15,5,7,,,,,,,,,,,,,,,23,743
M4/2156B,08/04/2025 00:00:00,19:14:00,76,687,19,10,16,,,,,,,,,,,,,,,27,732
M4/2156B,08/04/2025 00:00:00,19:29:00,77,621,19,12,10,,,,,,,,,,,,,,,28,662
M4/2156B,08/04/2025 00:00:00,19:44:00,78,565,8,9,6,,,,,,,,,,,,,,,32,588
M4/2156B,08/04/2025 00:00:00,19:59:00,79,503,14,6,6,,,,,,,,,,,,,,,32,529
M4/2156B,08/04/2025 00:00:00,20:14:00,80,453,9,9,5,,,,,,,,,,,,,,,32,476
M4/2156B,08/04/2025 00:00:00,20:29:00,81,471,11,4,6,,,,,,,,,,,,,,,32,492
M4/2156B,08/04/2025 00:00:00,20:44:00,82,447,11,11,2,,,,,,,,,,,,,,,32,471
M4/2156B,08/04/2025 00:00:00,20:59:00,83,395,16,8,8,,,,,,,,,,,,,,,32,427
M4/2156B,08/04/2025 00:00:00,21:14:00,84,396,12,10,5,,,,,,,,,,,,,,,33,423
M4/2156B,08/04/2025 00:00:00,21:29:00,85,392,12,7,6,,,,,,,,,,,,,,,33,417
M4/2156B,08/04/2025 00:00:00,21:44:00,86,334,11,7,3,,,,,,,,,,,,,,,33,355
M4/2156B,08/04/2025 00:00:00,21:59:00,87,276,9,4,5,,,,,,,,,,,,,,,34,294
M4/2156B,08/04/2025 00:00:00,22:14:00,88,270,7,6,6,,,,,,,,,,,,,,,34,289
M4/2156B,08/04/2025 00:00:00,22:29:00,89,276,7,3,6,,,,,,,,,,,,,,,34,292
M4/2156B,08/04/2025 00:00:00,22:44:00,90,285,4,6,7,,,,,,,,,,,,,,,33,302
M4/2156B,08/04/2025 00:00:00,22:59:00,91,269,4,3,3,,,,,,,,,,,,,,,34,279
M4/2156B,08/04/2025 00:00:00,23:14:00,92,256,9,5,3,,,,,,,,,,,,,,,35,273
M4/2156B,08/04/2025 00:00:00,23:29:00,93,209,4,1,3,,,,,,,,,,,,,,,34,217
M4/2156B,08/04/2025 00:00:00,23:44:00,94,159,10,5,4,,,,,,,,,,,,,,,34,178
M4/2156B,08/04/2025 00:00:00,23:59:00,95,108,9,4,6,,,,,,,,,,,,,,,35,127
M4/2156B,09/04/2025 00:00:00,00:14:00,0,73,7,5,3,,,,,,,,,,,,,,,35,88
M4/2156B,09/04/2025 00:00:00,00:29:00,1,87,8,1,2,,,,,,,,,,,,,,,35,98
M4/2156B,09/04/2025 00:00:00,00:44:00,2,76,5,0,7,,,,,,,,,,,,,,,37,88
M4/2156B,09/04/2025 00:00:00,00:59:00,3,61,4,3,3,,,,,,,,,,,,,,,36,71
M4/2156B,09/04/2025 00:00:00,01:14:00,4,49,5,6,1,,,,,,,,,,,,,,,35,61
M4/2156B,09/04/2025 00:00:00,01:29:00,5,45,1,5,3,,,,,,,,,,,,,,,37,54
M4/2156B,09/04/2025 00:00:00,01:44:00,6,40,2,8,6,,,,,,,,,,,,,,,37,56
M4/2156B,09/04/2025 00:00:00,01:59:00,7,31,6,3,3,,,,,,,,,,,,,,,36,43
M4/2156B,09/04/2025 00:00:00,02:14:00,8,21,7,3,0,,,,,,,,,,,,,,,34,31
M4/2156B,09/04/2025 00:00:00,02:29:00,9,25,5,4,5,,,,,,,,,,,,,,,38,39
M4/2156B,09/04/2025 00:00:00,02:44:00,10,28,5,0,2,,,,,,,,,,,,,,,36,35
M4/2156B,09/04/2025 00:00:00,02:59:00,11,38,9,4,3,,,,,,,,,,,,,,,36,54
M4/2156B,09/04/2025 00:00:00,03:14:00,12,32,7,2,3,,,,,,,,,,,,,,,37,44
M4/2156B,09/04/2025 00:00:00,03:29:00,13,39,8,7,2,,,,,,,,,,,,,,,37,56
M4/2156B,09/04/2025 00:00:00,03:44:00,14,44,8,9,6,,,,,,,,,,,,,,,36,67
M4/2156B,09/04/2025 00:00:00,03:59:00,15,65,9,8,1,,,,,,,,,,,,,,,36,83
M4/2156B,09/04/2025 00:00:00,04:14:00,16,76,6,9,3,,,,,,,,,,,,,,,36,94
M4/2156B,09/04/2025 00:00:00,04:29:00,17,100,11,16,2,,,,,,,,,,,,,,,35,129
M4/2156B,09/04/2025 00:00:00,04:44:00,18,95,7,13,9,,,,,,,,,,,,,,,35,124
M4/2156B,09/04/2025 00:00:00,04:59:00,19,142,11,13,6,,,,,,,,,,,,,,,35,172
M4/2156B,09/04/2025 00:00:00,05:14:00,20,164,16,23,5,,,,,,,,,,,,,,,35,208
M4/2156B,09/04/2025 00:00:00,05:29:00,21,211,23,23,10,,,,,,,,,,,,,,,34,267
M4/2156B,09/04/2025 00:00:00,05:44:00,22,285,27,21,8,,,,,,,,,,,,,,,34,341
M4/2156B,09/04/2025 00:00:00,05:59:00,23,374,26,37,22,,,,,,,,,,,,,,,33,459
M4/2156B,09/04/2025 00:00:00,06:14:00,24,578,27,37,13,,,,,,,,,,,,,,,30,655
M4/2156B,09/04/2025 00:00:00,06:29:00,25,672,45,53,17,,,,,,,,,,,,,,,25,787
M4/2156B,09/04/2025 00:00:00,06:44:00,26,613,36,64,7,,,,,,,,,,,,,,,24,720
M4/2156B,09/04/2025 00:00:00,06:59:00,27,611,47,53,13,,,,,,,,,,,,,,,24,724
M4/2156B,09/04/2025 00:00:00,07:14:00,28,660,42,47,17,,,,,,,,,,,,,,,22,766
M4/2156B,09/04/2025 00:00:00,07:29:00,29,600,49,38,21,,,,,,,,,,,,,,,21,708
M4/2156B,09/04/2025 00:00:00,07:44:00,30,553,47,44,13,,,,,,,,,,,,,,,21,657
M4/2156B,09/04/2025 00:00:00,07:59:00,31,638,44,39,12,,,,,,,,,,,,,,,21,733
M4/2156B,09/04/2025 00:00:00,08:14:00,32,631,36,48,12,,,,,,,,,,,,,,,20,727
M4/2156B,09/04/2025 00:00:00,08:29:00,33,627,43,38,26,,,,,,,,,,,,,,,23,733
M4/2156B,09/04/2025 00:00:00,08:44:00,34,665,32,28,15,,,,,,,,,,,,,,,22,740
M4/2156B,09/04/2025 00:00:00,08:59:00,35,627,41,34,13,,,,,,,,,,,,,,,23,715
M4/2156B,09/04/2025 00:00:00,09:14:00,36,594,46,33,11,,,,,,,,,,,,,,,21,684
M4/2156B,09/04/2025 00:00:00,09:29:00,37,578,39,40,10,,,,,,,,,,,,,,,22,667
M4/2156B,09/04/2025 00:00:00,09:44:00,38,591,44,25,12,,,,,,,,,,,,,,,20,672
M4/2156B,09/04/2025 00:00:00,09:59:00,39,596,38,31,12,,,,,,,,,,,,,,,23,677
M4/2156B,09/04/2025 00:00:00,10:14:00,40,610,36,43,11,,,,,,,,,,,,,,,24,700
M4/2156B,09/04/2025 00:00:00,10:29:00,41,577,47,30,13,,,,,,,,,,,,,,,24,667
M4/2156B,09/04/2025 00:00:00,10:44:00,42,595,36,30,13,,,,,,,,,,,,,,,24,674
M4/2156B,09/04/2025 00:00:00,10:59:00,43,599,40,35,3,,,,,,,,,,,,,,,23,677
M4/2156B,09/04/2025 00:00:00,11:14:00,44,615,34,28,15,,,,,,,,,,,,,,,21,692
M4/2156B,09/04/2025 00:00:00,11:29:00,45,604,44,35,10,,,,,,,,,,,,,,,25,693
M4/2156B,09/04/2025 00:00:00,11:44:00,46,574,19,32,9,,,,,,,,,,,,,,,28,634
M4/2156B,09/04/2025 00:00:00,11:59:00,47,559,24,24,9,,,,,,,,,,,,,,,31,616
M4/2156B,09/04/2025 00:00:00,12:14:00,48,569,28,26,10,,,,,,,,,,,,,,,31,633
M4/2156B,09/04/2025 00:00:00,12:29:00,49,551,31,27,7,,,,,,,,,,,,,,,32,616
M4/2156B,09/04/2025 00:00:00,12:44:00,50,554,31,23,12,,,,,,,,,,,,,,,31,620
M4/2156B,09/04/2025 00:00:00,12:59:00,51,485,27,24,7,,,,,,,,,,,,,,,32,543
M4/2156B,09/04/2025 00:00:00,13:14:00,52,452,35,35,10,,,,,,,,,,,,,,,32,532
M4/2156B,09/04/2025 00:00:00,13:29:00,53,520,33,25,11,,,,,,,,,,,,,,,32,589
M4/2156B,09/04/2025 00:00:00,13:44:00,54,522,26,22,6,,,,,,,,,,,,,,,32,576
M4/2156B,09/04/2025 00:00:00,13:59:00,55,492,20,24,10,,,,,,,,,,,,,,,33,546
M4/2156B,09/04/2025 00:00:00,14:14:00,56,516,25,19,17,,,,,,,,,,,,,,,32,577
M4/2156B,09/04/2025 00:00:00,14:29:00,57,516,27,20,6,,,,,,,,,,,,,,,32,569
M4/2156B,09/04/2025 00:00:00,14:44:00,58,583,28,20,7,,,,,,,,,,,,,,,31,638
M4/2156B,09/04/2025 00:00:00,14:59:00,59,570,22,17,8,,,,,,,,,,,,,,,32,617
M4/2156B,09/04/2025 00:00:00,15:14:00,60,596,23,22,9,,,,,,,,,,,,,,,31,650
M4/2156B,09/04/2025 00:00:00,15:29:00,61,600,21,17,9,,,,,,,,,,,,,,,31,647
M4/2156B,09/04/2025 00:00:00,15:44:00,62,640,20,24,16,,,,,,,,,,,,,,,30,700
M4/2156B,09/04/2025 00:00:00,15:59:00,63,605,28,12,10,,,,,,,,,,,,,,,31,655
M4/2156B,09/04/2025 00:00:00,16:14:00,64,625,23,12,11,,,,,,,,,,,,,,,31,671
M4/2156B,09/04/2025 00:00:00,16:29:00,65,710,17,14,11,,,,,,,,,,,,,,,27,750
M4/2156B,09/04/2025 00:00:00,16:44:00,66,714,20,13,9,,,,,,,,,,,,,,,29,756
M4/2156B,09/04/2025 00:00:00,16:59:00,67,736,16,11,12,,,,,,,,,,,,,,,27,775
M4/2156B,09/04/2025 00:00:00,17:14:00,68,690,25,14,6,,,,,,,,,,,,,,,21,735
M4/2156B,09/04/2025 00:00:00,17:29:00,69,702,22,11,12,,,,,,,,,,,,,,,26,747
M4/2156B,09/04/2025 00:00:00,17:44:00,70,717,20,13,14,,,,,,,,,,,,,,,25,764
M4/2156B,09/04/2025 00:00:00,17:59:00,71,700,20,12,17,,,,,,,,,,,,,,,22,749
M4/2156B,09/04/2025 00:00:00,18:14:00,72,698,14,12,15,,,,,,,,,,,,,,,24,738
M4/2156B,09/04/2025 00:00:00,18:29:00,73,710,10,7,12,,,,,,,,,,,,,,,24,739
M4/2156B,09/04/2025 00:00:00,18:44:00,74,683,8,8,8,,,,,,,,,,,,,,,22,707
M4/2156B,09/04/2025 00:00:00,18:59:00,75,699,14,17,12,,,,,,,,,,,,,,,24,741
M4/2156B,09/04/2025 00:00:00,19:14:00,76,638,13,9,9,,,,,,,,,,,,,,,25,669
M4/2156B,09/04/2025 00:00:00,19:29:00,77,642,19,11,9,,,,,,,,,,,,,,,26,681
M4/2156B,09/04/2025 00:00:00,19:44:00,78,585,16,6,7,,,,,,,,,,,,,,,31,614
M4/2156B,09/04/2025 00:00:00,19:59:00,79,547,15,9,10,,,,,,,,,,,,,,,31,581
M4/2156B,09/04/2025 00:00:00,20:14:00,80,497,9,3,7,,,,,,,,,,,,,,,32,516
M4/2156B,09/04/2025 00:00:00,20:29:00,81,500,13,4,5,,,,,,,,,,,,,,,32,522
M4/2156B,09/04/2025 00:00:00,20:44:00,82,444,15,4,8,,,,,,,,,,,,,,,32,471
M4/2156B,09/04/2025 00:00:00,20:59:00,83,427,14,11,4,,,,,,,,,,,,,,,33,456
M4/2156B,09/04/2025 00:00:00,21:14:00,84,389,6,13,8,,,,,,,,,,,,,,,33,416
M4/2156B,09/04/2025 00:00:00,21:29:00,85,403,3,9,5,,,,,,,,,,,,,,,33,420
M4/2156B,09/04/2025 00:00:00,21:44:00,86,393,5,6,6,,,,,,,,,,,,,,,33,410
M4/2156B,09/04/2025 00:00:00,21:59:00,87,349,7,7,5,,,,,,,,,,,,,,,34,368
M4/2156B,09/04/2025 00:00:00,22:14:00,88,384,15,4,10,,,,,,,,,,,,,,,33,413
M4/2156B,09/04/2025 00:00:00,22:29:00,89,302,4,6,9,,,,,,,,,,,,,,,33,321
M4/2156B,09/04/2025 00:00:00,22:44:00,90,304,8,3,6,,,,,,,,,,,,,,,33,321
M4/2156B,09/04/2025 00:00:00,22:59:00,91,321,7,7,3,,,,,,,,,,,,,,,34,338
M4/2156B,09/04/2025 00:00:00,23:14:00,92,276,10,11,3,,,,,,,,,,,,,,,33,300
M4/2156B,09/04/2025 00:00:00,23:29:00,93,205,10,3,4,,,,,,,,,,,,,,,35,222
M4/2156B,09/04/2025 00:00:00,23:44:00,94,197,12,4,4,,,,,,,,,,,,,,,34,217
M4/2156B,09/04/2025 00:00:00,23:59:00,95,129,11,8,7,,,,,,,,,,,,,,,36,155
M4/2156B,10/04/2025 00:00:00,00:14:00,0,117,10,6,3,,,,,,,,,,,,,,,36,136
M4/2156B,10/04/2025 00:00:00,00:29:00,1,89,11,3,5,,,,,,,,,,,,,,,36,108
M4/2156B,10/04/2025 00:00:00,00:44:00,2,85,2,4,4,,,,,,,,,,,,,,,36,95
M4/2156B,10/04/2025 00:00:00,00:59:00,3,84,10,1,2,,,,,,,,,,,,,,,37,97
M4/2156B,10/04/2025 00:00:00,01:14:00,4,68,6,5,4,,,,,,,,,,,,,,,36,83
M4/2156B,10/04/2025 00:00:00,01:29:00,5,70,3,2,4,,,,,,,,,,,,,,,35,79
M4/2156B,10/04/2025 00:00:00,01:44:00,6,66,8,4,8,,,,,,,,,,,,,,,36,86
M4/2156B,10/04/2025 00:00:00,01:59:00,7,41,1,4,4,,,,,,,,,,,,,,,39,50
M4/2156B,10/04/2025 00:00:00,02:14:00,8,30,7,4,4,,,,,,,,,,,,,,,36,45
M4/2156B,10/04/2025 00:00:00,02:29:00,9,30,6,5,5,,,,,,,,,,,,,,,36,46
M4/2156B,10/04/2025 00:00:00,02:44:00,10,30,6,3,1,,,,,,,,,,,,,,,36,40
M4/2156B,10/04/2025 00:00:00,02:59:00,11,34,5,6,2,,,,,,,,,,,,,,,36,47
M4/2156B,10/04/2025 00:00:00,03:14:00,12,38,5,7,2,,,,,,,,,,,,,,,36,52
M4/2156B,10/04/2025 00:00:00,03:29:00,13,47,8,4,7,,,,,,,,,,,,,,,35,66
M4/2156B,10/04/2025 00:00:00,03:44:00,14,44,5,7,6,,,,,,,,,,,,,,,37,62
M4/2156B,10/04/2025 00:00:00,03:59:00,15,72,16,8,5,,,,,,,,,,,,,,,36,101
M4/2156B,10/04/2025 00:00:00,04:14:00,16,83,7,6,2,,,,,,,,,,,,,,,36,98
M4/2156B,10/04/2025 00:00:00,04:29:00,17,94,13,10,5,,,,,,,,,,,,,,,35,122
M4/2156B,10/04/2025 00:00:00,04:44:00,18,123,12,12,3,,,,,,,,,,,,,,,34,150
M4/2156B,10/04/2025 00:00:00,04:59:00,19,167,7,24,8,,,,,,,,,,,,,,,34,206
M4/2156B,10/04/2025 00:00:00,05:14:00,20,174,10,15,6,,,,,,,,,,,,,,,35,205
M4/2156B,10/04/2025 00:00:00,05:29:00,21,218,20,22,14,,,,,,,,,,,,,,,34,274
M4/2156B,10/04/2025 00:00:00,05:44:00,22,293,27,23,11,,,,,,,,,,,,,,,33,354
M4/2156B,10/04/2025 00:00:00,05:59:00,23,407,38,40,14,,,,,,,,,,,,,,,33,499
M4/2156B,10/04/2025 00:00:00,06:14:00,24,539,40,31,17,,,,,,,,,,,,,,,29,627
M4/2156B,10/04/2025 00:00:00,06:29:00,25,697,47,55,12,,,,,,,,,,,,,,,26,811
M4/2156B,10/04/2025 00:00:00,06:44:00,26,614,42,52,15,,,,,,,,,,,,,,,25,723
M4/2156B,10/04/2025 00:00:00,06:59:00,27,601,54,50,14,,,,,,,,,,,,,,,21,719
M4/2156B,10/04/2025 00:00:00,07:14:00,28,617,49,55,20,,,,,,,,,,,,,,,23,741
M4/2156B,10/04/2025 00:00:00,07:29:00,29,595,45,57,14,,,,,,,,,,,,,,,20,711
M4/2156B,10/04/2025 00:00:00,07:44:00,30,663,50,31,16,,,,,,,,,,,,,,,23,760
M4/2156B,10/04/2025 00:00:00,07:59:00,31,636,37,46,19,,,,,,,,,,,,,,,24,738
M4/2156B,10/04/2025 00:00:00,08:14:00,32,604,41,41,13,,,,,,,,,,,,,,,23,699
M4/2156B,10/04/2025 00:00:00,08:29:00,33,607,39,37,15,,,,,,,,,,,,,,,24,698
M4/2156B,10/04/2025 00:00:00,08:44:00,34,602,42,35,15,,,,,,,,,,,,,,,24,694
M4/2156B,10/04/2025 00:00:00,08:59:00,35,657,40,42,8,,,,,,,,,,,,,,,23,747
M4/2156B,10/04/2025 00:00:00,09:14:00,36,616,38,28,16,,,,,,,,,,,,,,,22,698
M4/2156B,10/04/2025 00:00:00,09:29:00,37,604,39,40,12,,,,,,,,,,,,,,,24,695
M4/2156B,10/04/2025 00:00:00,09:44:00,38,604,26,38,15,,,,,,,,,,,,,,,24,683
M4/2156B,10/04/2025 00:00:00,09:59:00,39,613,31,30,8,,,,,,,,,,,,,,,24,682
M4/2156B,10/04/2025 00:00:00,10:14:00,40,603,33,38,13,,,,,,,,,,,,,,,24,687
M4/2156B,10/04/2025 00:00:00,10:29:00,41,588,32,30,16,,,,,,,,,,,,,,,23,666
M4/2156B,10/04/2025 00:00:00,10:44:00,42,627,31,28,13,,,,,,,,,,,,,,,23,699
M4/2156B,10/04/2025 00:00:00,10:59:00,43,574,34,27,16,,,,,,,,,,,,,,,27,651
M4/2156B,10/04/2025 00:00:00,11:14:00,44,529,32,33,9,,,,,,,,,,,,,,,31,603
M4/2156B,10/04/2025 00:00:00,11:29:00,45,597,35,40,17,,,,,,,,,,,,,,,29,689
M4/2156B,10/04/2025 00:00:00,11:44:00,46,635,38,24,23,,,,,,,,,,,,,,,29,720
M4/2156B,10/04/2025 00:00:00,11:59:00,47,598,38,26,13,,,,,,,,,,,,,,,30,675
M4/2156B,10/04/2025 00:00:00,12:14:00,48,578,32,27,5,,,,,,,,,,,,,,,28,642
M4/2156B,10/04/2025 00:00:00,12:29:00,49,584,27,20,9,,,,,,,,,,,,,,,32,640
M4/2156B,10/04/2025 00:00:00,12:44:00,50,580,29,25,4,,,,,,,,,,,,,,,31,638
M4/2156B,10/04/2025 00:00:00,12:59:00,51,570,26,19,13,,,,,,,,,,,,,,,32,628
M4/2156B,10/04/2025 00:00:00,13:14:00,52,518,25,24,14,,,,,,,,,,,,,,,32,581
M4/2156B,10/04/2025 00:00:00,13:29:00,53,526,21,20,11,,,,,,,,,,,,,,,32,578
M4/2156B,10/04/2025 00:00:00,13:44:00,54,545,23,18,7,,,,,,,,,,,,,,,32,593
M4/2156B,10/04/2025 00:00:00,13:59:00,55,521,19,17,14,,,,,,,,,,,,,,,32,571
M4/2156B,10/04/2025 00:00:00,14:14:00,56,507,22,28,9,,,,,,,,,,,,,,,32,566
M4/2156B,10/04/2025 00:00:00,14:29:00,57,529,18,18,8,,,,,,,,,,,,,,,32,573
M4/2156B,10/04/2025 00:00:00,14:44:00,58,568,26,16,8,,,,,,,,,,,,,,,32,618
M4/2156B,10/04/2025 00:00:00,14:59:00,59,489,18,18,9,,,,,,,,,,,,,,,32,534
M4/2156B,10/04/2025 00:00:00,15:14:00,60,582,22,25,8,,,,,,,,,,,,,,,31,637
M4/2156B,10/04/2025 00:00:00,15:29:00,61,628,29,11,6,,,,,,,,,,,,,,,30,674
M4/2156B,10/04/2025 00:00:00,15:44:00,62,485,15,17,5,,,,,,,,,,,,,,,31,522
M4/2156B,10/04/2025 00:00:00,15:59:00,63,595,23,16,8,,,,,,,,,,,,,,,29,642
M4/2156B,10/04/2025 00:00:00,16:14:00,64,625,19,11,6,,,,,,,,,,,,,,,28,661
M4/2156B,10/04/2025 00:00:00,16:29:00,65,711,19,11,5,,,,,,,,,,,,,,,28,747
M4/2156B,10/04/2025 00:00:00,16:44:00,66,712,26,12,8,,,,,,,,,,,,,,,23,758
M4/2156B,10/04/2025 00:00:00,16:59:00,67,687,16,10,12,,,,,,,,,,,,,,,20,724
M4/2156B,10/04/2025 00:00:00,17:14:00,68,697,19,9,8,,,,,,,,,,,,,,,25,733
M4/2156B,10/04/2025 00:00:00,17:29:00,69,650,15,12,5,,,,,,,,,,,,,,,26,682
M4/2156B,10/04/2025 00:00:00,17:44:00,70,707,17,16,11,,,,,,,,,,,,,,,26,751
M4/2156B,10/04/2025 00:00:00,17:59:00,71,697,13,13,8,,,,,,,,,,,,,,,24,731
M4/2156B,10/04/2025 00:00:00,18:14:00,72,727,16,6,7,,,,,,,,,,,,,,,23,756
M4/2156B,10/04/2025 00:00:00,18:29:00,73,704,12,6,6,,,,,,,,,,,,,,,21,728
M4/2156B,10/04/2025 00:00:00,18:44:00,74,689,15,10,4,,,,,,,,,,,,,,,22,718
M4/2156B,10/04/2025 00:00:00,18:59:00,75,688,9,10,13,,,,,,,,,,,,,,,24,720
M4/2156B,10/04/2025 00:00:00,19:14:00,76,707,12,9,14,,,,,,,,,,,,,,,25,742
M4/2156B,10/04/2025 00:00:00,19:29:00,77,629,23,11,12,,,,,,,,,,,,,,,20,675
M4/2156B,10/04/2025 00:00:00,19:44:00,78,629,17,16,8,,,,,,,,,,,,,,,20,670
M4/2156B,10/04/2025 00:00:00,19:59:00,79,522,10,14,2,,,,,,,,,,,,,,,31,548
M4/2156B,10/04/2025 00:00:00,20:14:00,80,462,8,6,6,,,,,,,,,,,,,,,32,482
M4/2156B,10/04/2025 00:00:00,20:29:00,81,514,7,2,5,,,,,,,,,,,,,,,31,528
M4/2156B,10/04/2025 00:00:00,20:44:00,82,473,6,8,4,,,,,,,,,,,,,,,32,491
M4/2156B,10/04/2025 00:00:00,20:59:00,83,411,7,7,5,,,,,,,,,,,,,,,33,430
M4/2156B,10/04/2025 00:00:00,21:14:00,84,407,9,8,7,,,,,,,,,,,,,,,33,431
M4/2156B,10/04/2025 00:00:00,21:29:00,85,418,8,13,5,,,,,,,,,,,,,,,33,444
M4/2156B,10/04/2025 00:00:00,21:44:00,86,369,11,8,5,,,,,,,,,,,,,,,33,393
M4/2156B,10/04/2025 00:00:00,21:59:00,87,371,6,6,4,,,,,,,,,,,,,,,33,387
M4/2156B,10/04/2025 00:00:00,22:14:00,88,372,10,4,9,,,,,,,,,,,,,,,33,395
M4/2156B,10/04/2025 00:00:00,22:29:00,89,299,8,4,5,,,,,,,,,,,,,,,34,316
M4/2156B,10/04/2025 00:00:00,22:44:00,90,324,9,7,4,,,,,,,,,,,,,,,34,344
M4/2156B,10/04/2025 00:00:00,22:59:00,91,288,10,2,6,,,,,,,,,,,,,,,34,306
M4/2156B,10/04/2025 00:00:00,23:14:00,92,266,7,4,3,,,,,,,,,,,,,,,35,280
M4/2156B,10/04/2025 00:00:00,23:29:00,93,248,9,2,2,,,,,,,,,,,,,,,34,261
M4/2156B,10/04/2025 00:00:00,23:44:00,94,246,10,4,2,,,,,,,,,,,,,,,34,262
M4/2156B,10/04/2025 00:00:00,23:59:00,95,225,10,5,3,,,,,,,,,,,,,,,34,243
M4/2156B,11/04/2025 00:00:00,00:14:00,0,153,7,9,4,,,,,,,,,,,,,,,34,173
M4/2156B,11/04/2025 00:00:00,00:29:00,1,113,6,0,3,,,,,,,,,,,,,,,34,122
M4/2156B,11/04/2025 00:00:00,00:44:00,2,94,5,2,5,,,,,,,,,,,,,,,36,106
M4/2156B,11/04/2025 00:00:00,00:59:00,3,90,5,5,1,,,,,,,,,,,,,,,35,101
M4/2156B,11/04/2025 00:00:00,01:14:00,4,70,5,3,4,,,,,,,,,,,,,,,34,82
M4/2156B,11/04/2025 00:00:00,01:29:00,5,74,9,2,0,,,,,,,,,,,,,,,36,85
M4/2156B,11/04/2025 00:00:00,01:44:00,6,62,10,4,4,,,,,,,,,,,,,,,36,80
M4/2156B,11/04/2025 00:00:00,01:59:00,7,46,3,2,4,,,,,,,,,,,,,,,35,55
M4/2156B,11/04/2025 00:00:00,02:14:00,8,47,11,3,4,,,,,,,,,,,,,,,37,65
M4/2156B,11/04/2025 00:00:00,02:29:00,9,39,11,6,4,,,,,,,,,,,,,,,36,60
M4/2156B,11/04/2025 00:00:00,02:44:00,10,37,3,0,3,,,,,,,,,,,,,,,37,43
M4/2156B,11/04/2025 00:00:00,02:59:00,11,42,6,4,3,,,,,,,,,,,,,,,36,55
M4/2156B,11/04/2025 00:00:00,03:14:00,12,42,10,7,4,,,,,,,,,,,,,,,36,63
M4/2156B,11/04/2025 00:00:00,03:29:00,13,48,10,8,5,,,,,,,,,,,,,,,36,71
M4/2156B,11/04/2025 00:00:00,03:44:00,14,81,9,8,3,,,,,,,,,,,,,,,36,101
M4/2156B,11/04/2025 00:00:00,03:59:00,15,66,5,6,4,,,,,,,,,,,,,,,36,81
M4/2156B,11/04/2025 00:00:00,04:14:00,16,78,8,12,4,,,,,,,,,,,,,,,35,102
M4/2156B,11/04/2025 00:00:00,04:29:00,17,97,9,21,7,,,,,,,,,,,,,,,35,134
M4/2156B,11/04/2025 00:00:00,04:44:00,18,138,10,12,4,,,,,,,,,,,,,,,35,164
M4/2156B,11/04/2025 00:00:00,04:59:00,19,145,12,20,5,,,,,,,,,,,,,,,35,182
M4/2156B,11/04/2025 00:00:00,05:14:00,20,169,18,20,8,,,,,,,,,,,,,,,35,215
M4/2156B,11/04/2025 00:00:00,05:29:00,21,198,20,24,10,,,,,,,,,,,,,,,34,252
M4/2156B,11/04/2025 00:00:00,05:44:00,22,261,20,29,7,,,,,,,,,,,,,,,34,317
M4/2156B,11/04/2025 00:00:00,05:59:00,23,342,28,32,16,,,,,,,,,,,,,,,33,418
M4/2156B,11/04/2025 00:00:00,06:14:00,24,509,31,42,18,,,,,,,,,,,,,,,32,600
M4/2156B,11/04/2025 00:00:00,06:29:00,25,618,57,66,13,,,,,,,,,,,,,,,25,754
M4/2156B,11/04/2025 00:00:00,06:44:00,26,624,53,57,18,,,,,,,,,,,,,,,27,752
M4/2156B,11/04/2025 00:00:00,06:59:00,27,579,46,48,19,,,,,,,,,,,,,,,21,692
M4/2156B,11/04/2025 00:00:00,07:14:00,28,532,51,42,22,,,,,,,,,,,,,,,18,647
M4/2156B,11/04/2025 00:00:00,07:29:00,29,562,39,50,16,,,,,,,,,,,,,,,19,667
M4/2156B,11/04/2025 00:00:00,07:44:00,30,617,45,50,12,,,,,,,,,,,,,,,22,724
M4/2156B,11/04/2025 00:00:00,07:59:00,31,583,47,57,16,,,,,,,,,,,,,,,22,703
M4/2156B,11/04/2025 00:00:00,08:14:00,32,600,42,38,19,,,,,,,,,,,,,,,24,699
M4/2156B,11/04/2025 00:00:00,08:29:00,33,607,43,36,18,,,,,,,,,,,,,,,25,704
M4/2156B,11/04/2025 00:00:00,08:44:00,34,631,33,29,5,,,,,,,,,,,,,,,25,699
M4/2156B,11/04/2025 00:00:00,08:59:00,35,574,46,38,11,,,,,,,,,,,,,,,23,669
M4/2156B,11/04/2025 00:00:00,09:14:00,36,603,36,36,7,,,,,,,,,,,,,,,24,682
M4/2156B,11/04/2025 00:00:00,09:29:00,37,522,30,28,9,,,,,,,,,,,,,,,30,589
M4/2156B,11/04/2025 00:00:00,09:44:00,38,619,34,32,6,,,,,,,,,,,,,,,29,691
M4/2156B,11/04/2025 00:00:00,09:59:00,39,601,35,31,11,,,,,,,,,,,,,,,30,678
M4/2156B,11/04/2025 00:00:00,10:14:00,40,634,38,30,12,,,,,,,,,,,,,,,27,714
M4/2156B,11/04/2025 00:00:00,10:29:00,41,625,42,40,16,,,,,,,,,,,,,,,28,723
M4/2156B,11/04/2025 00:00:00,10:44:00,42,638,32,34,16,,,,,,,,,,,,,,,25,720
M4/2156B,11/04/2025 00:00:00,10:59:00,43,641,38,34,14,,,,,,,,,,,,,,,24,727
M4/2156B,11/04/2025 00:00:00,11:14:00,44,646,34,28,18,,,,,,,,,,,,,,,24,726
M4/2156B,11/04/2025 00:00:00,11:29:00,45,638,28,31,11,,,,,,,,,,,,,,,24,708
M4/2156B,11/04/2025 00:00:00,11:44:00,46,602,27,21,12,,,,,,,,,,,,,,,29,662
M4/2156B,11/04/2025 00:00:00,11:59:00,47,597,36,35,7,,,,,,,,,,,,,,,30,675
M4/2156B,11/04/2025 00:00:00,12:14:00,48,601,27,29,11,,,,,,,,,,,,,,,31,668
M4/2156B,11/04/2025 00:00:00,12:29:00,49,606,31,24,7,,,,,,,,,,,,,,,30,668
M4/2156B,11/04/2025 00:00:00,12:44:00,50,602,24,22,7,,,,,,,,,,,,,,,31,655
M4/2156B,11/04/2025 00:00:00,12:59:00,51,595,33,18,8,,,,,,,,,,,,,,,28,654
M4/2156B,11/04/2025 00:00:00,13:14:00,52,509,21,21,11,,,,,,,,,,,,,,,32,562
M4/2156B,11/04/2025 00:00:00,13:29:00,53,506,22,14,9,,,,,,,,,,,,,,,32,551
M4/2156B,11/04/2025 00:00:00,13:44:00,54,525,22,15,4,,,,,,,,,,,,,,,32,566
M4/2156B,11/04/2025 00:00:00,13:59:00,55,577,26,21,11,,,,,,,,,,,,,,,31,635
M4/2156B,11/04/2025 00:00:00,14:14:00,56,607,21,14,14,,,,,,,,,,,,,,,31,656
M4/2156B,11/04/2025 00:00:00,14:29:00,57,610,21,10,8,,,,,,,,,,,,,,,31,649
M4/2156B,11/04/2025 00:00:00,14:44:00,58,620,17,19,7,,,,,,,,,,,,,,,30,663
M4/2156B,11/04/2025 00:00:00,14:59:00,59,673,19,22,9,,,,,,,,,,,,,,,28,723
M4/2156B,11/04/2025 00:00:00,15:14:00,60,636,18,23,8,,,,,,,,,,,,,,,26,685
M4/2156B,11/04/2025 00:00:00,15:29:00,61,604,20,11,3,,,,,,,,,,,,,,,30,638
M4/2156B,11/04/2025 00:00:00,15:44:00,62,615,27,13,7,,,,,,,,,,,,,,,30,662
M4/2156B,11/04/2025 00:00:00,15:59:00,63,595,20,17,5,,,,,,,,,,,,,,,30,637
M4/2156B,11/04/2025 00:00:00,16:14:00,64,660,26,10,14,,,,,,,,,,,,,,,27,710
M4/2156B,11/04/2025 00:00:00,16:29:00,65,676,15,17,9,,,,,,,,,,,,,,,23,718
M4/2156B,11/04/2025 00:00:00,16:44:00,66,700,15,8,10,,,,,,,,,,,,,,,25,733
M4/2156B,11/04/2025 00:00:00,16:59:00,67,693,13,16,9,,,,,,,,,,,,,,,22,730
M4/2156B,11/04/2025 00:00:00,17:14:00,68,685,30,10,10,,,,,,,,,,,,,,,21,735
M4/2156B,11/04/2025 00:00:00,17:29:00,69,720,16,9,6,,,,,,,,,,,,,,,21,751
M4/2156B,11/04/2025 00:00:00,17:40:00,70,705,13,17,8,,,,,,,,,,,,,,,23,743
M4/2156B,11/04/2025 00:00:00,17:59:00,71,718,10,18,9,,,,,,,,,,,,,,,22,755
M4/2156B,11/04/2025 00:00:00,18:14:00,72,677,14,9,12,,,,,,,,,,,,,,,18,712
M4/2156B,11/04/2025 00:00:00,18:29:00,73,719,18,2,7,,,,,,,,,,,,,,,23,746
M4/2156B,11/04/2025 00:00:00,18:44:00,74,710,15,14,8,,,,,,,,,,,,,,,20,747
M4/2156B,11/04/2025 00:00:00,18:59:00,75,679,11,11,15,,,,,,,,,,,,,,,25,716
M4/2156B,11/04/2025 00:00:00,19:14:00,76,636,16,11,14,,,,,,,,,,,,,,,20,677
M4/2156B,11/04/2025 00:00:00,19:29:00,77,673,14,9,9,,,,,,,,,,,,,,,21,705
M4/2156B,11/04/2025 00:00:00,19:44:00,78,649,11,14,12,,,,,,,,,,,,,,,24,686
M4/2156B,11/04/2025 00:00:00,19:59:00,79,639,10,10,10,,,,,,,,,,,,,,,25,669
M4/2156B,11/04/2025 00:00:00,20:14:00,80,571,8,12,1,,,,,,,,,,,,,,,31,592
M4/2156B,11/04/2025 00:00:00,20:29:00,81,501,8,6,10,,,,,,,,,,,,,,,31,525
M4/2156B,11/04/2025 00:00:00,20:44:00,82,502,12,0,8,,,,,,,,,,,,,,,32,522
M4/2156B,11/04/2025 00:00:00,20:59:00,83,485,10,13,15,,,,,,,,,,,,,,,32,523
M4/2156B,11/04/2025 00:00:00,21:14:00,84,468,8,8,8,,,,,,,,,,,,,,,32,492
M4/2156B,11/04/2025 00:00:00,21:29:00,85,403,14,9,5,,,,,,,,,,,,,,,32,431
M4/2156B,11/04/2025 00:00:00,21:44:00,86,436,6,7,3,,,,,,,,,,,,,,,32,452
M4/2156B,11/04/2025 00:00:00,21:59:00,87,422,13,8,6,,,,,,,,,,,,,,,33,449
M4/2156B,11/04/2025 00:00:00,22:14:00,88,364,2,7,7,,,,,,,,,,,,,,,34,380
M4/2156B,11/04/2025 00:00:00,22:29:00,89,361,9,6,9,,,,,,,,,,,,,,,33,385
M4/2156B,11/04/2025 00:00:00,22:44:00,90,319,4,4,5,,,,,,,,,,,,,,,33,332
M4/2156B,11/04/2025 00:00:00,22:59:00,91,307,10,5,4,,,,,,,,,,,,,,,33,326
M4/2156B,11/04/2025 00:00:00,23:14:00,92,297,9,4,2,,,,,,,,,,,,,,,34,312
M4/2156B,11/04/2025 00:00:00,23:29:00,93,233,5,4,6,,,,,,,,,,,,,,,34,248
M4/2156B,11/04/2025 00:00:00,23:44:00,94,259,6,5,3,,,,,,,,,,,,,,,33,273
M4/2156B,11/04/2025 00:00:00,23:59:00,95,196,9,5,5,,,,,,,,,,,,,,,35,215
M4/2156B,12/04/2025 00:00:00,00:14:00,0,176,5,4,3,,,,,,,,,,,,,,,35,188
M4/2156B,12/04/2025 00:00:00,00:29:00,1,161,8,7,5,,,,,,,,,,,,,,,34,181
M4/2156B,12/04/2025 00:00:00,00:44:00,2,123,7,4,5,,,,,,,,,,,,,,,35,139
M4/2156B,12/04/2025 00:00:00,00:59:00,3,130,4,3,3,,,,,,,,,,,,,,,35,140
M4/2156B,12/04/2025 00:00:00,01:14:00,4,103,3,3,5,,,,,,,,,,,,,,,36,114
M4/2156B,12/04/2025 00:00:00,01:29:00,5,100,2,3,4,,,,,,,,,,,,,,,35,109
M4/2156B,12/04/2025 00:00:00,01:44:00,6,58,5,0,5,,,,,,,,,,,,,,,34,68
M4/2156B,12/04/2025 00:00:00,01:59:00,7,76,1,2,7,,,,,,,,,,,,,,,36,86
M4/2156B,12/04/2025 00:00:00,02:14:00,8,70,3,3,3,,,,,,,,,,,,,,,36,79
M4/2156B,12/04/2025 00:00:00,02:29:00,9,60,7,5,1,,,,,,,,,,,,,,,36,73
M4/2156B,12/04/2025 00:00:00,02:44:00,10,64,5,2,6,,,,,,,,,,,,,,,36,77
M4/2156B,12/04/2025 00:00:00,02:59:00,11,61,2,3,2,,,,,,,,,,,,,,,36,68
M4/2156B,12/04/2025 00:00:00,03:14:00,12,40,2,2,6,,,,,,,,,,,,,,,37,50
M4/2156B,12/04/2025 00:00:00,03:29:00,13,45,7,5,5,,,,,,,,,,,,,,,36,62
M4/2156B,12/04/2025 00:00:00,03:44:00,14,51,9,3,3,,,,,,,,,,,,,,,36,66
M4/2156B,12/04/2025 00:00:00,03:59:00,15,52,5,8,3,,,,,,,,,,,,,,,36,68
M4/2156B,12/04/2025 00:00:00,04:14:00,16,85,3,4,6,,,,,,,,,,,,,,,34,98
M4/2156B,12/04/2025 00:00:00,04:29:00,17,101,6,9,10,,,,,,,,,,,,,,,35,126
M4/2156B,12/04/2025 00:00:00,04:44:00,18,117,5,10,7,,,,,,,,,,,,,,,35,139
M4/2156B,12/04/2025 00:00:00,04:59:00,19,117,5,7,6,,,,,,,,,,,,,,,35,135
M4/2156B,12/04/2025 00:00:00,05:14:00,20,142,11,10,4,,,,,,,,,,,,,,,34,167
M4/2156B,12/04/2025 00:00:00,05:29:00,21,140,8,12,5,,,,,,,,,,,,,,,35,165
M4/2156B,12/04/2025 00:00:00,05:44:00,22,174,24,13,9,,,,,,,,,,,,,,,34,220
M4/2156B,12/04/2025 00:00:00,05:59:00,23,202,8,21,11,,,,,,,,,,,,,,,34,242
M4/2156B,12/04/2025 00:00:00,06:14:00,24,246,18,15,4,,,,,,,,,,,,,,,34,283
M4/2156B,12/04/2025 00:00:00,06:29:00,25,324,23,11,6,,,,,,,,,,,,,,,34,364
M4/2156B,12/04/2025 00:00:00,06:44:00,26,373,21,33,13,,,,,,,,,,,,,,,33,440
M4/2156B,12/04/2025 00:00:00,06:59:00,27,392,42,23,9,,,,,,,,,,,,,,,33,466
M4/2156B,12/04/2025 00:00:00,07:14:00,28,440,33,30,7,,,,,,,,,,,,,,,32,510
M4/2156B,12/04/2025 00:00:00,07:29:00,29,544,39,33,13,,,,,,,,,,,,,,,30,629
M4/2156B,12/04/2025 00:00:00,07:44:00,30,573,27,29,13,,,,,,,,,,,,,,,26,642
M4/2156B,12/04/2025 00:00:00,07:59:00,31,538,25,14,13,,,,,,,,,,,,,,,31,590
M4/2156B,12/04/2025 00:00:00,08:14:00,32,508,30,23,7,,,,,,,,,,,,,,,32,568
M4/2156B,12/04/2025 00:00:00,08:29:00,33,555,21,17,7,,,,,,,,,,,,,,,32,600
M4/2156B,12/04/2025 00:00:00,08:44:00,34,595,28,20,14,,,,,,,,,,,,,,,31,657
M4/2156B,12/04/2025 00:00:00,08:59:00,35,581,20,11,16,,,,,,,,,,,,,,,31,628
M4/2156B,12/04/2025 00:00:00,09:14:00,36,600,27,7,9,,,,,,,,,,,,,,,32,643
M4/2156B,12/04/2025 00:00:00,09:29:00,37,658,23,16,9,,,,,,,,,,,,,,,30,706
M4/2156B,12/04/2025 00:00:00,09:44:00,38,646,21,20,8,,,,,,,,,,,,,,,30,695
M4/2156B,12/04/2025 00:00:00,09:59:00,39,615,17,16,7,,,,,,,,,,,,,,,31,655
M4/2156B,12/04/2025 00:00:00,10:14:00,40,645,16,18,6,,,,,,,,,,,,,,,21,685
M4/2156B,12/04/2025 00:00:00,10:29:00,41,656,14,10,11,,,,,,,,,,,,,,,21,691
M4/2156B,12/04/2025 00:00:00,10:44:00,42,676,12,9,11,,,,,,,,,,,,,,,22,708
M4/2156B,12/04/2025 00:00:00,10:59:00,43,728,17,6,10,,,,,,,,,,,,,,,25,761
M4/2156B,12/04/2025 00:00:00,11:14:00,44,680,21,15,12,,,,,,,,,,,,,,,23,728
M4/2156B,12/04/2025 00:00:00,11:29:00,45,694,15,11,10,,,,,,,,,,,,,,,22,730
M4/2156B,12/04/2025 00:00:00,11:44:00,46,690,21,15,9,,,,,,,,,,,,,,,25,735
M4/2156B,12/04/2025 00:00:00,11:59:00,47,716,17,9,8,,,,,,,,,,,,,,,25,750
M4/2156B,12/04/2025 00:00:00,12:14:00,48,719,18,7,5,,,,,,,,,,,,,,,26,749
M4/2156B,12/04/2025 00:00:00,12:29:00,49,685,14,7,10,,,,,,,,,,,,,,,25,716
M4/2156B,12/04/2025 00:00:00,12:44:00,50,702,12,3,11,,,,,,,,,,,,,,,25,728
M4/2156B,12/04/2025 00:00:00,12:59:00,51,721,13,8,12,,,,,,,,,,,,,,,27,754
M4/2156B,12/04/2025 00:00:00,13:14:00,52,702,16,4,6,,,,,,,,,,,,,,,22,728
M4/2156B,12/04/2025 00:00:00,13:29:00,53,761,15,7,7,,,,,,,,,,,,,,,26,790
M4/2156B,12/04/2025 00:00:00,13:44:00,54,737,14,3,10,,,,,,,,,,,,,,,26,764
M4/2156B,12/04/2025 00:00:00,13:59:00,55,702,14,13,9,,,,,,,,,,,,,,,22,738
M4/2156B,12/04/2025 00:00:00,14:14:00,56,686,27,6,3,,,,,,,,,,,,,,,21,722
M4/2156B,12/04/2025 00:00:00,14:29:00,57,716,15,4,5,,,,,,,,,,,,,,,20,740
M4/2156B,12/04/2025 00:00:00,14:44:00,58,717,14,6,10,,,,,,,,,,,,,,,18,747
M4/2156B,12/04/2025 00:00:00,14:59:00,59,694,27,7,6,,,,,,,,,,,,,,,22,734
M4/2156B,12/04/2025 00:00:00,15:14:00,60,696,18,7,15,,,,,,,,,,,,,,,22,736
M4/2156B,12/04/2025 00:00:00,15:29:00,61,688,7,12,10,,,,,,,,,,,,,,,25,717
M4/2156B,12/04/2025 00:00:00,15:44:00,62,681,16,10,7,,,,,,,,,,,,,,,28,714
M4/2156B,12/04/2025 00:00:00,15:59:00,63,675,15,7,3,,,,,,,,,,,,,,,28,700
M4/2156B,12/04/2025 00:00:00,16:14:00,64,689,14,6,5,,,,,,,,,,,,,,,24,714
M4/2156B,12/04/2025 00:00:00,16:29:00,65,680,17,6,7,,,,,,,,,,,,,,,26,710
M4/2156B,12/04/2025 00:00:00,16:44:00,66,696,12,7,6,,,,,,,,,,,,,,,26,721
M4/2156B,12/04/2025 00:00:00,16:59:00,67,675,11,8,9,,,,,,,,,,,,,,,25,703
M4/2156B,12/04/2025 00:00:00,17:14:00,68,684,9,1,7,,,,,,,,,,,,,,,24,701
M4/2156B,12/04/2025 00:00:00,17:29:00,69,662,10,8,14,,,,,,,,,,,,,,,26,694
M4/2156B,12/04/2025 00:00:00,17:44:00,70,707,10,7,7,,,,,,,,,,,,,,,24,731
M4/2156B,12/04/2025 00:00:00,17:59:00,71,691,13,14,11,,,,,,,,,,,,,,,26,729
M4/2156B,12/04/2025 00:00:00,18:14:00,72,697,12,5,6,,,,,,,,,,,,,,,25,720
M4/2156B,12/04/2025 00:00:00,18:29:00,73,697,7,2,11,,,,,,,,,,,,,,,26,717
M4/2156B,12/04/2025 00:00:00,18:44:00,74,701,7,10,7,,,,,,,,,,,,,,,26,725
M4/2156B,12/04/2025 00:00:00,18:59:00,75,685,8,9,9,,,,,,,,,,,,,,,26,711
M4/2156B,12/04/2025 00:00:00,19:14:00,76,670,8,2,11,,,,,,,,,,,,,,,26,691
M4/2156B,12/04/2025 00:00:00,19:29:00,77,610,12,4,18,,,,,,,,,,,,,,,21,644
M4/2156B,12/04/2025 00:00:00,19:44:00,78,611,11,9,9,,,,,,,,,,,,,,,24,640
M4/2156B,12/04/2025 00:00:00,19:59:00,79,517,10,7,9,,,,,,,,,,,,,,,31,543
M4/2156B,12/04/2025 00:00:00,20:14:00,80,500,2,8,6,,,,,,,,,,,,,,,32,516
M4/2156B,12/04/2025 00:00:00,20:29:00,81,494,12,2,4,,,,,,,,,,,,,,,32,512
M4/2156B,12/04/2025 00:00:00,20:44:00,82,469,11,7,5,,,,,,,,,,,,,,,33,492
M4/2156B,12/04/2025 00:00:00,20:59:00,83,453,10,8,8,,,,,,,,,,,,,,,32,479
M4/2156B,12/04/2025 00:00:00,21:14:00,84,493,11,5,7,,,,,,,,,,,,,,,32,516
M4/2156B,12/04/2025 00:00:00,21:29:00,85,447,13,4,7,,,,,,,,,,,,,,,32,471
M4/2156B,12/04/2025 00:00:00,21:44:00,86,362,8,6,3,,,,,,,,,,,,,,,33,379
M4/2156B,12/04/2025 00:00:00,21:59:00,87,60,0,0,0,,,,,,,,,,,,,,,35,60
M4/2156B,12/04/2025 00:00:00,22:14:00,88,93,4,1,0,,,,,,,,,,,,,,,35,98
M4/2156B,12/04/2025 00:00:00,22:29:00,89,222,7,1,2,,,,,,,,,,,,,,,34,232
M4/2156B,12/04/2025 00:00:00,22:44:00,90,300,7,2,3,,,,,,,,,,,,,,,33,312
M4/2156B,12/04/2025 00:00:00,22:59:00,91,397,5,4,5,,,,,,,,,,,,,,,33,411
M4/2156B,12/04/2025 00:00:00,23:14:00,92,357,5,3,5,,,,,,,,,,,,,,,33,370
M4/2156B,12/04/2025 00:00:00,23:29:00,93,197,2,4,4,,,,,,,,,,,,,,,33,207
M4/2156B,12/04/2025 00:00:00,23:44:00,94,281,2,2,4,,,,,,,,,,,,,,,33,289
M4/2156B,12/04/2025 00:00:00,23:59:00,95,215,3,1,3,,,,,,,,,,,,,,,34,222
M4/2156B,13/04/2025 00:00:00,00:14:00,0,187,6,1,5,,,,,,,,,,,,,,,35,199
M4/2156B,13/04/2025 00:00:00,00:29:00,1,175,5,2,3,,,,,,,,,,,,,,,34,185
M4/2156B,13/04/2025 00:00:00,00:44:00,2,137,0,2,1,,,,,,,,,,,,,,,34,140
M4/2156B,13/04/2025 00:00:00,00:59:00,3,141,3,0,1,,,,,,,,,,,,,,,35,145
M4/2156B,13/04/2025 00:00:00,01:14:00,4,113,1,2,3,,,,,,,,,,,,,,,36,119
M4/2156B,13/04/2025 00:00:00,01:29:00,5,114,0,1,1,,,,,,,,,,,,,,,34,116
M4/2156B,13/04/2025 00:00:00,01:44:00,6,98,0,0,2,,,,,,,,,,,,,,,36,100
M4/2156B,13/04/2025 00:00:00,01:59:00,7,85,4,1,2,,,,,,,,,,,,,,,35,92
M4/2156B,13/04/2025 00:00:00,02:14:00,8,81,1,2,1,,,,,,,,,,,,,,,36,85
M4/2156B,13/04/2025 00:00:00,02:29:00,9,68,2,0,0,,,,,,,,,,,,,,,36,70
M4/2156B,13/04/2025 00:00:00,02:44:00,10,63,1,0,0,,,,,,,,,,,,,,,36,64
M4/2156B,13/04/2025 00:00:00,02:59:00,11,63,3,3,3,,,,,,,,,,,,,,,35,72
M4/2156B,13/04/2025 00:00:00,03:14:00,12,64,2,3,2,,,,,,,,,,,,,,,36,71
M4/2156B,13/04/2025 00:00:00,03:29:00,13,54,2,2,2,,,,,,,,,,,,,,,34,60
M4/2156B,13/04/2025 00:00:00,03:44:00,14,74,1,5,1,,,,,,,,,,,,,,,36,81
M4/2156B,13/04/2025 00:00:00,03:59:00,15,70,3,1,5,,,,,,,,,,,,,,,35,79
M4/2156B,13/04/2025 00:00:00,04:14:00,16,75,1,4,2,,,,,,,,,,,,,,,36,82
M4/2156B,13/04/2025 00:00:00,04:29:00,17,91,4,2,3,,,,,,,,,,,,,,,35,100
M4/2156B,13/04/2025 00:00:00,04:44:00,18,81,2,6,1,,,,,,,,,,,,,,,36,90
M4/2156B,13/04/2025 00:00:00,04:59:00,19,108,5,10,7,,,,,,,,,,,,,,,35,130
M4/2156B,13/04/2025 00:00:00,05:14:00,20,112,4,6,6,,,,,,,,,,,,,,,35,128
M4/2156B,13/04/2025 00:00:00,05:29:00,21,154,3,10,2,,,,,,,,,,,,,,,35,169
M4/2156B,13/04/2025 00:00:00,05:44:00,22,155,10,10,10,,,,,,,,,,,,,,,35,185
M4/2156B,13/04/2025 00:00:00,05:59:00,23,192,11,4,7,,,,,,,,,,,,,,,35,214
M4/2156B,13/04/2025 00:00:00,06:14:00,24,214,7,13,7,,,,,,,,,,,,,,,34,241
M4/2156B,13/04/2025 00:00:00,06:29:00,25,276,8,13,3,,,,,,,,,,,,,,,34,300
M4/2156B,13/04/2025 00:00:00,06:44:00,26,299,10,15,7,,,,,,,,,,,,,,,33,331
M4/2156B,13/04/2025 00:00:00,06:59:00,27,299,16,14,6,,,,,,,,,,,,,,,34,335
M4/2156B,13/04/2025 00:00:00,07:14:00,28,353,18,18,8,,,,,,,,,,,,,,,33,397
M4/2156B,13/04/2025 00:00:00,07:29:00,29,393,7,11,4,,,,,,,,,,,,,,,33,415
M4/2156B,13/04/2025 00:00:00,07:44:00,30,420,15,15,12,,,,,,,,,,,,,,,33,462
M4/2156B,13/04/2025 00:00:00,07:59:00,31,436,15,14,13,,,,,,,,,,,,,,,33,478
M4/2156B,13/04/2025 00:00:00,08:14:00,32,418,16,15,7,,,,,,,,,,,,,,,33,456
M4/2156B,13/04/2025 00:00:00,08:29:00,33,506,17,12,10,,,,,,,,,,,,,,,32,545
M4/2156B,13/04/2025 00:00:00,08:44:00,34,494,11,6,9,,,,,,,,,,,,,,,33,520
M4/2156B,13/04/2025 00:00:00,08:59:00,35,587,15,13,12,,,,,,,,,,,,,,,31,627
M4/2156B,13/04/2025 00:00:00,09:14:00,36,599,11,14,5,,,,,,,,,,,,,,,31,629
M4/2156B,13/04/2025 00:00:00,09:29:00,37,667,9,13,7,,,,,,,,,,,,,,,31,696
M4/2156B,13/04/2025 00:00:00,09:44:00,38,660,13,9,8,,,,,,,,,,,,,,,30,690
M4/2156B,13/04/2025 00:00:00,09:59:00,39,680,14,6,12,,,,,,,,,,,,,,,29,712
M4/2156B,13/04/2025 00:00:00,10:14:00,40,629,12,10,9,,,,,,,,,,,,,,,31,660
M4/2156B,13/04/2025 00:00:00,10:29:00,41,733,18,7,11,,,,,,,,,,,,,,,29,769
M4/2156B,13/04/2025 00:00:00,10:44:00,42,679,16,11,7,,,,,,,,,,,,,,,23,713
M4/2156B,13/04/2025 00:00:00,10:59:00,43,682,13,6,14,,,,,,,,,,,,,,,25,715
M4/2156B,13/04/2025 00:00:00,11:14:00,44,728,14,3,9,,,,,,,,,,,,,,,21,754
M4/2156B,13/04/2025 00:00:00,11:29:00,45,727,16,8,7,,,,,,,,,,,,,,,23,758
M4/2156B,13/04/2025 00:00:00,11:44:00,46,746,23,11,12,,,,,,,,,,,,,,,23,792
M4/2156B,13/04/2025 00:00:00,11:59:00,47,718,11,11,12,,,,,,,,,,,,,,,20,752
M4/2156B,13/04/2025 00:00:00,12:14:00,48,753,7,8,7,,,,,,,,,,,,,,,25,775
M4/2156B,13/04/2025 00:00:00,12:29:00,49,736,21,11,6,,,,,,,,,,,,,,,21,774
M4/2156B,13/04/2025 00:00:00,12:44:00,50,736,8,10,7,,,,,,,,,,,,,,,23,761
M4/2156B,13/04/2025 00:00:00,12:59:00,51,705,14,11,6,,,,,,,,,,,,,,,20,736
M4/2156B,13/04/2025 00:00:00,13:14:00,52,636,7,6,11,,,,,,,,,,,,,,,25,660
M4/2156B,13/04/2025 00:00:00,13:29:00,53,697,10,3,6,,,,,,,,,,,,,,,24,716
M4/2156B,13/04/2025 00:00:00,13:44:00,54,657,13,15,8,,,,,,,,,,,,,,,29,693
M4/2156B,13/04/2025 00:00:00,13:59:00,55,695,8,8,5,,,,,,,,,,,,,,,30,716
M4/2156B,13/04/2025 00:00:00,14:14:00,56,674,12,8,4,,,,,,,,,,,,,,,30,698
M4/2156B,13/04/2025 00:00:00,14:29:00,57,669,9,4,7,,,,,,,,,,,,,,,27,689
M4/2156B,13/04/2025 00:00:00,14:44:00,58,636,8,8,8,,,,,,,,,,,,,,,23,660
M4/2156B,13/04/2025 00:00:00,14:59:00,59,583,13,12,9,,,,,,,,,,,,,,,22,617
M4/2156B,13/04/2025 00:00:00,15:14:00,60,643,12,5,10,,,,,,,,,,,,,,,25,670
M4/2156B,13/04/2025 00:00:00,15:29:00,61,666,17,3,7,,,,,,,,,,,,,,,25,693
M4/2156B,13/04/2025 00:00:00,15:44:00,62,658,10,7,4,,,,,,,,,,,,,,,26,679
M4/2156B,13/04/2025 00:00:00,15:59:00,63,663,13,3,8,,,,,,,,,,,,,,,26,687
M4/2156B,13/04/2025 00:00:00,16:14:00,64,696,17,7,9,,,,,,,,,,,,,,,29,729
M4/2156B,13/04/2025 00:00:00,16:29:00,65,690,7,2,4,,,,,,,,,,,,,,,30,703
M4/2156B,13/04/2025 00:00:00,16:44:00,66,695,6,6,11,,,,,,,,,,,,,,,27,718
M4/2156B,13/04/2025 00:00:00,16:59:00,67,681,15,6,11,,,,,,,,,,,,,,,29,713
M4/2156B,13/04/2025 00:00:00,17:14:00,68,740,10,9,9,,,,,,,,,,,,,,,28,768
M4/2156B,13/04/2025 00:00:00,17:29:00,69,699,13,7,15,,,,,,,,,,,,,,,26,734
M4/2156B,13/04/2025 00:00:00,17:44:00,70,716,6,8,5,,,,,,,,,,,,,,,25,735
M4/2156B,13/04/2025 00:00:00,17:59:00,71,695,7,4,7,,,,,,,,,,,,,,,24,713
M4/2156B,13/04/2025 00:00:00,18:14:00,72,701,9,7,5,,,,,,,,,,,,,,,25,722
M4/2156B,13/04/2025 00:00:00,18:29:00,73,755,7,6,8,,,,,,,,,,,,,,,26,776
M4/2156B,13/04/2025 00:00:00,18:44:00,74,650,8,8,12,,,,,,,,,,,,,,,24,678
M4/2156B,13/04/2025 00:00:00,18:59:00,75,691,2,8,17,,,,,,,,,,,,,,,26,718
M4/2156B,13/04/2025 00:00:00,19:14:00,76,642,8,10,6,,,,,,,,,,,,,,,31,666
M4/2156B,13/04/2025 00:00:00,19:29:00,77,686,8,6,9,,,,,,,,,,,,,,,28,709
M4/2156B,13/04/2025 00:00:00,19:44:00,78,719,7,7,8,,,,,,,,,,,,,,,28,741
M4/2156B,13/04/2025 00:00:00,19:59:00,79,631,10,5,11,,,,,,,,,,,,,,,30,657
M4/2156B,13/04/2025 00:00:00,20:14:00,80,623,5,4,7,,,,,,,,,,,,,,,31,639
M4/2156B,13/04/2025 00:00:00,20:29:00,81,555,8,5,11,,,,,,,,,,,,,,,31,579
M4/2156B,13/04/2025 00:00:00,20:44:00,82,572,7,3,5,,,,,,,,,,,,,,,31,587
M4/2156B,13/04/2025 00:00:00,20:59:00,83,567,16,5,5,,,,,,,,,,,,,,,31,593
M4/2156B,13/04/2025 00:00:00,21:14:00,84,525,11,9,8,,,,,,,,,,,,,,,32,553
M4/2156B,13/04/2025 00:00:00,21:29:00,85,553,7,6,7,,,,,,,,,,,,,,,32,573
M4/2156B,13/04/2025 00:00:00,21:44:00,86,525,14,12,10,,,,,,,,,,,,,,,31,561
M4/2156B,13/04/2025 00:00:00,21:59:00,87,451,11,10,11,,,,,,,,,,,,,,,32,483
M4/2156B,13/04/2025 00:00:00,22:14:00,88,392,7,7,3,,,,,,,,,,,,,,,33,409
M4/2156B,13/04/2025 00:00:00,22:29:00,89,363,4,2,2,,,,,,,,,,,,,,,33,371
M4/2156B,13/04/2025 00:00:00,22:44:00,90,295,7,6,2,,,,,,,,,,,,,,,34,310
M4/2156B,13/04/2025 00:00:00,22:59:00,91,325,4,7,4,,,,,,,,,,,,,,,33,340
M4/2156B,13/04/2025 00:00:00,23:14:00,92,287,8,3,2,,,,,,,,,,,,,,,34,300
M4/2156B,13/04/2025 00:00:00,23:29:00,93,297,11,2,1,,,,,,,,,,,,,,,34,311
M4/2156B,13/04/2025 00:00:00,23:44:00,94,266,5,1,3,,,,,,,,,,,,,,,33,275
M4/2156B,13/04/2025 00:00:00,23:59:00,95,167,7,8,5,,,,,,,,,,,,,,,35,187
M4/2156B,14/04/2025 00:00:00,00:14:00,0,152,3,4,3,,,,,,,,,,,,,,,35,162
M4/2156B,14/04/2025 00:00:00,00:29:00,1,92,4,1,3,,,,,,,,,,,,,,,35,100
M4/2156B,14/04/2025 00:00:00,00:44:00,2,87,5,4,3,,,,,,,,,,,,,,,35,99
M4/2156B,14/04/2025 00:00:00,00:59:00,3,65,2,3,3,,,,,,,,,,,,,,,36,73
M4/2156B,14/04/2025 00:00:00,01:14:00,4,81,3,2,3,,,,,,,,,,,,,,,35,89
M4/2156B,14/04/2025 00:00:00,01:29:00,5,63,6,2,3,,,,,,,,,,,,,,,35,74
M4/2156B,14/04/2025 00:00:00,01:44:00,6,41,4,3,3,,,,,,,,,,,,,,,35,51
M4/2156B,14/04/2025 00:00:00,01:59:00,7,48,4,3,4,,,,,,,,,,,,,,,36,59
M4/2156B,14/04/2025 00:00:00,02:14:00,8,29,4,3,1,,,,,,,,,,,,,,,35,37
M4/2156B,14/04/2025 00:00:00,02:29:00,9,30,9,2,2,,,,,,,,,,,,,,,37,43
M4/2156B,14/04/2025 00:00:00,02:44:00,10,30,6,3,5,,,,,,,,,,,,,,,36,44
M4/2156B,14/04/2025 00:00:00,02:59:00,11,36,4,4,3,,,,,,,,,,,,,,,36,47
M4/2156B,14/04/2025 00:00:00,03:14:00,12,38,8,5,0,,,,,,,,,,,,,,,35,51
M4/2156B,14/04/2025 00:00:00,03:29:00,13,45,7,4,2,,,,,,,,,,,,,,,38,58
M4/2156B,14/04/2025 00:00:00,03:44:00,14,35,7,6,4,,,,,,,,,,,,,,,36,52
M4/2156B,14/04/2025 00:00:00,03:59:00,15,42,7,6,2,,,,,,,,,,,,,,,36,57
M4/2156B,14/04/2025 00:00:00,04:14:00,16,69,10,9,3,,,,,,,,,,,,,,,36,91
M4/2156B,14/04/2025 00:00:00,04:29:00,17,62,11,14,3,,,,,,,,,,,,,,,36,90
M4/2156B,14/04/2025 00:00:00,04:44:00,18,100,14,15,1,,,,,,,,,,,,,,,35,130
M4/2156B,14/04/2025 00:00:00,04:59:00,19,124,9,20,7,,,,,,,,,,,,,,,35,160
M4/2156B,14/04/2025 00:00:00,05:14:00,20,176,12,21,6,,,,,,,,,,,,,,,35,215
M4/2156B,14/04/2025 00:00:00,05:29:00,21,195,20,23,10,,,,,,,,,,,,,,,35,248
M4/2156B,14/04/2025 00:00:00,05:44:00,22,297,27,35,5,,,,,,,,,,,,,,,34,364
M4/2156B,14/04/2025 00:00:00,05:59:00,23,373,25,37,14,,,,,,,,,,,,,,,33,449
M4/2156B,14/04/2025 00:00:00,06:14:00,24,533,40,44,10,,,,,,,,,,,,,,,31,627
M4/2156B,14/04/2025 00:00:00,06:29:00,25,623,52,35,17,,,,,,,,,,,,,,,24,727
M4/2156B,14/04/2025 00:00:00,06:44:00,26,578,43,51,13,,,,,,,,,,,,,,,20,685
M4/2156B,14/04/2025 00:00:00,06:59:00,27,570,51,49,16,,,,,,,,,,,,,,,19,686
M4/2156B,14/04/2025 00:00:00,07:14:00,28,558,33,44,20,,,,,,,,,,,,,,,17,655
M4/2156B,14/04/2025 00:00:00,07:29:00,29,604,49,50,17,,,,,,,,,,,,,,,22,720
M4/2156B,14/04/2025 00:00:00,07:44:00,30,612,48,57,13,,,,,,,,,,,,,,,23,730
M4/2156B,14/04/2025 00:00:00,07:59:00,31,603,44,37,13,,,,,,,,,,,,,,,21,697
M4/2156B,14/04/2025 00:00:00,08:14:00,32,591,37,49,20,,,,,,,,,,,,,,,22,697
M4/2156B,14/04/2025 00:00:00,08:29:00,33,671,32,34,10,,,,,,,,,,,,,,,25,747
M4/2156B,14/04/2025 00:00:00,08:44:00,34,633,46,31,14,,,,,,,,,,,,,,,24,724
M4/2156B,14/04/2025 00:00:00,08:59:00,35,609,45,41,12,,,,,,,,,,,,,,,21,706
M4/2156B,14/04/2025 00:00:00,09:14:00,36,576,34,32,12,,,,,,,,,,,,,,,22,654
M4/2156B,14/04/2025 00:00:00,09:29:00,37,593,31,36,14,,,,,,,,,,,,,,,25,674
M4/2156B,14/04/2025 00:00:00,09:44:00,38,562,37,34,7,,,,,,,,,,,,,,,25,640
M4/2156B,14/04/2025 00:00:00,09:59:00,39,565,30,28,12,,,,,,,,,,,,,,,30,635
M4/2156B,14/04/2025 00:00:00,10:14:00,40,606,38,36,13,,,,,,,,,,,,,,,29,693
M4/2156B,14/04/2025 00:00:00,10:29:00,41,629,30,24,17,,,,,,,,,,,,,,,29,700
M4/2156B,14/04/2025 00:00:00,10:44:00,42,592,32,28,11,,,,,,,,,,,,,,,30,663
M4/2156B,14/04/2025 00:00:00,10:59:00,43,620,37,27,16,,,,,,,,,,,,,,,29,700
M4/2156B,14/04/2025 00:00:00,11:14:00,44,562,42,28,8,,,,,,,,,,,,,,,29,640
M4/2156B,14/04/2025 00:00:00,11:29:00,45,551,35,29,10,,,,,,,,,,,,,,,31,625
M4/2156B,14/04/2025 00:00:00,11:44:00,46,557,30,28,15,,,,,,,,,,,,,,,31,630
M4/2156B,14/04/2025 00:00:00,11:59:00,47,513,36,23,12,,,,,,,,,,,,,,,30,584
M4/2156B,14/04/2025 00:00:00,12:14:00,48,586,30,28,17,,,,,,,,,,,,,,,28,661
M4/2156B,14/04/2025 00:00:00,12:29:00,49,539,29,16,9,,,,,,,,,,,,,,,31,593
M4/2156B,14/04/2025 00:00:00,12:44:00,50,543,30,14,10,,,,,,,,,,,,,,,31,597
M4/2156B,14/04/2025 00:00:00,12:59:00,51,498,24,28,6,,,,,,,,,,,,,,,32,556
M4/2156B,14/04/2025 00:00:00,13:14:00,52,526,23,32,10,,,,,,,,,,,,,,,31,591
M4/2156B,14/04/2025 00:00:00,13:29:00,53,520,23,23,7,,,,,,,,,,,,,,,32,573
M4/2156B,14/04/2025 00:00:00,13:44:00,54,471,21,30,14,,,,,,,,,,,,,,,33,536
M4/2156B,14/04/2025 00:00:00,13:59:00,55,486,21,16,14,,,,,,,,,,,,,,,32,537
M4/2156B,14/04/2025 00:00:00,14:14:00,56,473,23,23,13,,,,,,,,,,,,,,,32,532
M4/2156B,14/04/2025 00:00:00,14:29:00,57,482,21,20,8,,,,,,,,,,,,,,,32,531
M4/2156B,14/04/2025 00:00:00,14:44:00,58,544,25,17,9,,,,,,,,,,,,,,,32,595
M4/2156B,14/04/2025 00:00:00,14:59:00,59,521,12,19,11,,,,,,,,,,,,,,,32,563
M4/2156B,14/04/2025 00:00:00,15:14:00,60,560,22,16,13,,,,,,,,,,,,,,,32,611
M4/2156B,14/04/2025 00:00:00,15:29:00,61,574,19,14,9,,,,,,,,,,,,,,,31,616
M4/2156B,14/04/2025 00:00:00,15:44:00,62,587,26,17,6,,,,,,,,,,,,,,,31,636
M4/2156B,14/04/2025 00:00:00,15:59:00,63,450,23,8,5,,,,,,,,,,,,,,,31,486
M4/2156B,14/04/2025 00:00:00,16:14:00,64,707,23,21,8,,,,,,,,,,,,,,,24,759
M4/2156B,14/04/2025 00:00:00,16:29:00,65,675,19,8,16,,,,,,,,,,,,,,,26,718
M4/2156B,14/04/2025 00:00:00,16:44:00,66,647,13,11,7,,,,,,,,,,,,,,,30,678
M4/2156B,14/04/2025 00:00:00,16:59:00,67,637,19,19,13,,,,,,,,,,,,,,,30,688
M4/2156B,14/04/2025 00:00:00,17:14:00,68,657,31,16,8,,,,,,,,,,,,,,,28,713
M4/2156B,14/04/2025 00:00:00,17:29:00,69,720,17,14,9,,,,,,,,,,,,,,,29,760
M4/2156B,14/04/2025 00:00:00,17:44:00,70,720,20,18,11,,,,,,,,,,,,,,,26,769
M4/2156B,14/04/2025 00:00:00,17:59:00,71,734,16,5,9,,,,,,,,,,,,,,,23,764
M4/2156B,14/04/2025 00:00:00,18:14:00,72,623,12,3,11,,,,,,,,,,,,,,,30,649
M4/2156B,14/04/2025 00:00:00,18:29:00,73,618,10,5,10,,,,,,,,,,,,,,,32,643
M4/2156B,14/04/2025 00:00:00,18:44:00,74,585,13,10,5,,,,,,,,,,,,,,,31,613
M4/2156B,14/04/2025 00:00:00,18:59:00,75,562,10,8,10,,,,,,,,,,,,,,,32,590
M4/2156B,14/04/2025 00:00:00,19:14:00,76,572,12,12,1,,,,,,,,,,,,,,,32,597
M4/2156B,14/04/2025 00:00:00,19:29:00,77,567,8,12,5,,,,,,,,,,,,,,,31,592
M4/2156B,14/04/2025 00:00:00,19:44:00,78,567,13,10,11,,,,,,,,,,,,,,,31,601
M4/2156B,14/04/2025 00:00:00,19:59:00,79,515,14,8,7,,,,,,,,,,,,,,,32,544
M4/2156B,14/04/2025 00:00:00,20:14:00,80,473,9,8,12,,,,,,,,,,,,,,,31,502
M4/2156B,14/04/2025 00:00:00,20:29:00,81,429,14,5,5,,,,,,,,,,,,,,,32,453
M4/2156B,14/04/2025 00:00:00,20:44:00,82,472,16,8,3,,,,,,,,,,,,,,,32,499
M4/2156B,14/04/2025 00:00:00,20:59:00,83,401,9,7,9,,,,,,,,,,,,,,,33,426
M4/2156B,14/04/2025 00:00:00,21:14:00,84,395,12,9,7,,,,,,,,,,,,,,,33,423
M4/2156B,14/04/2025 00:00:00,21:28:00,85,437,6,4,5,,,,,,,,,,,,,,,32,453
M4/2156B,14/04/2025 00:00:00,21:44:59,86,,,,,,,,,,,,,,,,,,,,
M4/2156B,14/04/2025 00:00:00,21:59:59,87,,,,,,,,,,,,,,,,,,,,
M4/2156B,14/04/2025 00:00:00,22:14:00,88,398,4,4,4,,,,,,,,,,,,,,,31,409
M4/2156B,14/04/2025 00:00:00,22:29:00,89,361,6,9,3,,,,,,,,,,,,,,,33,379
M4/2156B,14/04/2025 00:00:00,22:44:00,90,351,11,8,6,,,,,,,,,,,,,,,33,376
M4/2156B,14/04/2025 00:00:00,22:59:00,91,327,6,8,6,,,,,,,,,,,,,,,33,347
M4/2156B,14/04/2025 00:00:00,23:14:00,92,307,14,3,7,,,,,,,,,,,,,,,33,331
M4/2156B,14/04/2025 00:00:00,23:29:00,93,285,13,3,7,,,,,,,,,,,,,,,33,308
M4/2156B,14/04/2025 00:00:00,23:44:00,94,196,8,9,7,,,,,,,,,,,,,,,34,220
M4/2156B,14/04/2025 00:00:00,23:59:00,95,156,13,7,8,,,,,,,,,,,,,,,34,184
M4/2156B,15/04/2025 00:00:00,00:14:00,0,137,6,6,6,,,,,,,,,,,,,,,35,155
M4/2156B,15/04/2025 00:00:00,00:29:00,1,113,9,10,10,,,,,,,,,,,,,,,35,142
M4/2156B,15/04/2025 00:00:00,00:44:00,2,118,10,3,5,,,,,,,,,,,,,,,35,136
M4/2156B,15/04/2025 00:00:00,00:59:00,3,79,9,4,7,,,,,,,,,,,,,,,34,99
M4/2156B,15/04/2025 00:00:00,01:14:00,4,71,5,4,8,,,,,,,,,,,,,,,34,88
M4/2156B,15/04/2025 00:00:00,01:29:00,5,73,5,3,4,,,,,,,,,,,,,,,34,85
M4/2156B,15/04/2025 00:00:00,01:44:00,6,48,4,1,4,,,,,,,,,,,,,,,36,57
M4/2156B,15/04/2025 00:00:00,01:59:00,7,52,5,4,8,,,,,,,,,,,,,,,37,69
M4/2156B,15/04/2025 00:00:00,02:14:00,8,41,5,7,5,,,,,,,,,,,,,,,35,58
M4/2156B,15/04/2025 00:00:00,02:29:00,9,30,5,4,9,,,,,,,,,,,,,,,36,48
M4/2156B,15/04/2025 00:00:00,02:44:00,10,29,7,4,3,,,,,,,,,,,,,,,35,43
M4/2156B,15/04/2025 00:00:00,02:59:00,11,45,4,5,3,,,,,,,,,,,,,,,36,57
M4/2156B,15/04/2025 00:00:00,03:14:00,12,39,10,7,8,,,,,,,,,,,,,,,35,64
M4/2156B,15/04/2025 00:00:00,03:29:00,13,38,10,8,5,,,,,,,,,,,,,,,36,61
M4/2156B,15/04/2025 00:00:00,03:44:00,14,62,7,10,9,,,,,,,,,,,,,,,35,88
M4/2156B,15/04/2025 00:00:00,03:59:00,15,62,7,3,3,,,,,,,,,,,,,,,35,75
M4/2156B,15/04/2025 00:00:00,04:14:00,16,69,6,10,4,,,,,,,,,,,,,,,35,89
M4/2156B,15/04/2025 00:00:00,04:29:00,17,67,11,14,9,,,,,,,,,,,,,,,36,101
M4/2156B,15/04/2025 00:00:00,04:44:00,18,89,16,12,8,,,,,,,,,,,,,,,35,125
M4/2156B,15/04/2025 00:00:00,04:59:00,19,137,6,16,3,,,,,,,,,,,,,,,35,162
M4/2156B,15/04/2025 00:00:00,05:14:00,20,160,10,25,10,,,,,,,,,,,,,,,34,205
M4/2156B,15/04/2025 00:00:00,05:29:00,21,214,14,29,6,,,,,,,,,,,,,,,34,263
M4/2156B,15/04/2025 00:00:00,05:44:00,22,280,18,19,9,,,,,,,,,,,,,,,33,326
M4/2156B,15/04/2025 00:00:00,05:59:00,23,356,35,34,5,,,,,,,,,,,,,,,33,430
M4/2156B,15/04/2025 00:00:00,06:14:00,24,506,39,39,11,,,,,,,,,,,,,,,31,595
M4/2156B,15/04/2025 00:00:00,06:29:00,25,599,43,49,12,,,,,,,,,,,,,,,22,703
M4/2156B,15/04/2025 00:00:00,06:44:00,26,581,38,59,10,,,,,,,,,,,,,,,23,688
M4/2156B,15/04/2025 00:00:00,06:59:00,27,577,35,39,18,,,,,,,,,,,,,,,24,669
M4/2156B,15/04/2025 00:00:00,07:14:00,28,571,46,43,17,,,,,,,,,,,,,,,23,677
M4/2156B,15/04/2025 00:00:00,07:29:00,29,575,57,41,15,,,,,,,,,,,,,,,20,688
M4/2156B,15/04/2025 00:00:00,07:44:00,30,604,40,54,13,,,,,,,,,,,,,,,22,711
M4/2156B,15/04/2025 00:00:00,07:59:00,31,600,48,37,18,,,,,,,,,,,,,,,22,703
M4/2156B,15/04/2025 00:00:00,08:14:00,32,560,34,36,20,,,,,,,,,,,,,,,19,650
M4/2156B,15/04/2025 00:00:00,08:29:00,33,559,34,33,21,,,,,,,,,,,,,,,18,647
M4/2156B,15/04/2025 00:00:00,08:44:00,34,562,35,34,16,,,,,,,,,,,,,,,21,647
M4/2156B,15/04/2025 00:00:00,08:59:00,35,536,41,30,13,,,,,,,,,,,,,,,17,620
M4/2156B,15/04/2025 00:00:00,09:14:00,36,546,36,39,19,,,,,,,,,,,,,,,18,640
M4/2156B,15/04/2025 00:00:00,09:29:00,37,569,30,32,13,,,,,,,,,,,,,,,18,644
M4/2156B,15/04/2025 00:00:00,09:44:00,38,545,32,29,14,,,,,,,,,,,,,,,22,620
M4/2156B,15/04/2025 00:00:00,09:59:00,39,553,37,20,13,,,,,,,,,,,,,,,23,623
M4/2156B,15/04/2025 00:00:00,10:14:00,40,567,33,38,17,,,,,,,,,,,,,,,22,655
M4/2156B,15/04/2025 00:00:00,10:29:00,41,576,35,30,8,,,,,,,,,,,,,,,23,649
M4/2156B,15/04/2025 00:00:00,10:44:00,42,575,34,44,12,,,,,,,,,,,,,,,23,665
M4/2156B,15/04/2025 00:00:00,10:59:00,43,590,41,27,16,,,,,,,,,,,,,,,22,674
M4/2156B,15/04/2025 00:00:00,11:14:00,44,528,37,26,9,,,,,,,,,,,,,,,29,600
M4/2156B,15/04/2025 00:00:00,11:29:00,45,594,30,32,16,,,,,,,,,,,,,,,29,672
M4/2156B,15/04/2025 00:00:00,11:44:00,46,549,31,24,10,,,,,,,,,,,,,,,30,614
M4/2156B,15/04/2025 00:00:00,11:59:00,47,551,28,14,11,,,,,,,,,,,,,,,31,604
M4/2156B,15/04/2025 00:00:00,12:14:00,48,575,32,28,14,,,,,,,,,,,,,,,29,649
M4/2156B,15/04/2025 00:00:00,12:29:00,49,482,24,24,5,,,,,,,,,,,,,,,32,535
M4/2156B,15/04/2025 00:00:00,12:44:00,50,487,32,28,12,,,,,,,,,,,,,,,32,559
M4/2156B,15/04/2025 00:00:00,12:57:00,51,481,24,26,11,,,,,,,,,,,,,,,33,543
M4/2156B,15/04/2025 00:00:00,13:14:00,52,535,24,21,14,,,,,,,,,,,,,,,31,594
M4/2156B,15/04/2025 00:00:00,13:29:00,53,527,33,24,19,,,,,,,,,,,,,,,30,603
M4/2156B,15/04/2025 00:00:00,13:44:00,54,467,25,16,12,,,,,,,,,,,,,,,32,520
M4/2156B,15/04/2025 00:00:00,13:59:00,55,471,21,30,8,,,,,,,,,,,,,,,32,530
M4/2156B,15/04/2025 00:00:00,14:14:00,56,503,17,14,8,,,,,,,,,,,,,,,32,542
M4/2156B,15/04/2025 00:00:00,14:29:00,57,498,19,17,10,,,,,,,,,,,,,,,30,544
M4/2156B,15/04/2025 00:00:00,14:44:00,58,564,25,15,10,,,,,,,,,,,,,,,29,614
M4/2156B,15/04/2025 00:00:00,14:59:00,59,563,17,13,4,,,,,,,,,,,,,,,29,597
M4/2156B,15/04/2025 00:00:00,15:14:00,60,514,20,20,17,,,,,,,,,,,,,,,30,571
M4/2156B,15/04/2025 00:00:00,15:29:00,61,567,23,14,4,,,,,,,,,,,,,,,31,608
M4/2156B,15/04/2025 00:00:00,15:44:00,62,568,20,19,9,,,,,,,,,,,,,,,32,616
M4/2156B,15/04/2025 00:00:00,15:59:00,63,550,21,8,6,,,,,,,,,,,,,,,31,585
M4/2156B,15/04/2025 00:00:00,16:14:00,64,633,23,20,7,,,,,,,,,,,,,,,30,683
M4/2156B,15/04/2025 00:00:00,16:29:00,65,695,11,16,7,,,,,,,,,,,,,,,26,729
M4/2156B,15/04/2025 00:00:00,16:44:00,66,655,26,3,4,,,,,,,,,,,,,,,21,688
M4/2156B,15/04/2025 00:00:00,16:59:00,67,616,17,12,6,,,,,,,,,,,,,,,21,651
M4/2156B,15/04/2025 00:00:00,17:14:00,68,630,14,15,5,,,,,,,,,,,,,,,26,664
M4/2156B,15/04/2025 00:00:00,17:29:00,69,635,22,11,6,,,,,,,,,,,,,,,24,674
M4/2156B,15/04/2025 00:00:00,17:44:00,70,675,16,11,12,,,,,,,,,,,,,,,20,714
M4/2156B,15/04/2025 00:00:00,17:59:00,71,595,14,15,9,,,,,,,,,,,,,,,25,633
M4/2156B,15/04/2025 00:00:00,18:14:00,72,453,8,5,8,,,,,,,,,,,,,,,26,474
M4/2156B,15/04/2025 00:00:00,18:29:00,73,744,15,5,8,,,,,,,,,,,,,,,24,771
M4/2156B,15/04/2025 00:00:00,18:44:00,74,672,9,8,4,,,,,,,,,,,,,,,25,693
M4/2156B,15/04/2025 00:00:00,18:59:00,75,599,10,11,5,,,,,,,,,,,,,,,31,625
M4/2156B,15/04/2025 00:00:00,19:14:00,76,510,10,8,6,,,,,,,,,,,,,,,32,534
M4/2156B,15/04/2025 00:00:00,19:29:00,77,515,12,10,4,,,,,,,,,,,,,,,31,541
M4/2156B,15/04/2025 00:00:00,19:44:00,78,541,16,16,9,,,,,,,,,,,,,,,31,582
M4/2156B,15/04/2025 00:00:00,19:59:00,79,516,16,7,7,,,,,,,,,,,,,,,31,546
M4/2156B,15/04/2025 00:00:00,20:14:00,80,481,9,3,9,,,,,,,,,,,,,,,32,502
M4/2156B,15/04/2025 00:00:00,20:29:00,81,457,8,6,5,,,,,,,,,,,,,,,31,476
M4/2156B,15/04/2025 00:00:00,20:44:00,82,431,13,7,16,,,,,,,,,,,,,,,31,467
M4/2156B,15/04/2025 00:00:00,20:59:00,83,388,8,9,5,,,,,,,,,,,,,,,33,410
M4/2156B,15/04/2025 00:00:00,21:14:00,84,423,13,5,7,,,,,,,,,,,,,,,32,448
M4/2156B,15/04/2025 00:00:00,21:29:00,85,371,11,13,4,,,,,,,,,,,,,,,33,399
M4/2156B,15/04/2025 00:00:00,21:44:00,86,370,9,10,2,,,,,,,,,,,,,,,33,391
M4/2156B,15/04/2025 00:00:00,21:59:00,87,363,9,6,4,,,,,,,,,,,,,,,32,382
M4/2156B,15/04/2025 00:00:00,22:14:00,88,396,11,5,6,,,,,,,,,,,,,,,32,418
M4/2156B,15/04/2025 00:00:00,22:29:00,89,425,7,8,6,,,,,,,,,,,,,,,32,446
M4/2156B,15/04/2025 00:00:00,22:44:00,90,373,8,3,4,,,,,,,,,,,,,,,33,388
M4/2156B,15/04/2025 00:00:00,22:59:00,91,352,8,8,7,,,,,,,,,,,,,,,33,375
M4/2156B,15/04/2025 00:00:00,23:14:00,92,276,9,8,6,,,,,,,,,,,,,,,34,299
M4/2156B,15/04/2025 00:00:00,23:29:00,93,267,12,4,3,,,,,,,,,,,,,,,34,286
M4/2156B,15/04/2025 00:00:00,23:44:00,94,211,10,9,9,,,,,,,,,,,,,,,34,239
M4/2156B,15/04/2025 00:00:00,23:59:00,95,211,24,13,4,,,,,,,,,,,,,,,35,252
M4/2156B,16/04/2025 00:00:00,00:14:00,0,141,6,3,11,,,,,,,,,,,,,,,35,161
M4/2156B,16/04/2025 00:00:00,00:29:00,1,115,9,3,8,,,,,,,,,,,,,,,35,135
M4/2156B,16/04/2025 00:00:00,00:44:00,2,103,8,2,9,,,,,,,,,,,,,,,35,122
M4/2156B,16/04/2025 00:00:00,00:59:00,3,64,8,1,5,,,,,,,,,,,,,,,36,78
M4/2156B,16/04/2025 00:00:00,01:14:00,4,75,7,6,6,,,,,,,,,,,,,,,36,94
M4/2156B,16/04/2025 00:00:00,01:29:00,5,70,8,1,1,,,,,,,,,,,,,,,36,80
M4/2156B,16/04/2025 00:00:00,01:44:00,6,58,5,3,4,,,,,,,,,,,,,,,37,70
M4/2156B,16/04/2025 00:00:00,01:59:00,7,39,3,7,4,,,,,,,,,,,,,,,36,53
M4/2156B,16/04/2025 00:00:00,02:14:00,8,47,8,2,3,,,,,,,,,,,,,,,36,60
M4/2156B,16/04/2025 00:00:00,02:29:00,9,33,6,4,4,,,,,,,,,,,,,,,35,47
M4/2156B,16/04/2025 00:00:00,02:44:00,10,36,8,3,4,,,,,,,,,,,,,,,37,51
M4/2156B,16/04/2025 00:00:00,02:59:00,11,28,3,3,8,,,,,,,,,,,,,,,37,42
M4/2156B,16/04/2025 00:00:00,03:14:00,12,36,5,7,11,,,,,,,,,,,,,,,36,59
M4/2156B,16/04/2025 00:00:00,03:29:00,13,45,15,5,3,,,,,,,,,,,,,,,37,68
M4/2156B,16/04/2025 00:00:00,03:44:00,14,59,12,9,5,,,,,,,,,,,,,,,36,85
M4/2156B,16/04/2025 00:00:00,03:59:00,15,69,3,5,2,,,,,,,,,,,,,,,36,79
M4/2156B,16/04/2025 00:00:00,04:14:00,16,61,8,10,1,,,,,,,,,,,,,,,36,80
M4/2156B,16/04/2025 00:00:00,04:29:00,17,61,16,19,6,,,,,,,,,,,,,,,35,102
M4/2156B,16/04/2025 00:00:00,04:44:00,18,115,15,17,3,,,,,,,,,,,,,,,35,150
M4/2156B,16/04/2025 00:00:00,04:59:00,19,136,10,20,6,,,,,,,,,,,,,,,35,172
M4/2156B,16/04/2025 00:00:00,05:14:00,20,156,11,20,8,,,,,,,,,,,,,,,35,195
M4/2156B,16/04/2025 00:00:00,05:29:00,21,203,20,34,6,,,,,,,,,,,,,,,34,263
M4/2156B,16/04/2025 00:00:00,05:44:00,22,293,25,20,9,,,,,,,,,,,,,,,34,347
M4/2156B,16/04/2025 00:00:00,05:59:00,23,368,22,41,10,,,,,,,,,,,,,,,34,441
M4/2156B,16/04/2025 00:00:00,06:14:00,24,537,33,52,12,,,,,,,,,,,,,,,32,634
M4/2156B,16/04/2025 00:00:00,06:29:00,25,656,44,48,17,,,,,,,,,,,,,,,24,765
M4/2156B,16/04/2025 00:00:00,06:44:00,26,571,46,44,13,,,,,,,,,,,,,,,19,674
M4/2156B,16/04/2025 00:00:00,06:59:00,27,604,46,58,13,,,,,,,,,,,,,,,23,721
M4/2156B,16/04/2025 00:00:00,07:14:00,28,545,40,46,20,,,,,,,,,,,,,,,18,651
M4/2156B,16/04/2025 00:00:00,07:29:00,29,385,36,37,20,,,,,,,,,,,,,,,15,478
M4/2156B,16/04/2025 00:00:00,07:44:00,30,605,44,50,16,,,,,,,,,,,,,,,22,715
M4/2156B,16/04/2025 00:00:00,07:59:00,31,612,50,38,19,,,,,,,,,,,,,,,21,719
M4/2156B,16/04/2025 00:00:00,08:14:00,32,594,42,38,13,,,,,,,,,,,,,,,20,686
M4/2156B,16/04/2025 00:00:00,08:29:00,33,581,36,44,18,,,,,,,,,,,,,,,24,679
M4/2156B,16/04/2025 00:00:00,08:44:00,34,665,45,23,7,,,,,,,,,,,,,,,25,740
M4/2156B,16/04/2025 00:00:00,08:59:00,35,630,34,31,11,,,,,,,,,,,,,,,21,706
M4/2156B,16/04/2025 00:00:00,09:14:00,36,603,50,30,8,,,,,,,,,,,,,,,20,691
M4/2156B,16/04/2025 00:00:00,09:29:00,37,568,38,30,20,,,,,,,,,,,,,,,24,656
M4/2156B,16/04/2025 00:00:00,09:44:00,38,584,29,46,9,,,,,,,,,,,,,,,24,668
M4/2156B,16/04/2025 00:00:00,09:59:00,39,578,28,31,23,,,,,,,,,,,,,,,24,660
M4/2156B,16/04/2025 00:00:00,10:14:00,40,579,35,27,16,,,,,,,,,,,,,,,25,657
M4/2156B,16/04/2025 00:00:00,10:29:00,41,594,47,20,8,,,,,,,,,,,,,,,24,669
M4/2156B,16/04/2025 00:00:00,10:44:00,42,565,39,32,13,,,,,,,,,,,,,,,24,649
M4/2156B,16/04/2025 00:00:00,10:59:00,43,607,29,34,12,,,,,,,,,,,,,,,24,682
M4/2156B,16/04/2025 00:00:00,11:14:00,44,583,33,40,9,,,,,,,,,,,,,,,25,665
M4/2156B,16/04/2025 00:00:00,11:29:00,45,567,26,26,6,,,,,,,,,,,,,,,31,625
M4/2156B,16/04/2025 00:00:00,11:44:00,46,550,35,19,7,,,,,,,,,,,,,,,30,611
M4/2156B,16/04/2025 00:00:00,11:59:00,47,581,35,25,11,,,,,,,,,,,,,,,25,652
M4/2156B,16/04/2025 00:00:00,12:14:00,48,537,29,23,13,,,,,,,,,,,,,,,31,602
M4/2156B,16/04/2025 00:00:00,12:29:00,49,541,23,24,9,,,,,,,,,,,,,,,32,597
M4/2156B,16/04/2025 00:00:00,12:44:00,50,515,31,18,16,,,,,,,,,,,,,,,31,580
M4/2156B,16/04/2025 00:00:00,12:59:00,51,468,25,28,12,,,,,,,,,,,,,,,32,533
M4/2156B,16/04/2025 00:00:00,13:14:00,52,466,26,16,9,,,,,,,,,,,,,,,32,517
M4/2156B,16/04/2025 00:00:00,13:29:00,53,524,24,21,9,,,,,,,,,,,,,,,32,578
M4/2156B,16/04/2025 00:00:00,13:44:00,54,498,21,22,7,,,,,,,,,,,,,,,32,548
M4/2156B,16/04/2025 00:00:00,13:59:00,55,436,19,21,12,,,,,,,,,,,,,,,33,488
M4/2156B,16/04/2025 00:00:00,14:14:00,56,433,27,23,8,,,,,,,,,,,,,,,32,491
M4/2156B,16/04/2025 00:00:00,14:29:00,57,474,24,13,7,,,,,,,,,,,,,,,32,518
M4/2156B,16/04/2025 00:00:00,14:44:00,58,530,21,20,9,,,,,,,,,,,,,,,32,580
M4/2156B,16/04/2025 00:00:00,14:59:00,59,562,20,13,8,,,,,,,,,,,,,,,32,603
M4/2156B,16/04/2025 00:00:00,15:14:00,60,560,22,20,6,,,,,,,,,,,,,,,31,608
M4/2156B,16/04/2025 00:00:00,15:29:00,61,567,13,19,5,,,,,,,,,,,,,,,31,604
M4/2156B,16/04/2025 00:00:00,15:44:00,62,621,15,17,11,,,,,,,,,,,,,,,30,664
M4/2156B,16/04/2025 00:00:00,15:59:00,63,557,21,13,10,,,,,,,,,,,,,,,32,601
M4/2156B,16/04/2025 00:00:00,16:14:00,64,589,19,15,13,,,,,,,,,,,,,,,32,635
M4/2156B,16/04/2025 00:00:00,16:29:00,65,644,22,18,7,,,,,,,,,,,,,,,30,691
M4/2156B,16/04/2025 00:00:00,16:44:00,66,718,26,12,4,,,,,,,,,,,,,,,29,760
M4/2156B,16/04/2025 00:00:00,16:59:00,67,684,16,14,13,,,,,,,,,,,,,,,26,727
M4/2156B,16/04/2025 00:00:00,17:14:00,68,714,18,8,9,,,,,,,,,,,,,,,30,749
M4/2156B,16/04/2025 00:00:00,17:29:00,69,699,14,15,6,,,,,,,,,,,,,,,30,734
M4/2156B,16/04/2025 00:00:00,17:44:00,70,735,14,16,12,,,,,,,,,,,,,,,24,777
M4/2156B,16/04/2025 00:00:00,17:59:00,71,701,10,9,12,,,,,,,,,,,,,,,25,732
M4/2156B,16/04/2025 00:00:00,18:14:00,72,691,16,12,10,,,,,,,,,,,,,,,24,729
M4/2156B,16/04/2025 00:00:00,18:29:00,73,721,15,8,4,,,,,,,,,,,,,,,25,748
M4/2156B,16/04/2025 00:00:00,18:44:00,74,662,11,9,15,,,,,,,,,,,,,,,24,697
M4/2156B,16/04/2025 00:00:00,18:59:00,75,695,14,9,12,,,,,,,,,,,,,,,27,729
M4/2156B,16/04/2025 00:00:00,19:14:00,76,627,17,12,6,,,,,,,,,,,,,,,30,662
M4/2156B,16/04/2025 00:00:00,19:29:00,77,644,23,10,13,,,,,,,,,,,,,,,27,690
M4/2156B,16/04/2025 00:00:00,19:44:00,78,612,12,11,6,,,,,,,,,,,,,,,29,641
M4/2156B,16/04/2025 00:00:00,19:59:00,79,549,14,16,8,,,,,,,,,,,,,,,31,587
M4/2156B,16/04/2025 00:00:00,20:14:00,80,467,14,4,3,,,,,,,,,,,,,,,33,488
M4/2156B,16/04/2025 00:00:00,20:29:00,81,449,14,8,4,,,,,,,,,,,,,,,32,475
M4/2156B,16/04/2025 00:00:00,20:44:00,82,443,11,9,8,,,,,,,,,,,,,,,32,471
M4/2156B,16/04/2025 00:00:00,20:59:00,83,378,6,7,8,,,,,,,,,,,,,,,33,399
M4/2156B,16/04/2025 00:00:00,21:14:00,84,436,7,9,9,,,,,,,,,,,,,,,32,461
M4/2156B,16/04/2025 00:00:00,21:29:00,85,402,16,8,7,,,,,,,,,,,,,,,32,433
M4/2156B,16/04/2025 00:00:00,21:44:00,86,366,4,8,3,,,,,,,,,,,,,,,33,381
M4/2156B,16/04/2025 00:00:00,21:59:00,87,319,12,4,4,,,,,,,,,,,,,,,34,339
M4/2156B,16/04/2025 00:00:00,22:14:00,88,373,14,9,5,,,,,,,,,,,,,,,33,401
M4/2156B,16/04/2025 00:00:00,22:29:00,89,318,4,10,5,,,,,,,,,,,,,,,33,337
M4/2156B,16/04/2025 00:00:00,22:44:00,90,328,5,7,6,,,,,,,,,,,,,,,33,346
M4/2156B,16/04/2025 00:00:00,22:59:00,91,259,12,6,7,,,,,,,,,,,,,,,34,284
M4/2156B,16/04/2025 00:00:00,23:14:00,92,279,14,6,7,,,,,,,,,,,,,,,34,306
M4/2156B,16/04/2025 00:00:00,23:29:00,93,301,9,6,4,,,,,,,,,,,,,,,34,320
M4/2156B,16/04/2025 00:00:00,23:44:00,94,259,9,3,7,,,,,,,,,,,,,,,34,278
M4/2156B,16/04/2025 00:00:00,23:59:00,95,209,12,6,7,,,,,,,,,,,,,,,34,234
M4/2156B,17/04/2025 00:00:00,00:14:00,0,132,7,4,6,,,,,,,,,,,,,,,35,149
M4/2156B,17/04/2025 00:00:00,00:29:00,1,119,6,4,12,,,,,,,,,,,,,,,35,141
M4/2156B,17/04/2025 00:00:00,00:44:00,2,94,8,5,4,,,,,,,,,,,,,,,35,111
M4/2156B,17/04/2025 00:00:00,00:59:00,3,83,2,2,3,,,,,,,,,,,,,,,35,90
M4/2156B,17/04/2025 00:00:00,01:14:00,4,64,2,3,6,,,,,,,,,,,,,,,35,75
M4/2156B,17/04/2025 00:00:00,01:29:00,5,60,4,2,5,,,,,,,,,,,,,,,36,71
M4/2156B,17/04/2025 00:00:00,01:44:00,6,44,7,1,3,,,,,,,,,,,,,,,35,55
M4/2156B,17/04/2025 00:00:00,01:59:00,7,57,7,4,3,,,,,,,,,,,,,,,36,71
M4/2156B,17/04/2025 00:00:00,02:14:00,8,66,6,9,6,,,,,,,,,,,,,,,36,87
M4/2156B,17/04/2025 00:00:00,02:29:00,9,41,8,3,1,,,,,,,,,,,,,,,35,53
M4/2156B,17/04/2025 00:00:00,02:44:00,10,45,6,2,8,,,,,,,,,,,,,,,36,61
M4/2156B,17/04/2025 00:00:00,02:59:00,11,42,5,6,3,,,,,,,,,,,,,,,35,56
M4/2156B,17/04/2025 00:00:00,03:14:00,12,48,10,5,4,,,,,,,,,,,,,,,36,67
M4/2156B,17/04/2025 00:00:00,03:29:00,13,52,5,8,4,,,,,,,,,,,,,,,36,69
M4/2156B,17/04/2025 00:00:00,03:44:00,14,62,8,12,6,,,,,,,,,,,,,,,36,88
M4/2156B,17/04/2025 00:00:00,03:59:00,15,54,2,8,4,,,,,,,,,,,,,,,36,68
M4/2156B,17/04/2025 00:00:00,04:14:00,16,66,10,12,4,,,,,,,,,,,,,,,35,92
M4/2156B,17/04/2025 00:00:00,04:29:00,17,100,13,14,7,,,,,,,,,,,,,,,35,134
M4/2156B,17/04/2025 00:00:00,04:44:00,18,106,12,17,7,,,,,,,,,,,,,,,35,142
M4/2156B,17/04/2025 00:00:00,04:59:00,19,180,9,23,4,,,,,,,,,,,,,,,34,216
M4/2156B,17/04/2025 00:00:00,05:14:00,20,205,17,19,11,,,,,,,,,,,,,,,34,252
M4/2156B,17/04/2025 00:00:00,05:29:00,21,234,22,22,16,,,,,,,,,,,,,,,33,294
M4/2156B,17/04/2025 00:00:00,05:44:00,22,301,18,25,12,,,,,,,,,,,,,,,34,356
M4/2156B,17/04/2025 00:00:00,05:59:00,23,345,36,35,13,,,,,,,,,,,,,,,33,429
M4/2156B,17/04/2025 00:00:00,06:14:00,24,548,28,40,17,,,,,,,,,,,,,,,30,633
M4/2156B,17/04/2025 00:00:00,06:29:00,25,616,50,54,14,,,,,,,,,,,,,,,27,734
M4/2156B,17/04/2025 00:00:00,06:44:00,26,601,43,53,10,,,,,,,,,,,,,,,26,707
M4/2156B,17/04/2025 00:00:00,06:59:00,27,590,44,48,17,,,,,,,,,,,,,,,24,699
M4/2156B,17/04/2025 00:00:00,07:14:00,28,558,51,42,19,,,,,,,,,,,,,,,24,670
M4/2156B,17/04/2025 00:00:00,07:29:00,29,577,40,47,16,,,,,,,,,,,,,,,24,680
M4/2156B,17/04/2025 00:00:00,07:44:00,30,596,50,41,16,,,,,,,,,,,,,,,25,703
M4/2156B,17/04/2025 00:00:00,07:59:00,31,610,48,39,14,,,,,,,,,,,,,,,23,711
M4/2156B,17/04/2025 00:00:00,08:14:00,32,588,39,43,13,,,,,,,,,,,,,,,23,683
M4/2156B,17/04/2025 00:00:00,08:29:00,33,606,43,50,15,,,,,,,,,,,,,,,25,714
M4/2156B,17/04/2025 00:00:00,08:44:00,34,584,40,40,14,,,,,,,,,,,,,,,23,677
M4/2156B,17/04/2025 00:00:00,08:59:00,35,603,32,34,16,,,,,,,,,,,,,,,22,685
M4/2156B,17/04/2025 00:00:00,09:14:00,36,560,43,39,19,,,,,,,,,,,,,,,23,661
M4/2156B,17/04/2025 00:00:00,09:29:00,37,572,44,35,13,,,,,,,,,,,,,,,28,664
M4/2156B,17/04/2025 00:00:00,09:44:00,38,621,31,35,16,,,,,,,,,,,,,,,28,703
M4/2156B,17/04/2025 00:00:00,09:59:00,39,605,37,42,9,,,,,,,,,,,,,,,30,693
M4/2156B,17/04/2025 00:00:00,10:14:00,40,602,36,35,8,,,,,,,,,,,,,,,26,681
M4/2156B,17/04/2025 00:00:00,10:29:00,41,606,32,26,15,,,,,,,,,,,,,,,29,679
M4/2156B,17/04/2025 00:00:00,10:44:00,42,637,32,40,12,,,,,,,,,,,,,,,30,721
M4/2156B,17/04/2025 00:00:00,10:59:00,43,584,44,37,14,,,,,,,,,,,,,,,27,679
M4/2156B,17/04/2025 00:00:00,11:14:00,44,578,28,32,14,,,,,,,,,,,,,,,29,652
M4/2156B,17/04/2025 00:00:00,11:29:00,45,591,32,23,9,,,,,,,,,,,,,,,30,655
M4/2156B,17/04/2025 00:00:00,11:44:00,46,650,45,20,12,,,,,,,,,,,,,,,27,727
M4/2156B,17/04/2025 00:00:00,11:59:00,47,605,37,24,12,,,,,,,,,,,,,,,30,678
M4/2156B,17/04/2025 00:00:00,12:14:00,48,556,25,24,13,,,,,,,,,,,,,,,31,618
M4/2156B,17/04/2025 00:00:00,12:29:00,49,537,26,23,9,,,,,,,,,,,,,,,32,595
M4/2156B,17/04/2025 00:00:00,12:44:00,50,510,31,18,12,,,,,,,,,,,,,,,32,571
M4/2156B,17/04/2025 00:00:00,12:59:00,51,551,22,25,11,,,,,,,,,,,,,,,31,609
M4/2156B,17/04/2025 00:00:00,13:14:00,52,562,25,14,13,,,,,,,,,,,,,,,31,614
M4/2156B,17/04/2025 00:00:00,13:29:00,53,523,21,33,12,,,,,,,,,,,,,,,30,589
M4/2156B,17/04/2025 00:00:00,13:44:00,54,501,20,16,8,,,,,,,,,,,,,,,32,545
M4/2156B,17/04/2025 00:00:00,13:59:00,55,528,17,19,14,,,,,,,,,,,,,,,31,578
M4/2156B,17/04/2025 00:00:00,14:14:00,56,518,25,22,12,,,,,,,,,,,,,,,31,577
M4/2156B,17/04/2025 00:00:00,14:29:00,57,515,12,5,8,,,,,,,,,,,,,,,32,540
M4/2156B,17/04/2025 00:00:00,14:44:00,58,563,21,13,12,,,,,,,,,,,,,,,32,609
M4/2156B,17/04/2025 00:00:00,14:59:00,59,625,27,16,9,,,,,,,,,,,,,,,31,677
M4/2156B,17/04/2025 00:00:00,15:14:00,60,646,24,24,10,,,,,,,,,,,,,,,26,704
M4/2156B,17/04/2025 00:00:00,15:29:00,61,633,25,14,11,,,,,,,,,,,,,,,24,683
M4/2156B,17/04/2025 00:00:00,15:44:00,62,667,19,22,13,,,,,,,,,,,,,,,25,721
M4/2156B,17/04/2025 00:00:00,15:59:00,63,679,15,13,16,,,,,,,,,,,,,,,23,723
M4/2156B,17/04/2025 00:00:00,16:13:00,64,681,28,13,6,,,,,,,,,,,,,,,21,728
M4/2156B,17/04/2025 00:00:00,16:29:00,65,702,11,16,10,,,,,,,,,,,,,,,24,738
M4/2156B,17/04/2025 00:00:00,16:44:00,66,666,20,13,12,,,,,,,,,,,,,,,23,710
M4/2156B,17/04/2025 00:00:00,16:59:00,67,698,22,7,3,,,,,,,,,,,,,,,24,730
M4/2156B,17/04/2025 00:00:00,17:13:00,68,678,17,10,13,,,,,,,,,,,,,,,21,719
M4/2156B,17/04/2025 00:00:00,17:28:00,69,717,16,17,9,,,,,,,,,,,,,,,21,759
M4/2156B,17/04/2025 00:00:00,17:44:00,70,686,14,13,18,,,,,,,,,,,,,,,22,730
M4/2156B,17/04/2025 00:00:00,17:59:00,71,711,16,17,15,,,,,,,,,,,,,,,25,760
M4/2156B,17/04/2025 00:00:00,18:14:00,72,729,16,6,8,,,,,,,,,,,,,,,23,759
M4/2156B,17/04/2025 00:00:00,18:29:00,73,709,14,6,11,,,,,,,,,,,,,,,21,740
M4/2156B,17/04/2025 00:00:00,18:44:00,74,702,14,12,10,,,,,,,,,,,,,,,24,737
M4/2156B,17/04/2025 00:00:00,18:59:00,75,654,16,9,12,,,,,,,,,,,,,,,25,691
M4/2156B,17/04/2025 00:00:00,19:14:00,76,569,15,7,7,,,,,,,,,,,,,,,31,598
M4/2156B,17/04/2025 00:00:00,19:29:00,77,598,16,8,6,,,,,,,,,,,,,,,30,628
M4/2156B,17/04/2025 00:00:00,19:44:00,78,607,16,11,10,,,,,,,,,,,,,,,25,644
M4/2156B,17/04/2025 00:00:00,19:59:00,79,524,5,6,7,,,,,,,,,,,,,,,32,542
M4/2156B,17/04/2025 00:00:00,20:14:00,80,451,11,11,8,,,,,,,,,,,,,,,32,481
M4/2156B,17/04/2025 00:00:00,20:29:00,81,432,10,9,5,,,,,,,,,,,,,,,31,456
M4/2156B,17/04/2025 00:00:00,20:44:00,82,405,10,10,6,,,,,,,,,,,,,,,32,431
M4/2156B,17/04/2025 00:00:00,20:59:00,83,428,17,7,8,,,,,,,,,,,,,,,32,460
M4/2156B,17/04/2025 00:00:00,21:14:00,84,428,11,8,10,,,,,,,,,,,,,,,32,457
M4/2156B,17/04/2025 00:00:00,21:29:00,85,448,5,13,5,,,,,,,,,,,,,,,32,471
M4/2156B,17/04/2025 00:00:00,21:44:00,86,417,7,8,10,,,,,,,,,,,,,,,32,442
M4/2156B,17/04/2025 00:00:00,21:59:00,87,349,7,11,1,,,,,,,,,,,,,,,33,368
M4/2156B,17/04/2025 00:00:00,22:14:00,88,364,13,5,9,,,,,,,,,,,,,,,33,391
M4/2156B,17/04/2025 00:00:00,22:29:00,89,336,11,7,5,,,,,,,,,,,,,,,34,359
M4/2156B,17/04/2025 00:00:00,22:44:00,90,336,4,3,4,,,,,,,,,,,,,,,33,347
M4/2156B,17/04/2025 00:00:00,22:59:00,91,300,8,1,7,,,,,,,,,,,,,,,34,316
M4/2156B,17/04/2025 00:00:00,23:14:00,92,297,11,9,5,,,,,,,,,,,,,,,34,322
M4/2156B,17/04/2025 00:00:00,23:29:00,93,307,4,4,4,,,,,,,,,,,,,,,34,319
M4/2156B,17/04/2025 00:00:00,23:44:00,94,229,5,1,6,,,,,,,,,,,,,,,34,241
M4/2156B,17/04/2025 00:00:00,23:59:00,95,186,13,4,5,,,,,,,,,,,,,,,34,208
M4/2156B,18/04/2025 00:00:00,00:14:00,0,157,7,6,2,,,,,,,,,,,,,,,35,172
M4/2156B,18/04/2025 00:00:00,00:29:00,1,117,6,6,3,,,,,,,,,,,,,,,34,132
M4/2156B,18/04/2025 00:00:00,00:44:00,2,98,6,5,3,,,,,,,,,,,,,,,36,112
M4/2156B,18/04/2025 00:00:00,00:59:00,3,102,6,6,4,,,,,,,,,,,,,,,36,118
M4/2156B,18/04/2025 00:00:00,01:14:00,4,90,1,4,1,,,,,,,,,,,,,,,36,96
M4/2156B,18/04/2025 00:00:00,01:29:00,5,71,7,2,4,,,,,,,,,,,,,,,36,84
M4/2156B,18/04/2025 00:00:00,01:44:00,6,58,10,4,2,,,,,,,,,,,,,,,35,74
M4/2156B,18/04/2025 00:00:00,01:59:00,7,53,3,3,5,,,,,,,,,,,,,,,36,64
M4/2156B,18/04/2025 00:00:00,02:14:00,8,51,2,3,2,,,,,,,,,,,,,,,36,58
M4/2156B,18/04/2025 00:00:00,02:29:00,9,51,4,3,1,,,,,,,,,,,,,,,35,59
M4/2156B,18/04/2025 00:00:00,02:44:00,10,51,7,3,3,,,,,,,,,,,,,,,35,64
M4/2156B,18/04/2025 00:00:00,02:59:00,11,51,7,2,5,,,,,,,,,,,,,,,35,65
M4/2156B,18/04/2025 00:00:00,03:14:00,12,54,9,5,6,,,,,,,,,,,,,,,36,74
M4/2156B,18/04/2025 00:00:00,03:29:00,13,60,3,4,3,,,,,,,,,,,,,,,36,70
M4/2156B,18/04/2025 00:00:00,03:44:00,14,61,7,7,7,,,,,,,,,,,,,,,36,82
M4/2156B,18/04/2025 00:00:00,03:59:00,15,69,8,6,5,,,,,,,,,,,,,,,35,88
M4/2156B,18/04/2025 00:00:00,04:14:00,16,77,6,6,4,,,,,,,,,,,,,,,35,93
M4/2156B,18/04/2025 00:00:00,04:29:00,17,109,12,12,5,,,,,,,,,,,,,,,36,138
M4/2156B,18/04/2025 00:00:00,04:44:00,18,107,12,9,4,,,,,,,,,,,,,,,36,132
M4/2156B,18/04/2025 00:00:00,04:59:00,19,171,5,17,7,,,,,,,,,,,,,,,35,200
M4/2156B,18/04/2025 00:00:00,05:14:00,20,180,5,21,4,,,,,,,,,,,,,,,34,210
M4/2156B,18/04/2025 00:00:00,05:29:00,21,189,10,15,11,,,,,,,,,,,,,,,33,225
M4/2156B,18/04/2025 00:00:00,05:44:00,22,228,18,29,9,,,,,,,,,,,,,,,34,284
M4/2156B,18/04/2025 00:00:00,05:59:00,23,259,13,29,12,,,,,,,,,,,,,,,34,313
M4/2156B,18/04/2025 00:00:00,06:14:00,24,303,17,13,9,,,,,,,,,,,,,,,33,342
M4/2156B,18/04/2025 00:00:00,06:29:00,25,324,21,31,9,,,,,,,,,,,,,,,33,385
M4/2156B,18/04/2025 00:00:00,06:44:00,26,350,15,23,17,,,,,,,,,,,,,,,33,405
M4/2156B,18/04/2025 00:00:00,06:59:00,27,336,22,26,13,,,,,,,,,,,,,,,33,397
M4/2156B,18/04/2025 00:00:00,07:14:00,28,335,21,20,5,,,,,,,,,,,,,,,33,381
M4/2156B,18/04/2025 00:00:00,07:29:00,29,406,36,28,10,,,,,,,,,,,,,,,32,480
M4/2156B,18/04/2025 00:00:00,07:44:00,30,425,19,25,6,,,,,,,,,,,,,,,32,475
M4/2156B,18/04/2025 00:00:00,07:59:00,31,459,20,23,11,,,,,,,,,,,,,,,32,513
M4/2156B,18/04/2025 00:00:00,08:14:00,32,392,20,19,5,,,,,,,,,,,,,,,33,436
M4/2156B,18/04/2025 00:00:00,08:29:00,33,447,21,19,10,,,,,,,,,,,,,,,32,497
M4/2156B,18/04/2025 00:00:00,08:44:00,34,478,21,14,3,,,,,,,,,,,,,,,32,516
M4/2156B,18/04/2025 00:00:00,08:59:00,35,452,17,17,7,,,,,,,,,,,,,,,32,493
M4/2156B,18/04/2025 00:00:00,09:14:00,36,512,18,16,6,,,,,,,,,,,,,,,32,552
M4/2156B,18/04/2025 00:00:00,09:29:00,37,560,14,18,15,,,,,,,,,,,,,,,31,607
M4/2156B,18/04/2025 00:00:00,09:44:00,38,608,19,10,9,,,,,,,,,,,,,,,31,646
M4/2156B,18/04/2025 00:00:00,09:59:00,39,615,21,13,8,,,,,,,,,,,,,,,31,657
M4/2156B,18/04/2025 00:00:00,10:14:00,40,612,20,13,11,,,,,,,,,,,,,,,30,656
M4/2156B,18/04/2025 00:00:00,10:29:00,41,611,25,17,9,,,,,,,,,,,,,,,29,662
M4/2156B,18/04/2025 00:00:00,10:44:00,42,659,21,16,5,,,,,,,,,,,,,,,24,701
M4/2156B,18/04/2025 00:00:00,10:59:00,43,675,21,13,9,,,,,,,,,,,,,,,22,718
M4/2156B,18/04/2025 00:00:00,11:14:00,44,619,17,17,13,,,,,,,,,,,,,,,30,666
M4/2156B,18/04/2025 00:00:00,11:29:00,45,653,10,13,10,,,,,,,,,,,,,,,30,686
M4/2156B,18/04/2025 00:00:00,11:44:00,46,696,15,20,12,,,,,,,,,,,,,,,30,743
M4/2156B,18/04/2025 00:00:00,11:59:00,47,638,20,13,5,,,,,,,,,,,,,,,23,676
M4/2156B,18/04/2025 00:00:00,12:14:00,48,660,14,11,13,,,,,,,,,,,,,,,28,698
M4/2156B,18/04/2025 00:00:00,12:29:00,49,612,14,5,6,,,,,,,,,,,,,,,31,637
M4/2156B,18/04/2025 00:00:00,12:44:00,50,608,10,10,11,,,,,,,,,,,,,,,31,639
M4/2156B,18/04/2025 00:00:00,12:59:00,51,616,14,13,10,,,,,,,,,,,,,,,31,653
M4/2156B,18/04/2025 00:00:00,13:14:00,52,577,10,9,5,,,,,,,,,,,,,,,32,601
M4/2156B,18/04/2025 00:00:00,13:29:00,53,608,14,11,14,,,,,,,,,,,,,,,30,647
M4/2156B,18/04/2025 00:00:00,13:44:00,54,593,8,7,8,,,,,,,,,,,,,,,31,616
M4/2156B,18/04/2025 00:00:00,13:59:00,55,609,12,10,13,,,,,,,,,,,,,,,31,644
M4/2156B,18/04/2025 00:00:00,14:14:00,56,612,9,9,10,,,,,,,,,,,,,,,32,640
M4/2156B,18/04/2025 00:00:00,14:29:00,57,563,8,5,6,,,,,,,,,,,,,,,33,582
M4/2156B,18/04/2025 00:00:00,14:44:00,58,544,12,8,8,,,,,,,,,,,,,,,32,572
M4/2156B,18/04/2025 00:00:00,14:59:00,59,524,18,10,3,,,,,,,,,,,,,,,31,555
M4/2156B,18/04/2025 00:00:00,15:14:00,60,505,11,8,4,,,,,,,,,,,,,,,32,528
M4/2156B,18/04/2025 00:00:00,15:29:00,61,583,6,5,8,,,,,,,,,,,,,,,32,602
M4/2156B,18/04/2025 00:00:00,15:44:00,62,586,20,9,7,,,,,,,,,,,,,,,32,622
M4/2156B,18/04/2025 00:00:00,15:59:00,63,669,12,6,6,,,,,,,,,,,,,,,30,693
M4/2156B,18/04/2025 00:00:00,16:14:00,64,636,14,9,6,,,,,,,,,,,,,,,31,665
M4/2156B,18/04/2025 00:00:00,16:29:00,65,647,16,8,4,,,,,,,,,,,,,,,29,675
M4/2156B,18/04/2025 00:00:00,16:44:00,66,611,7,8,10,,,,,,,,,,,,,,,30,636
M4/2156B,18/04/2025 00:00:00,16:59:00,67,645,15,17,10,,,,,,,,,,,,,,,29,687
M4/2156B,18/04/2025 00:00:00,17:14:00,68,700,9,11,7,,,,,,,,,,,,,,,29,727
M4/2156B,18/04/2025 00:00:00,17:29:00,69,704,6,9,9,,,,,,,,,,,,,,,26,728
M4/2156B,18/04/2025 00:00:00,17:44:00,70,694,12,9,4,,,,,,,,,,,,,,,26,719
M4/2156B,18/04/2025 00:00:00,17:59:00,71,681,15,10,12,,,,,,,,,,,,,,,21,718
M4/2156B,18/04/2025 00:00:00,18:14:00,72,661,19,4,11,,,,,,,,,,,,,,,23,695
M4/2156B,18/04/2025 00:00:00,18:29:00,73,669,9,11,10,,,,,,,,,,,,,,,28,699
M4/2156B,18/04/2025 00:00:00,18:44:00,74,581,13,11,8,,,,,,,,,,,,,,,30,613
M4/2156B,18/04/2025 00:00:00,18:59:00,75,577,7,4,6,,,,,,,,,,,,,,,31,594
M4/2156B,18/04/2025 00:00:00,19:14:00,76,577,8,9,9,,,,,,,,,,,,,,,31,603
M4/2156B,18/04/2025 00:00:00,19:29:00,77,541,8,12,10,,,,,,,,,,,,,,,31,571
M4/2156B,18/04/2025 00:00:00,19:44:00,78,525,12,6,7,,,,,,,,,,,,,,,32,550
M4/2156B,18/04/2025 00:00:00,19:59:00,79,530,3,7,6,,,,,,,,,,,,,,,32,546
M4/2156B,18/04/2025 00:00:00,20:14:00,80,468,6,5,4,,,,,,,,,,,,,,,32,483
M4/2156B,18/04/2025 00:00:00,20:29:00,81,396,9,8,8,,,,,,,,,,,,,,,32,421
M4/2156B,18/04/2025 00:00:00,20:44:00,82,402,7,4,4,,,,,,,,,,,,,,,32,417
M4/2156B,18/04/2025 00:00:00,20:59:00,83,414,4,7,8,,,,,,,,,,,,,,,32,433
M4/2156B,18/04/2025 00:00:00,21:14:00,84,394,8,5,8,,,,,,,,,,,,,,,32,415
M4/2156B,18/04/2025 00:00:00,21:29:00,85,357,11,6,8,,,,,,,,,,,,,,,33,382
M4/2156B,18/04/2025 00:00:00,21:44:00,86,389,14,4,5,,,,,,,,,,,,,,,33,412
M4/2156B,18/04/2025 00:00:00,21:59:00,87,357,13,7,7,,,,,,,,,,,,,,,33,384
M4/2156B,18/04/2025 00:00:00,22:14:00,88,333,7,4,3,,,,,,,,,,,,,,,33,347
M4/2156B,18/04/2025 00:00:00,22:29:00,89,338,6,5,3,,,,,,,,,,,,,,,34,352
M4/2156B,18/04/2025 00:00:00,22:44:00,90,306,3,3,4,,,,,,,,,,,,,,,34,316
M4/2156B,18/04/2025 00:00:00,22:59:00,91,298,11,0,3,,,,,,,,,,,,,,,34,312
M4/2156B,18/04/2025 00:00:00,23:14:00,92,258,8,6,3,,,,,,,,,,,,,,,34,275
M4/2156B,18/04/2025 00:00:00,23:29:00,93,246,8,7,3,,,,,,,,,,,,,,,34,264
M4/2156B,18/04/2025 00:00:00,23:44:00,94,219,5,2,1,,,,,,,,,,,,,,,34,227
M4/2156B,18/04/2025 00:00:00,23:59:00,95,177,4,3,0,,,,,,,,,,,,,,,35,184
M4/2156B,19/04/2025 00:00:00,00:14:00,0,133,5,3,4,,,,,,,,,,,,,,,35,145
M4/2156B,19/04/2025 00:00:00,00:29:00,1,126,4,2,6,,,,,,,,,,,,,,,34,138
M4/2156B,19/04/2025 00:00:00,00:44:00,2,99,4,3,1,,,,,,,,,,,,,,,35,107
M4/2156B,19/04/2025 00:00:00,00:59:00,3,112,3,3,2,,,,,,,,,,,,,,,35,120
M4/2156B,19/04/2025 00:00:00,01:14:00,4,87,4,1,2,,,,,,,,,,,,,,,37,94
M4/2156B,19/04/2025 00:00:00,01:29:00,5,86,2,2,3,,,,,,,,,,,,,,,35,93
M4/2156B,19/04/2025 00:00:00,01:44:00,6,63,2,2,0,,,,,,,,,,,,,,,35,67
M4/2156B,19/04/2025 00:00:00,01:59:00,7,49,2,3,2,,,,,,,,,,,,,,,36,56
M4/2156B,19/04/2025 00:00:00,02:14:00,8,49,5,1,1,,,,,,,,,,,,,,,36,56
M4/2156B,19/04/2025 00:00:00,02:29:00,9,46,3,2,1,,,,,,,,,,,,,,,35,52
M4/2156B,19/04/2025 00:00:00,02:44:00,10,48,1,3,3,,,,,,,,,,,,,,,36,55
M4/2156B,19/04/2025 00:00:00,02:59:00,11,49,4,2,3,,,,,,,,,,,,,,,36,58
M4/2156B,19/04/2025 00:00:00,03:14:00,12,46,7,2,1,,,,,,,,,,,,,,,35,56
M4/2156B,19/04/2025 00:00:00,03:29:00,13,45,3,4,6,,,,,,,,,,,,,,,37,58
M4/2156B,19/04/2025 00:00:00,03:44:00,14,55,8,4,1,,,,,,,,,,,,,,,35,68
M4/2156B,19/04/2025 00:00:00,03:59:00,15,52,1,3,1,,,,,,,,,,,,,,,35,57
M4/2156B,19/04/2025 00:00:00,04:14:00,16,67,3,2,4,,,,,,,,,,,,,,,35,76
M4/2156B,19/04/2025 00:00:00,04:29:00,17,69,8,6,5,,,,,,,,,,,,,,,35,88
M4/2156B,19/04/2025 00:00:00,04:44:00,18,91,6,7,5,,,,,,,,,,,,,,,35,109
M4/2156B,19/04/2025 00:00:00,04:59:00,19,86,4,16,6,,,,,,,,,,,,,,,35,112
M4/2156B,19/04/2025 00:00:00,05:14:00,20,118,6,11,3,,,,,,,,,,,,,,,36,138
M4/2156B,19/04/2025 00:00:00,05:29:00,21,124,13,15,9,,,,,,,,,,,,,,,35,161
M4/2156B,19/04/2025 00:00:00,05:44:00,22,135,9,18,9,,,,,,,,,,,,,,,35,171
M4/2156B,19/04/2025 00:00:00,05:59:00,23,162,16,13,9,,,,,,,,,,,,,,,35,200
M4/2156B,19/04/2025 00:00:00,06:14:00,24,198,17,12,5,,,,,,,,,,,,,,,35,232
M4/2156B,19/04/2025 00:00:00,06:29:00,25,237,30,28,7,,,,,,,,,,,,,,,34,302
M4/2156B,19/04/2025 00:00:00,06:44:00,26,256,13,16,11,,,,,,,,,,,,,,,33,296
M4/2156B,19/04/2025 00:00:00,06:59:00,27,274,18,30,8,,,,,,,,,,,,,,,34,330
M4/2156B,19/04/2025 00:00:00,07:14:00,28,288,13,14,5,,,,,,,,,,,,,,,34,320
M4/2156B,19/04/2025 00:00:00,07:29:00,29,323,15,18,8,,,,,,,,,,,,,,,34,364
M4/2156B,19/04/2025 00:00:00,07:44:00,30,424,28,16,11,,,,,,,,,,,,,,,33,479
M4/2156B,19/04/2025 00:00:00,07:59:00,31,445,22,19,11,,,,,,,,,,,,,,,32,497
M4/2156B,19/04/2025 00:00:00,08:14:00,32,437,16,11,7,,,,,,,,,,,,,,,33,471
M4/2156B,19/04/2025 00:00:00,08:29:00,33,459,20,14,15,,,,,,,,,,,,,,,32,508
M4/2156B,19/04/2025 00:00:00,08:44:00,34,461,20,15,11,,,,,,,,,,,,,,,33,507
M4/2156B,19/04/2025 00:00:00,08:59:00,35,504,19,17,10,,,,,,,,,,,,,,,32,550
M4/2156B,19/04/2025 00:00:00,09:14:00,36,380,13,11,11,,,,,,,,,,,,,,,32,415
M4/2156B,19/04/2025 00:00:00,09:29:00,37,647,18,20,7,,,,,,,,,,,,,,,27,692
M4/2156B,19/04/2025 00:00:00,09:44:00,38,533,14,14,10,,,,,,,,,,,,,,,31,571
M4/2156B,19/04/2025 00:00:00,09:59:00,39,564,15,9,5,,,,,,,,,,,,,,,32,593
M4/2156B,19/04/2025 00:00:00,10:14:00,40,586,17,17,9,,,,,,,,,,,,,,,31,629
M4/2156B,19/04/2025 00:00:00,10:29:00,41,643,14,10,6,,,,,,,,,,,,,,,30,673
M4/2156B,19/04/2025 00:00:00,10:44:00,42,717,11,11,10,,,,,,,,,,,,,,,29,749
M4/2156B,19/04/2025 00:00:00,10:59:00,43,671,15,8,7,,,,,,,,,,,,,,,30,701
M4/2156B,19/04/2025 00:00:00,11:14:00,44,734,16,10,6,,,,,,,,,,,,,,,28,766
M4/2156B,19/04/2025 00:00:00,11:29:00,45,721,14,11,11,,,,,,,,,,,,,,,28,757
M4/2156B,19/04/2025 00:00:00,11:44:00,46,693,15,8,13,,,,,,,,,,,,,,,23,729
M4/2156B,19/04/2025 00:00:00,11:59:00,47,701,12,8,12,,,,,,,,,,,,,,,25,733
M4/2156B,19/04/2025 00:00:00,12:14:00,48,661,17,12,8,,,,,,,,,,,,,,,21,698
M4/2156B,19/04/2025 00:00:00,12:29:00,49,732,17,6,5,,,,,,,,,,,,,,,26,760
M4/2156B,19/04/2025 00:00:00,12:44:00,50,687,14,8,13,,,,,,,,,,,,,,,24,722
M4/2156B,19/04/2025 00:00:00,12:59:00,51,704,8,4,13,,,,,,,,,,,,,,,24,729
M4/2156B,19/04/2025 00:00:00,13:14:00,52,685,14,7,6,,,,,,,,,,,,,,,23,712
M4/2156B,19/04/2025 00:00:00,13:29:00,53,726,7,9,8,,,,,,,,,,,,,,,25,750
M4/2156B,19/04/2025 00:00:00,13:44:00,54,687,10,10,18,,,,,,,,,,,,,,,26,725
M4/2156B,19/04/2025 00:00:00,13:59:00,55,703,9,15,11,,,,,,,,,,,,,,,24,738
M4/2156B,19/04/2025 00:00:00,14:14:00,56,699,11,6,9,,,,,,,,,,,,,,,25,725
M4/2156B,19/04/2025 00:00:00,14:29:00,57,711,14,3,5,,,,,,,,,,,,,,,26,733
M4/2156B,19/04/2025 00:00:00,14:44:00,58,673,15,6,14,,,,,,,,,,,,,,,26,708
M4/2156B,19/04/2025 00:00:00,14:59:00,59,646,7,5,8,,,,,,,,,,,,,,,30,666
M4/2156B,19/04/2025 00:00:00,15:14:00,60,673,9,10,8,,,,,,,,,,,,,,,30,700
M4/2156B,19/04/2025 00:00:00,15:29:00,61,668,10,9,8,,,,,,,,,,,,,,,31,695
M4/2156B,19/04/2025 00:00:00,15:44:00,62,644,7,8,9,,,,,,,,,,,,,,,31,668
M4/2156B,19/04/2025 00:00:00,15:59:00,63,569,13,6,9,,,,,,,,,,,,,,,32,597
M4/2156B,19/04/2025 00:00:00,16:14:00,64,565,13,13,5,,,,,,,,,,,,,,,32,596
M4/2156B,19/04/2025 00:00:00,16:29:00,65,702,12,6,8,,,,,,,,,,,,,,,30,728
M4/2156B,19/04/2025 00:00:00,16:44:00,66,701,12,9,12,,,,,,,,,,,,,,,29,734
M4/2156B,19/04/2025 00:00:00,16:59:00,67,602,9,11,10,,,,,,,,,,,,,,,32,632
M4/2156B,19/04/2025 00:00:00,17:14:00,68,640,11,10,5,,,,,,,,,,,,,,,31,666
M4/2156B,19/04/2025 00:00:00,17:29:00,69,653,13,11,7,,,,,,,,,,,,,,,30,684
M4/2156B,19/04/2025 00:00:00,17:44:00,70,688,20,8,13,,,,,,,,,,,,,,,28,729
M4/2156B,19/04/2025 00:00:00,17:59:00,71,701,8,10,12,,,,,,,,,,,,,,,27,731
M4/2156B,19/04/2025 00:00:00,18:14:00,72,687,10,8,7,,,,,,,,,,,,,,,27,712
M4/2156B,19/04/2025 00:00:00,18:29:00,73,631,12,9,6,,,,,,,,,,,,,,,31,658
M4/2156B,19/04/2025 00:00:00,18:44:00,74,665,13,8,11,,,,,,,,,,,,,,,30,697
M4/2156B,19/04/2025 00:00:00,18:59:00,75,617,8,6,7,,,,,,,,,,,,,,,31,638
M4/2156B,19/04/2025 00:00:00,19:14:00,76,550,11,9,10,,,,,,,,,,,,,,,31,580
M4/2156B,19/04/2025 00:00:00,19:29:00,77,568,5,5,8,,,,,,,,,,,,,,,32,586
M4/2156B,19/04/2025 00:00:00,19:44:00,78,586,13,9,9,,,,,,,,,,,,,,,30,617
M4/2156B,19/04/2025 00:00:00,19:59:00,79,499,10,5,3,,,,,,,,,,,,,,,31,517
M4/2156B,19/04/2025 00:00:00,20:14:00,80,485,6,4,5,,,,,,,,,,,,,,,32,500
M4/2156B,19/04/2025 00:00:00,20:29:00,81,430,7,5,4,,,,,,,,,,,,,,,32,446
M4/2156B,19/04/2025 00:00:00,20:44:00,82,440,3,5,6,,,,,,,,,,,,,,,32,454
M4/2156B,19/04/2025 00:00:00,20:59:00,83,487,5,6,2,,,,,,,,,,,,,,,32,500
M4/2156B,19/04/2025 00:00:00,21:14:00,84,423,3,5,4,,,,,,,,,,,,,,,33,435
M4/2156B,19/04/2025 00:00:00,21:29:00,85,445,6,4,4,,,,,,,,,,,,,,,32,459
M4/2156B,19/04/2025 00:00:00,21:44:00,86,414,5,6,3,,,,,,,,,,,,,,,33,428
M4/2156B,19/04/2025 00:00:00,21:59:00,87,445,5,4,5,,,,,,,,,,,,,,,32,459
M4/2156B,19/04/2025 00:00:00,22:14:00,88,427,3,5,2,,,,,,,,,,,,,,,32,437
M4/2156B,19/04/2025 00:00:00,22:29:00,89,436,3,7,5,,,,,,,,,,,,,,,32,451
M4/2156B,19/04/2025 00:00:00,22:44:00,90,367,4,2,4,,,,,,,,,,,,,,,32,377
M4/2156B,19/04/2025 00:00:00,22:59:00,91,321,5,3,3,,,,,,,,,,,,,,,33,332
M4/2156B,19/04/2025 00:00:00,23:14:00,92,303,3,1,0,,,,,,,,,,,,,,,33,307
M4/2156B,19/04/2025 00:00:00,23:29:00,93,291,1,1,5,,,,,,,,,,,,,,,33,298
M4/2156B,19/04/2025 00:00:00,23:44:00,94,223,3,0,2,,,,,,,,,,,,,,,34,228
M4/2156B,19/04/2025 00:00:00,23:59:00,95,220,2,1,0,,,,,,,,,,,,,,,34,223
M4/2156B,20/04/2025 00:00:00,00:14:00,0,188,2,2,5,,,,,,,,,,,,,,,34,197
M4/2156B,20/04/2025 00:00:00,00:29:00,1,132,3,0,2,,,,,,,,,,,,,,,34,137
M4/2156B,20/04/2025 00:00:00,00:44:00,2,136,6,2,0,,,,,,,,,,,,,,,35,144
M4/2156B,20/04/2025 00:00:00,00:59:00,3,123,1,2,1,,,,,,,,,,,,,,,35,127
M4/2156B,20/04/2025 00:00:00,01:14:00,4,114,1,0,2,,,,,,,,,,,,,,,35,117
M4/2156B,20/04/2025 00:00:00,01:29:00,5,93,3,2,2,,,,,,,,,,,,,,,35,100
M4/2156B,20/04/2025 00:00:00,01:44:00,6,89,0,1,0,,,,,,,,,,,,,,,35,90
M4/2156B,20/04/2025 00:00:00,01:59:00,7,85,3,1,3,,,,,,,,,,,,,,,35,92
M4/2156B,20/04/2025 00:00:00,02:14:00,8,63,4,1,3,,,,,,,,,,,,,,,37,71
M4/2156B,20/04/2025 00:00:00,02:29:00,9,77,0,0,1,,,,,,,,,,,,,,,35,78
M4/2156B,20/04/2025 00:00:00,02:44:00,10,69,2,3,1,,,,,,,,,,,,,,,36,75
M4/2156B,20/04/2025 00:00:00,02:59:00,11,46,4,2,3,,,,,,,,,,,,,,,35,55
M4/2156B,20/04/2025 00:00:00,03:14:00,12,40,0,1,1,,,,,,,,,,,,,,,35,42
M4/2156B,20/04/2025 00:00:00,03:29:00,13,48,4,1,0,,,,,,,,,,,,,,,36,53
M4/2156B,20/04/2025 00:00:00,03:44:00,14,59,1,2,0,,,,,,,,,,,,,,,35,62
M4/2156B,20/04/2025 00:00:00,03:59:00,15,58,2,1,2,,,,,,,,,,,,,,,36,63
M4/2156B,20/04/2025 00:00:00,04:14:00,16,63,3,4,3,,,,,,,,,,,,,,,35,73
M4/2156B,20/04/2025 00:00:00,04:29:00,17,55,2,3,2,,,,,,,,,,,,,,,36,62
M4/2156B,20/04/2025 00:00:00,04:44:00,18,73,2,4,3,,,,,,,,,,,,,,,35,82
M4/2156B,20/04/2025 00:00:00,04:59:00,19,90,4,9,6,,,,,,,,,,,,,,,35,109
M4/2156B,20/04/2025 00:00:00,05:14:00,20,86,6,3,5,,,,,,,,,,,,,,,34,100
M4/2156B,20/04/2025 00:00:00,05:29:00,21,105,6,3,6,,,,,,,,,,,,,,,35,120
M4/2156B,20/04/2025 00:00:00,05:44:00,22,139,4,7,6,,,,,,,,,,,,,,,35,156
M4/2156B,20/04/2025 00:00:00,05:59:00,23,153,5,4,7,,,,,,,,,,,,,,,35,169
M4/2156B,20/04/2025 00:00:00,06:14:00,24,174,4,9,4,,,,,,,,,,,,,,,35,191
M4/2156B,20/04/2025 00:00:00,06:29:00,25,206,6,9,6,,,,,,,,,,,,,,,35,227
M4/2156B,20/04/2025 00:00:00,06:44:00,26,245,6,8,6,,,,,,,,,,,,,,,35,265
M4/2156B,20/04/2025 00:00:00,06:59:00,27,220,10,10,6,,,,,,,,,,,,,,,34,246
M4/2156B,20/04/2025 00:00:00,07:14:00,28,256,12,7,7,,,,,,,,,,,,,,,34,282
M4/2156B,20/04/2025 00:00:00,07:29:00,29,287,7,8,6,,,,,,,,,,,,,,,34,308
M4/2156B,20/04/2025 00:00:00,07:44:00,30,363,12,8,9,,,,,,,,,,,,,,,33,392
M4/2156B,20/04/2025 00:00:00,07:59:00,31,369,14,9,4,,,,,,,,,,,,,,,33,396
M4/2156B,20/04/2025 00:00:00,08:14:00,32,296,8,8,6,,,,,,,,,,,,,,,34,318
M4/2156B,20/04/2025 00:00:00,08:29:00,33,373,15,6,11,,,,,,,,,,,,,,,33,405
M4/2156B,20/04/2025 00:00:00,08:44:00,34,366,16,7,11,,,,,,,,,,,,,,,34,400
M4/2156B,20/04/2025 00:00:00,08:59:00,35,434,15,11,4,,,,,,,,,,,,,,,33,464
M4/2156B,20/04/2025 00:00:00,09:14:00,36,444,9,5,11,,,,,,,,,,,,,,,33,469
M4/2156B,20/04/2025 00:00:00,09:29:00,37,490,11,5,8,,,,,,,,,,,,,,,32,514
M4/2156B,20/04/2025 00:00:00,09:44:00,38,498,9,10,6,,,,,,,,,,,,,,,32,523
M4/2156B,20/04/2025 00:00:00,09:59:00,39,540,11,3,4,,,,,,,,,,,,,,,33,558
M4/2156B,20/04/2025 00:00:00,10:14:00,40,542,11,4,5,,,,,,,,,,,,,,,32,562
M4/2156B,20/04/2025 00:00:00,10:29:00,41,598,8,6,3,,,,,,,,,,,,,,,32,615
M4/2156B,20/04/2025 00:00:00,10:44:00,42,654,16,8,5,,,,,,,,,,,,,,,30,683
M4/2156B,20/04/2025 00:00:00,10:59:00,43,637,9,4,6,,,,,,,,,,,,,,,30,656
M4/2156B,20/04/2025 00:00:00,11:14:00,44,424,23,17,8,,,,,,,,,,,,,,,10,472
M4/2156B,20/04/2025 00:00:00,11:29:00,45,363,30,12,11,,,,,,,,,,,,,,,8,416
M4/2156B,20/04/2025 00:00:00,11:44:00,46,336,27,16,13,,,,,,,,,,,,,,,7,392
M4/2156B,20/04/2025 00:00:00,11:59:00,47,290,27,18,12,,,,,,,,,,,,,,,7,347
M4/2156B,20/04/2025 00:00:00,12:14:00,48,385,24,8,10,,,,,,,,,,,,,,,9,427
M4/2156B,20/04/2025 00:00:00,12:29:00,49,392,23,10,4,,,,,,,,,,,,,,,8,429
M4/2156B,20/04/2025 00:00:00,12:44:00,50,351,28,11,5,,,,,,,,,,,,,,,8,395
M4/2156B,20/04/2025 00:00:00,12:59:00,51,496,10,8,13,,,,,,,,,,,,,,,12,527
M4/2156B,20/04/2025 00:00:00,13:14:00,52,536,6,7,3,,,,,,,,,,,,,,,31,552
M4/2156B,20/04/2025 00:00:00,13:29:00,53,555,9,3,5,,,,,,,,,,,,,,,32,572
M4/2156B,20/04/2025 00:00:00,13:44:00,54,640,8,9,8,,,,,,,,,,,,,,,31,665
M4/2156B,20/04/2025 00:00:00,13:59:00,55,682,9,1,5,,,,,,,,,,,,,,,28,697
M4/2156B,20/04/2025 00:00:00,14:14:00,56,676,8,10,6,,,,,,,,,,,,,,,29,700
M4/2156B,20/04/2025 00:00:00,14:29:00,57,689,15,6,8,,,,,,,,,,,,,,,31,718
M4/2156B,20/04/2025 00:00:00,14:44:00,58,625,12,6,7,,,,,,,,,,,,,,,32,650
M4/2156B,20/04/2025 00:00:00,14:59:00,59,623,7,6,8,,,,,,,,,,,,,,,31,644
M4/2156B,20/04/2025 00:00:00,15:14:00,60,582,8,6,13,,,,,,,,,,,,,,,32,609
M4/2156B,20/04/2025 00:00:00,15:29:00,61,630,10,4,6,,,,,,,,,,,,,,,31,650
M4/2156B,20/04/2025 00:00:00,15:44:00,62,634,8,3,7,,,,,,,,,,,,,,,32,652
M4/2156B,20/04/2025 00:00:00,15:59:00,63,644,6,3,2,,,,,,,,,,,,,,,31,655
M4/2156B,20/04/2025 00:00:00,16:14:00,64,680,10,11,6,,,,,,,,,,,,,,,30,707
M4/2156B,20/04/2025 00:00:00,16:29:00,65,667,9,5,6,,,,,,,,,,,,,,,30,687
M4/2156B,20/04/2025 00:00:00,16:44:00,66,647,4,9,10,,,,,,,,,,,,,,,32,670
M4/2156B,20/04/2025 00:00:00,16:59:00,67,696,16,6,10,,,,,,,,,,,,,,,30,728
M4/2156B,20/04/2025 00:00:00,17:14:00,68,703,10,14,14,,,,,,,,,,,,,,,24,741
M4/2156B,20/04/2025 00:00:00,17:29:00,69,662,13,12,7,,,,,,,,,,,,,,,28,694
M4/2156B,20/04/2025 00:00:00,17:44:00,70,733,9,3,10,,,,,,,,,,,,,,,29,755
M4/2156B,20/04/2025 00:00:00,17:59:00,71,772,14,5,7,,,,,,,,,,,,,,,27,798
M4/2156B,20/04/2025 00:00:00,18:14:00,72,712,12,8,7,,,,,,,,,,,,,,,20,739
M4/2156B,20/04/2025 00:00:00,18:29:00,73,705,7,3,4,,,,,,,,,,,,,,,26,719
M4/2156B,20/04/2025 00:00:00,18:44:00,74,693,6,11,14,,,,,,,,,,,,,,,26,724
M4/2156B,20/04/2025 00:00:00,18:59:00,75,751,6,4,8,,,,,,,,,,,,,,,25,769
M4/2156B,20/04/2025 00:00:00,19:14:00,76,684,8,10,8,,,,,,,,,,,,,,,26,710
M4/2156B,20/04/2025 00:00:00,19:29:00,77,701,9,3,4,,,,,,,,,,,,,,,25,717
M4/2156B,20/04/2025 00:00:00,19:44:00,78,688,7,8,8,,,,,,,,,,,,,,,25,711
M4/2156B,20/04/2025 00:00:00,19:59:00,79,674,12,6,6,,,,,,,,,,,,,,,26,698
M4/2156B,20/04/2025 00:00:00,20:14:00,80,685,10,4,6,,,,,,,,,,,,,,,25,705
M4/2156B,20/04/2025 00:00:00,20:29:00,81,611,12,3,1,,,,,,,,,,,,,,,31,627
M4/2156B,20/04/2025 00:00:00,20:44:00,82,577,8,2,5,,,,,,,,,,,,,,,31,592
M4/2156B,20/04/2025 00:00:00,20:59:00,83,653,7,7,7,,,,,,,,,,,,,,,30,674
M4/2156B,20/04/2025 00:00:00,21:14:00,84,678,6,7,7,,,,,,,,,,,,,,,30,698
M4/2156B,20/04/2025 00:00:00,21:29:00,85,608,13,5,4,,,,,,,,,,,,,,,31,630
M4/2156B,20/04/2025 00:00:00,21:44:00,86,592,9,5,7,,,,,,,,,,,,,,,31,613
M4/2156B,20/04/2025 00:00:00,21:59:00,87,498,6,2,9,,,,,,,,,,,,,,,32,515
M4/2156B,20/04/2025 00:00:00,22:14:00,88,443,6,9,5,,,,,,,,,,,,,,,32,463
M4/2156B,20/04/2025 00:00:00,22:29:00,89,454,7,3,5,,,,,,,,,,,,,,,33,469
M4/2156B,20/04/2025 00:00:00,22:44:00,90,399,4,2,8,,,,,,,,,,,,,,,32,413
M4/2156B,20/04/2025 00:00:00,22:59:00,91,343,7,4,4,,,,,,,,,,,,,,,33,358
M4/2156B,20/04/2025 00:00:00,23:14:00,92,320,4,3,2,,,,,,,,,,,,,,,33,329
M4/2156B,20/04/2025 00:00:00,23:29:00,93,297,5,3,0,,,,,,,,,,,,,,,34,305
M4/2156B,20/04/2025 00:00:00,23:44:00,94,272,2,0,1,,,,,,,,,,,,,,,34,275
M4/2156B,20/04/2025 00:00:00,23:59:00,95,217,5,0,0,,,,,,,,,,,,,,,34,222
M4/2156B,21/04/2025 00:00:00,00:14:00,0,173,1,1,4,,,,,,,,,,,,,,,34,179
M4/2156B,21/04/2025 00:00:00,00:29:00,1,128,2,2,1,,,,,,,,,,,,,,,34,133
M4/2156B,21/04/2025 00:00:00,00:44:00,2,146,2,1,2,,,,,,,,,,,,,,,35,151
M4/2156B,21/04/2025 00:00:00,00:59:00,3,120,4,1,0,,,,,,,,,,,,,,,36,125
M4/2156B,21/04/2025 00:00:00,01:14:00,4,85,2,0,4,,,,,,,,,,,,,,,35,91
M4/2156B,21/04/2025 00:00:00,01:29:00,5,60,1,0,2,,,,,,,,,,,,,,,36,63
M4/2156B,21/04/2025 00:00:00,01:44:00,6,57,1,1,2,,,,,,,,,,,,,,,35,61
M4/2156B,21/04/2025 00:00:00,01:59:00,7,54,4,2,3,,,,,,,,,,,,,,,36,63
M4/2156B,21/04/2025 00:00:00,02:14:00,8,50,5,4,4,,,,,,,,,,,,,,,35,63
M4/2156B,21/04/2025 00:00:00,02:29:00,9,41,5,2,3,,,,,,,,,,,,,,,36,51
M4/2156B,21/04/2025 00:00:00,02:44:00,10,42,1,1,1,,,,,,,,,,,,,,,37,45
M4/2156B,21/04/2025 00:00:00,02:59:00,11,38,0,4,3,,,,,,,,,,,,,,,36,45
M4/2156B,21/04/2025 00:00:00,03:14:00,12,42,2,1,2,,,,,,,,,,,,,,,36,47
M4/2156B,21/04/2025 00:00:00,03:29:00,13,35,4,2,2,,,,,,,,,,,,,,,36,43
M4/2156B,21/04/2025 00:00:00,03:44:00,14,38,2,1,1,,,,,,,,,,,,,,,38,42
M4/2156B,21/04/2025 00:00:00,03:59:00,15,48,1,4,1,,,,,,,,,,,,,,,36,54
M4/2156B,21/04/2025 00:00:00,04:14:00,16,61,4,6,1,,,,,,,,,,,,,,,36,72
M4/2156B,21/04/2025 00:00:00,04:29:00,17,79,5,6,4,,,,,,,,,,,,,,,35,94
M4/2156B,21/04/2025 00:00:00,04:44:00,18,74,6,14,5,,,,,,,,,,,,,,,35,99
M4/2156B,21/04/2025 00:00:00,04:59:00,19,83,5,14,5,,,,,,,,,,,,,,,35,107
M4/2156B,21/04/2025 00:00:00,05:14:00,20,108,7,9,9,,,,,,,,,,,,,,,35,133
M4/2156B,21/04/2025 00:00:00,05:29:00,21,122,9,16,4,,,,,,,,,,,,,,,34,151
M4/2156B,21/04/2025 00:00:00,05:44:00,22,151,9,25,10,,,,,,,,,,,,,,,34,195
M4/2156B,21/04/2025 00:00:00,05:59:00,23,172,14,17,13,,,,,,,,,,,,,,,35,216
M4/2156B,21/04/2025 00:00:00,06:14:00,24,201,12,11,7,,,,,,,,,,,,,,,35,231
M4/2156B,21/04/2025 00:00:00,06:29:00,25,241,12,19,7,,,,,,,,,,,,,,,34,279
M4/2156B,21/04/2025 00:00:00,06:44:00,26,259,11,20,10,,,,,,,,,,,,,,,34,300
M4/2156B,21/04/2025 00:00:00,06:59:00,27,259,14,13,8,,,,,,,,,,,,,,,34,294
M4/2156B,21/04/2025 00:00:00,07:14:00,28,284,20,14,7,,,,,,,,,,,,,,,34,325
M4/2156B,21/04/2025 00:00:00,07:29:00,29,319,14,9,10,,,,,,,,,,,,,,,33,352
M4/2156B,21/04/2025 00:00:00,07:44:00,30,391,25,13,10,,,,,,,,,,,,,,,32,439
M4/2156B,21/04/2025 00:00:00,07:59:00,31,355,13,13,10,,,,,,,,,,,,,,,33,391
M4/2156B,21/04/2025 00:00:00,08:14:00,32,364,18,10,5,,,,,,,,,,,,,,,33,397
M4/2156B,21/04/2025 00:00:00,08:29:00,33,371,16,8,6,,,,,,,,,,,,,,,33,401
M4/2156B,21/04/2025 00:00:00,08:44:00,34,343,11,18,10,,,,,,,,,,,,,,,33,382
M4/2156B,21/04/2025 00:00:00,08:59:00,35,360,17,14,11,,,,,,,,,,,,,,,33,402
M4/2156B,21/04/2025 00:00:00,09:14:00,36,367,11,8,2,,,,,,,,,,,,,,,33,388
M4/2156B,21/04/2025 00:00:00,09:29:00,37,402,11,11,6,,,,,,,,,,,,,,,32,430
M4/2156B,21/04/2025 00:00:00,09:44:00,38,504,21,5,7,,,,,,,,,,,,,,,32,537
M4/2156B,21/04/2025 00:00:00,09:59:00,39,539,16,19,5,,,,,,,,,,,,,,,31,579
M4/2156B,21/04/2025 00:00:00,10:14:00,40,572,15,8,10,,,,,,,,,,,,,,,32,605
M4/2156B,21/04/2025 00:00:00,10:29:00,41,618,9,11,10,,,,,,,,,,,,,,,32,648
M4/2156B,21/04/2025 00:00:00,10:44:00,42,713,10,7,6,,,,,,,,,,,,,,,30,736
M4/2156B,21/04/2025 00:00:00,10:59:00,43,717,12,8,7,,,,,,,,,,,,,,,30,744
M4/2156B,21/04/2025 00:00:00,11:14:00,44,740,18,5,10,,,,,,,,,,,,,,,26,773
M4/2156B,21/04/2025 00:00:00,11:29:00,45,697,14,6,7,,,,,,,,,,,,,,,24,724
M4/2156B,21/04/2025 00:00:00,11:44:00,46,702,10,9,10,,,,,,,,,,,,,,,26,731
M4/2156B,21/04/2025 00:00:00,11:59:00,47,737,23,6,7,,,,,,,,,,,,,,,24,773
M4/2156B,21/04/2025 00:00:00,12:14:00,48,679,19,11,9,,,,,,,,,,,,,,,20,718
M4/2156B,21/04/2025 00:00:00,12:29:00,49,708,11,7,18,,,,,,,,,,,,,,,22,744
M4/2156B,21/04/2025 00:00:00,12:44:00,50,725,14,11,17,,,,,,,,,,,,,,,25,767
M4/2156B,21/04/2025 00:00:00,12:59:00,51,726,11,5,8,,,,,,,,,,,,,,,23,750
M4/2156B,21/04/2025 00:00:00,13:14:00,52,696,11,8,1,,,,,,,,,,,,,,,24,716
M4/2156B,21/04/2025 00:00:00,13:29:00,53,718,10,2,7,,,,,,,,,,,,,,,23,737
M4/2156B,21/04/2025 00:00:00,13:44:00,54,705,11,7,12,,,,,,,,,,,,,,,26,735
M4/2156B,21/04/2025 00:00:00,13:59:00,55,722,13,13,12,,,,,,,,,,,,,,,27,760
M4/2156B,21/04/2025 00:00:00,14:14:00,56,579,10,6,11,,,,,,,,,,,,,,,22,606
M4/2156B,21/04/2025 00:00:00,14:29:00,57,774,7,7,7,,,,,,,,,,,,,,,25,795
M4/2156B,21/04/2025 00:00:00,14:44:00,58,764,13,8,7,,,,,,,,,,,,,,,25,792
M4/2156B,21/04/2025 00:00:00,14:59:00,59,735,8,9,7,,,,,,,,,,,,,,,25,759
M4/2156B,21/04/2025 00:00:00,15:14:00,60,734,16,3,8,,,,,,,,,,,,,,,26,761
M4/2156B,21/04/2025 00:00:00,15:29:00,61,725,13,5,9,,,,,,,,,,,,,,,25,752
M4/2156B,21/04/2025 00:00:00,15:44:00,62,680,14,4,8,,,,,,,,,,,,,,,26,706
M4/2156B,21/04/2025 00:00:00,15:59:00,63,717,14,4,9,,,,,,,,,,,,,,,22,744
M4/2156B,21/04/2025 00:00:00,16:14:00,64,725,10,7,8,,,,,,,,,,,,,,,26,750
M4/2156B,21/04/2025 00:00:00,16:29:00,65,710,7,4,7,,,,,,,,,,,,,,,26,728
M4/2156B,21/04/2025 00:00:00,16:44:00,66,699,8,6,0,,,,,,,,,,,,,,,24,713
M4/2156B,21/04/2025 00:00:00,16:59:00,67,704,11,5,8,,,,,,,,,,,,,,,23,728
M4/2156B,21/04/2025 00:00:00,17:14:00,68,744,7,8,10,,,,,,,,,,,,,,,26,769
M4/2156B,21/04/2025 00:00:00,17:29:00,69,751,10,5,10,,,,,,,,,,,,,,,25,776
M4/2156B,21/04/2025 00:00:00,17:44:00,70,749,11,5,17,,,,,,,,,,,,,,,26,782
M4/2156B,21/04/2025 00:00:00,17:59:00,71,777,11,9,6,,,,,,,,,,,,,,,22,803
M4/2156B,21/04/2025 00:00:00,18:14:00,72,739,6,9,10,,,,,,,,,,,,,,,21,764
M4/2156B,21/04/2025 00:00:00,18:29:00,73,756,7,4,12,,,,,,,,,,,,,,,24,779
M4/2156B,21/04/2025 00:00:00,18:44:00,74,728,8,10,5,,,,,,,,,,,,,,,25,750
M4/2156B,21/04/2025 00:00:00,18:59:00,75,710,10,6,12,,,,,,,,,,,,,,,23,738
M4/2156B,21/04/2025 00:00:00,19:14:00,76,716,10,6,10,,,,,,,,,,,,,,,24,742
M4/2156B,21/04/2025 00:00:00,19:29:00,77,697,11,2,6,,,,,,,,,,,,,,,25,716
M4/2156B,21/04/2025 00:00:00,19:44:00,78,660,6,8,8,,,,,,,,,,,,,,,19,682
M4/2156B,21/04/2025 00:00:00,19:59:00,79,707,11,8,15,,,,,,,,,,,,,,,25,741
M4/2156B,21/04/2025 00:00:00,20:14:00,80,705,10,11,7,,,,,,,,,,,,,,,23,733
M4/2156B,21/04/2025 00:00:00,20:29:00,81,674,6,4,12,,,,,,,,,,,,,,,23,696
M4/2156B,21/04/2025 00:00:00,20:44:00,82,693,11,2,8,,,,,,,,,,,,,,,24,714
M4/2156B,21/04/2025 00:00:00,20:59:00,83,680,5,12,9,,,,,,,,,,,,,,,26,706
M4/2156B,21/04/2025 00:00:00,21:14:00,84,671,10,5,8,,,,,,,,,,,,,,,26,694
M4/2156B,21/04/2025 00:00:00,21:29:00,85,692,17,3,7,,,,,,,,,,,,,,,25,719
M4/2156B,21/04/2025 00:00:00,21:44:00,86,666,11,8,10,,,,,,,,,,,,,,,22,695
M4/2156B,21/04/2025 00:00:00,21:59:00,87,594,5,7,7,,,,,,,,,,,,,,,31,613
M4/2156B,21/04/2025 00:00:00,22:14:00,88,654,6,9,8,,,,,,,,,,,,,,,30,677
M4/2156B,21/04/2025 00:00:00,22:29:00,89,527,8,4,4,,,,,,,,,,,,,,,32,543
M4/2156B,21/04/2025 00:00:00,22:44:00,90,452,5,4,5,,,,,,,,,,,,,,,33,466
M4/2156B,21/04/2025 00:00:00,22:59:00,91,483,1,3,4,,,,,,,,,,,,,,,33,491
M4/2156B,21/04/2025 00:00:00,23:14:00,92,367,11,3,4,,,,,,,,,,,,,,,33,385
M4/2156B,21/04/2025 00:00:00,23:29:00,93,322,8,3,2,,,,,,,,,,,,,,,33,335
M4/2156B,21/04/2025 00:00:00,23:44:00,94,333,7,3,3,,,,,,,,,,,,,,,33,346
M4/2156B,21/04/2025 00:00:00,23:59:00,95,201,7,6,0,,,,,,,,,,,,,,,34,214
M4/2156B,22/04/2025 00:00:00,00:14:00,0,133,6,5,3,,,,,,,,,,,,,,,35,147
M4/2156B,22/04/2025 00:00:00,00:29:00,1,104,13,0,2,,,,,,,,,,,,,,,35,119
M4/2156B,22/04/2025 00:00:00,00:44:00,2,73,2,8,4,,,,,,,,,,,,,,,37,87
M4/2156B,22/04/2025 00:00:00,00:59:00,3,81,5,3,0,,,,,,,,,,,,,,,35,89
M4/2156B,22/04/2025 00:00:00,01:14:00,4,64,4,3,4,,,,,,,,,,,,,,,36,75
M4/2156B,22/04/2025 00:00:00,01:29:00,5,51,9,3,0,,,,,,,,,,,,,,,37,63
M4/2156B,22/04/2025 00:00:00,01:44:00,6,48,5,3,3,,,,,,,,,,,,,,,36,59
M4/2156B,22/04/2025 00:00:00,01:59:00,7,33,2,3,2,,,,,,,,,,,,,,,36,40
M4/2156B,22/04/2025 00:00:00,02:14:00,8,39,5,3,1,,,,,,,,,,,,,,,34,48
M4/2156B,22/04/2025 00:00:00,02:29:00,9,24,6,4,2,,,,,,,,,,,,,,,36,36
M4/2156B,22/04/2025 00:00:00,02:44:00,10,28,4,4,3,,,,,,,,,,,,,,,37,39
M4/2156B,22/04/2025 00:00:00,02:59:00,11,27,3,2,4,,,,,,,,,,,,,,,36,36
M4/2156B,22/04/2025 00:00:00,03:14:00,12,37,8,4,1,,,,,,,,,,,,,,,36,50
M4/2156B,22/04/2025 00:00:00,03:29:00,13,42,8,5,9,,,,,,,,,,,,,,,36,64
M4/2156B,22/04/2025 00:00:00,03:44:00,14,44,8,4,0,,,,,,,,,,,,,,,36,56
M4/2156B,22/04/2025 00:00:00,03:59:00,15,53,10,10,2,,,,,,,,,,,,,,,35,75
M4/2156B,22/04/2025 00:00:00,04:14:00,16,68,8,10,5,,,,,,,,,,,,,,,35,91
M4/2156B,22/04/2025 00:00:00,04:29:00,17,71,10,19,6,,,,,,,,,,,,,,,35,106
M4/2156B,22/04/2025 00:00:00,04:44:00,18,97,14,14,4,,,,,,,,,,,,,,,35,129
M4/2156B,22/04/2025 00:00:00,04:59:00,19,133,9,27,6,,,,,,,,,,,,,,,35,175
M4/2156B,22/04/2025 00:00:00,05:14:00,20,173,18,19,8,,,,,,,,,,,,,,,34,218
M4/2156B,22/04/2025 00:00:00,05:29:00,21,235,17,21,10,,,,,,,,,,,,,,,34,283
M4/2156B,22/04/2025 00:00:00,05:44:00,22,332,29,24,9,,,,,,,,,,,,,,,33,394
M4/2156B,22/04/2025 00:00:00,05:59:00,23,418,31,36,8,,,,,,,,,,,,,,,32,493
M4/2156B,22/04/2025 00:00:00,06:14:00,24,632,39,36,15,,,,,,,,,,,,,,,23,722
M4/2156B,22/04/2025 00:00:00,06:29:00,25,644,37,42,11,,,,,,,,,,,,,,,22,734
M4/2156B,22/04/2025 00:00:00,06:44:00,26,601,52,58,11,,,,,,,,,,,,,,,22,722
M4/2156B,22/04/2025 00:00:00,06:59:00,27,630,41,60,16,,,,,,,,,,,,,,,23,747
M4/2156B,22/04/2025 00:00:00,07:14:00,28,622,53,43,22,,,,,,,,,,,,,,,22,740
M4/2156B,22/04/2025 00:00:00,07:29:00,29,625,43,38,14,,,,,,,,,,,,,,,20,720
M4/2156B,22/04/2025 00:00:00,07:44:00,30,663,37,36,14,,,,,,,,,,,,,,,24,750
M4/2156B,22/04/2025 00:00:00,07:59:00,31,642,35,35,12,,,,,,,,,,,,,,,22,724
M4/2156B,22/04/2025 00:00:00,08:14:00,32,637,48,37,8,,,,,,,,,,,,,,,23,730
M4/2156B,22/04/2025 00:00:00,08:29:00,33,581,44,43,14,,,,,,,,,,,,,,,18,682
M4/2156B,22/04/2025 00:00:00,08:44:00,34,560,34,31,10,,,,,,,,,,,,,,,18,635
M4/2156B,22/04/2025 00:00:00,08:59:00,35,663,37,44,14,,,,,,,,,,,,,,,22,758
M4/2156B,22/04/2025 00:00:00,09:14:00,36,610,47,37,11,,,,,,,,,,,,,,,19,705
M4/2156B,22/04/2025 00:00:00,09:29:00,37,439,29,30,9,,,,,,,,,,,,,,,19,507
M4/2156B,22/04/2025 00:00:00,09:44:00,38,652,37,15,19,,,,,,,,,,,,,,,21,723
M4/2156B,22/04/2025 00:00:00,09:59:00,39,597,40,46,17,,,,,,,,,,,,,,,21,700
M4/2156B,22/04/2025 00:00:00,10:14:00,40,608,33,36,13,,,,,,,,,,,,,,,24,690
M4/2156B,22/04/2025 00:00:00,10:29:00,41,607,29,33,16,,,,,,,,,,,,,,,24,685
M4/2156B,22/04/2025 00:00:00,10:44:00,42,533,26,31,25,,,,,,,,,,,,,,,21,615
M4/2156B,22/04/2025 00:00:00,10:59:00,43,606,30,29,12,,,,,,,,,,,,,,,20,677
M4/2156B,22/04/2025 00:00:00,11:14:00,44,601,34,26,11,,,,,,,,,,,,,,,24,672
M4/2156B,22/04/2025 00:00:00,11:29:00,45,568,25,30,10,,,,,,,,,,,,,,,30,633
M4/2156B,22/04/2025 00:00:00,11:44:00,46,607,26,32,15,,,,,,,,,,,,,,,30,680
M4/2156B,22/04/2025 00:00:00,11:59:00,47,585,25,26,12,,,,,,,,,,,,,,,28,648
M4/2156B,22/04/2025 00:00:00,12:14:00,48,574,20,22,10,,,,,,,,,,,,,,,27,626
M4/2156B,22/04/2025 00:00:00,12:29:00,49,585,33,27,11,,,,,,,,,,,,,,,24,656
M4/2156B,22/04/2025 00:00:00,12:44:00,50,613,30,23,9,,,,,,,,,,,,,,,24,675
M4/2156B,22/04/2025 00:00:00,12:59:00,51,615,24,27,11,,,,,,,,,,,,,,,21,677
M4/2156B,22/04/2025 00:00:00,13:14:00,52,585,39,30,15,,,,,,,,,,,,,,,25,669
M4/2156B,22/04/2025 00:00:00,13:29:00,53,323,29,15,8,,,,,,,,,,,,,,,15,375
M4/2156B,22/04/2025 00:00:00,13:44:00,54,632,26,19,16,,,,,,,,,,,,,,,23,693
M4/2156B,22/04/2025 00:00:00,13:59:00,55,552,25,23,19,,,,,,,,,,,,,,,27,619
M4/2156B,22/04/2025 00:00:00,14:14:00,56,563,19,22,5,,,,,,,,,,,,,,,32,609
M4/2156B,22/04/2025 00:00:00,14:29:00,57,564,16,18,6,,,,,,,,,,,,,,,31,604
M4/2156B,22/04/2025 00:00:00,14:44:00,58,616,24,21,13,,,,,,,,,,,,,,,30,674
M4/2156B,22/04/2025 00:00:00,14:59:00,59,652,31,13,7,,,,,,,,,,,,,,,31,703
M4/2156B,22/04/2025 00:00:00,15:14:00,60,639,26,20,11,,,,,,,,,,,,,,,30,696
M4/2156B,22/04/2025 00:00:00,15:29:00,61,715,23,13,8,,,,,,,,,,,,,,,25,759
M4/2156B,22/04/2025 00:00:00,15:44:00,62,668,17,15,7,,,,,,,,,,,,,,,30,707
M4/2156B,22/04/2025 00:00:00,15:59:00,63,628,34,17,7,,,,,,,,,,,,,,,30,686
M4/2156B,22/04/2025 00:00:00,16:14:00,64,671,29,14,7,,,,,,,,,,,,,,,29,721
M4/2156B,22/04/2025 00:00:00,16:29:00,65,701,19,11,8,,,,,,,,,,,,,,,28,739
M4/2156B,22/04/2025 00:00:00,16:44:00,66,705,16,12,7,,,,,,,,,,,,,,,21,740
M4/2156B,22/04/2025 00:00:00,16:59:00,67,683,18,10,9,,,,,,,,,,,,,,,22,720
M4/2156B,22/04/2025 00:00:00,17:14:00,68,715,13,5,12,,,,,,,,,,,,,,,25,745
M4/2156B,22/04/2025 00:00:00,17:29:00,69,740,19,7,8,,,,,,,,,,,,,,,23,774
M4/2156B,22/04/2025 00:00:00,17:44:00,70,762,12,12,10,,,,,,,,,,,,,,,23,796
M4/2156B,22/04/2025 00:00:00,17:59:00,71,733,16,13,9,,,,,,,,,,,,,,,21,771
M4/2156B,22/04/2025 00:00:00,18:14:00,72,732,13,10,3,,,,,,,,,,,,,,,21,758
M4/2156B,22/04/2025 00:00:00,18:29:00,73,713,18,6,9,,,,,,,,,,,,,,,21,746
M4/2156B,22/04/2025 00:00:00,18:44:00,74,723,18,6,13,,,,,,,,,,,,,,,24,760
M4/2156B,22/04/2025 00:00:00,18:59:00,75,693,19,14,10,,,,,,,,,,,,,,,22,736
M4/2156B,22/04/2025 00:00:00,19:14:00,76,716,10,6,6,,,,,,,,,,,,,,,25,738
M4/2156B,22/04/2025 00:00:00,19:29:00,77,727,7,5,8,,,,,,,,,,,,,,,25,747
M4/2156B,22/04/2025 00:00:00,19:44:00,78,640,7,9,10,,,,,,,,,,,,,,,23,666
M4/2156B,22/04/2025 00:00:00,19:59:00,79,630,8,5,6,,,,,,,,,,,,,,,24,649
M4/2156B,22/04/2025 00:00:00,20:14:00,80,548,10,10,2,,,,,,,,,,,,,,,31,570
M4/2156B,22/04/2025 00:00:00,20:29:00,81,588,10,6,8,,,,,,,,,,,,,,,30,612
M4/2156B,22/04/2025 00:00:00,20:44:00,82,563,7,9,3,,,,,,,,,,,,,,,30,582
M4/2156B,22/04/2025 00:00:00,20:59:00,83,570,9,10,10,,,,,,,,,,,,,,,32,599
M4/2156B,22/04/2025 00:00:00,21:14:00,84,561,12,8,8,,,,,,,,,,,,,,,31,589
M4/2156B,22/04/2025 00:00:00,21:29:00,85,523,10,9,3,,,,,,,,,,,,,,,32,545
M4/2156B,22/04/2025 00:00:00,21:44:00,86,456,18,10,3,,,,,,,,,,,,,,,32,487
M4/2156B,22/04/2025 00:00:00,21:59:00,87,503,13,2,6,,,,,,,,,,,,,,,31,524
M4/2156B,22/04/2025 00:00:00,22:14:00,88,460,17,9,8,,,,,,,,,,,,,,,32,494
M4/2156B,22/04/2025 00:00:00,22:29:00,89,356,7,6,8,,,,,,,,,,,,,,,33,377
M4/2156B,22/04/2025 00:00:00,22:44:00,90,347,12,10,9,,,,,,,,,,,,,,,32,378
M4/2156B,22/04/2025 00:00:00,22:59:00,91,348,5,3,3,,,,,,,,,,,,,,,33,359
M4/2156B,22/04/2025 00:00:00,23:14:00,92,308,10,3,8,,,,,,,,,,,,,,,33,329
M4/2156B,22/04/2025 00:00:00,23:29:00,93,243,10,6,1,,,,,,,,,,,,,,,34,260
M4/2156B,22/04/2025 00:00:00,23:44:00,94,169,6,4,4,,,,,,,,,,,,,,,35,183
M4/2156B,22/04/2025 00:00:00,23:59:00,95,147,14,1,5,,,,,,,,,,,,,,,34,167
M4/2156B,23/04/2025 00:00:00,00:14:00,0,106,9,5,4,,,,,,,,,,,,,,,35,124
M4/2156B,23/04/2025 00:00:00,00:29:00,1,93,8,4,5,,,,,,,,,,,,,,,36,110
M4/2156B,23/04/2025 00:00:00,00:44:00,2,78,13,6,4,,,,,,,,,,,,,,,35,101
M4/2156B,23/04/2025 00:00:00,00:59:00,3,53,8,2,5,,,,,,,,,,,,,,,35,68
M4/2156B,23/04/2025 00:00:00,01:14:00,4,51,4,6,2,,,,,,,,,,,,,,,36,63
M4/2156B,23/04/2025 00:00:00,01:29:00,5,57,9,1,4,,,,,,,,,,,,,,,35,71
M4/2156B,23/04/2025 00:00:00,01:44:00,6,31,10,2,3,,,,,,,,,,,,,,,35,46
M4/2156B,23/04/2025 00:00:00,01:59:00,7,32,4,1,2,,,,,,,,,,,,,,,35,39
M4/2156B,23/04/2025 00:00:00,02:14:00,8,30,4,1,5,,,,,,,,,,,,,,,35,40
M4/2156B,23/04/2025 00:00:00,02:29:00,9,31,5,4,5,,,,,,,,,,,,,,,35,45
M4/2156B,23/04/2025 00:00:00,02:44:00,10,30,4,6,2,,,,,,,,,,,,,,,35,42
M4/2156B,23/04/2025 00:00:00,02:59:00,11,49,4,3,4,,,,,,,,,,,,,,,33,60
M4/2156B,23/04/2025 00:00:00,03:14:00,12,36,6,11,4,,,,,,,,,,,,,,,34,57
M4/2156B,23/04/2025 00:00:00,03:29:00,13,29,7,12,5,,,,,,,,,,,,,,,38,53
M4/2156B,23/04/2025 00:00:00,03:44:00,14,52,7,10,3,,,,,,,,,,,,,,,35,72
M4/2156B,23/04/2025 00:00:00,03:59:00,15,59,7,4,5,,,,,,,,,,,,,,,36,75
M4/2156B,23/04/2025 00:00:00,04:14:00,16,71,15,9,2,,,,,,,,,,,,,,,35,97
M4/2156B,23/04/2025 00:00:00,04:29:00,17,67,14,16,8,,,,,,,,,,,,,,,35,105
M4/2156B,23/04/2025 00:00:00,04:44:00,18,87,15,17,5,,,,,,,,,,,,,,,35,124
M4/2156B,23/04/2025 00:00:00,04:59:00,19,121,6,11,8,,,,,,,,,,,,,,,34,146
M4/2156B,23/04/2025 00:00:00,05:14:00,20,138,15,21,8,,,,,,,,,,,,,,,34,182
M4/2156B,23/04/2025 00:00:00,05:29:00,21,199,29,22,9,,,,,,,,,,,,,,,33,259
M4/2156B,23/04/2025 00:00:00,05:44:00,22,257,30,24,10,,,,,,,,,,,,,,,34,321
M4/2156B,23/04/2025 00:00:00,05:59:00,23,392,33,41,14,,,,,,,,,,,,,,,32,480
M4/2156B,23/04/2025 00:00:00,06:14:00,24,559,35,42,16,,,,,,,,,,,,,,,28,652
M4/2156B,23/04/2025 00:00:00,06:29:00,25,623,36,48,17,,,,,,,,,,,,,,,24,724
M4/2156B,23/04/2025 00:00:00,06:44:00,26,619,38,55,10,,,,,,,,,,,,,,,24,722
M4/2156B,23/04/2025 00:00:00,06:59:00,27,616,48,50,19,,,,,,,,,,,,,,,24,733
M4/2156B,23/04/2025 00:00:00,07:14:00,28,565,49,57,17,,,,,,,,,,,,,,,18,688
M4/2156B,23/04/2025 00:00:00,07:29:00,29,539,37,49,22,,,,,,,,,,,,,,,19,647
M4/2156B,23/04/2025 00:00:00,07:44:00,30,595,52,37,18,,,,,,,,,,,,,,,21,702
M4/2156B,23/04/2025 00:00:00,07:59:00,31,621,25,36,7,,,,,,,,,,,,,,,18,689
M4/2156B,23/04/2025 00:00:00,08:14:00,32,590,45,32,13,,,,,,,,,,,,,,,18,680
M4/2156B,23/04/2025 00:00:00,08:29:00,33,599,38,37,13,,,,,,,,,,,,,,,20,687
M4/2156B,23/04/2025 00:00:00,08:44:00,34,592,39,47,12,,,,,,,,,,,,,,,19,690
M4/2156B,23/04/2025 00:00:00,08:59:00,35,637,32,29,16,,,,,,,,,,,,,,,20,714
M4/2156B,23/04/2025 00:00:00,09:14:00,36,653,33,34,12,,,,,,,,,,,,,,,21,732
M4/2156B,23/04/2025 00:00:00,09:29:00,37,613,49,30,18,,,,,,,,,,,,,,,21,710
M4/2156B,23/04/2025 00:00:00,09:44:00,38,628,35,43,10,,,,,,,,,,,,,,,18,716
M4/2156B,23/04/2025 00:00:00,09:59:00,39,632,36,27,12,,,,,,,,,,,,,,,18,707
M4/2156B,23/04/2025 00:00:00,10:14:00,40,417,25,30,7,,,,,,,,,,,,,,,24,478
M4/2156B,23/04/2025 00:00:00,10:29:00,41,588,40,44,15,,,,,,,,,,,,,,,20,687
M4/2156B,23/04/2025 00:00:00,10:44:00,42,566,39,26,18,,,,,,,,,,,,,,,22,649
M4/2156B,23/04/2025 00:00:00,10:59:00,43,543,29,28,15,,,,,,,,,,,,,,,21,615
M4/2156B,23/04/2025 00:00:00,11:14:00,44,519,23,39,13,,,,,,,,,,,,,,,24,593
M4/2156B,23/04/2025 00:00:00,11:29:00,45,524,28,26,9,,,,,,,,,,,,,,,28,587
M4/2156B,23/04/2025 00:00:00,11:44:00,46,568,39,23,10,,,,,,,,,,,,,,,29,640
M4/2156B,23/04/2025 00:00:00,11:59:00,47,548,34,25,19,,,,,,,,,,,,,,,27,626
M4/2156B,23/04/2025 00:00:00,12:14:00,48,571,32,32,9,,,,,,,,,,,,,,,27,644
M4/2156B,23/04/2025 00:00:00,12:29:00,49,600,32,30,12,,,,,,,,,,,,,,,28,674
M4/2156B,23/04/2025 00:00:00,12:44:00,50,598,37,33,10,,,,,,,,,,,,,,,21,678
M4/2156B,23/04/2025 00:00:00,12:59:00,51,560,23,27,14,,,,,,,,,,,,,,,30,624
M4/2156B,23/04/2025 00:00:00,13:14:00,52,526,18,35,8,,,,,,,,,,,,,,,31,586
M4/2156B,23/04/2025 00:00:00,13:25:00,53,522,36,33,3,,,,,,,,,,,,,,,30,594
M4/2156B,23/04/2025 00:00:00,13:44:00,54,519,26,19,9,,,,,,,,,,,,,,,32,573
M4/2156B,23/04/2025 00:00:00,13:59:00,55,514,32,20,11,,,,,,,,,,,,,,,32,577
M4/2156B,23/04/2025 00:00:00,14:14:00,56,499,20,22,10,,,,,,,,,,,,,,,32,551
M4/2156B,23/04/2025 00:00:00,14:29:00,57,550,23,20,4,,,,,,,,,,,,,,,32,597
M4/2156B,23/04/2025 00:00:00,14:44:00,58,599,30,25,8,,,,,,,,,,,,,,,30,662
M4/2156B,23/04/2025 00:00:00,14:59:00,59,594,26,23,7,,,,,,,,,,,,,,,31,650
M4/2156B,23/04/2025 00:00:00,15:14:00,60,550,21,14,9,,,,,,,,,,,,,,,32,594
M4/2156B,23/04/2025 00:00:00,15:29:00,61,650,26,20,6,,,,,,,,,,,,,,,30,702
M4/2156B,23/04/2025 00:00:00,15:44:00,62,614,21,20,18,,,,,,,,,,,,,,,31,673
M4/2156B,23/04/2025 00:00:00,15:59:00,63,574,21,7,3,,,,,,,,,,,,,,,31,605
M4/2156B,23/04/2025 00:00:00,16:14:00,64,633,22,15,7,,,,,,,,,,,,,,,31,677
M4/2156B,23/04/2025 00:00:00,16:29:00,65,672,14,13,5,,,,,,,,,,,,,,,31,704
M4/2156B,23/04/2025 00:00:00,16:44:00,66,657,12,10,9,,,,,,,,,,,,,,,31,688
M4/2156B,23/04/2025 00:00:00,16:59:00,67,759,17,12,11,,,,,,,,,,,,,,,27,798
M4/2156B,23/04/2025 00:00:00,17:14:00,68,711,18,16,8,,,,,,,,,,,,,,,23,753
M4/2156B,23/04/2025 00:00:00,17:29:00,69,748,15,10,7,,,,,,,,,,,,,,,23,780
M4/2156B,23/04/2025 00:00:00,17:44:00,70,721,11,14,11,,,,,,,,,,,,,,,24,757
M4/2156B,23/04/2025 00:00:00,17:59:00,71,726,19,9,5,,,,,,,,,,,,,,,24,759
M4/2156B,23/04/2025 00:00:00,18:14:00,72,729,11,9,9,,,,,,,,,,,,,,,23,758
M4/2156B,23/04/2025 00:00:00,18:29:00,73,700,14,11,10,,,,,,,,,,,,,,,24,734
M4/2156B,23/04/2025 00:00:00,18:44:00,74,715,11,6,13,,,,,,,,,,,,,,,26,745
M4/2156B,23/04/2025 00:00:00,18:59:00,75,716,13,6,11,,,,,,,,,,,,,,,30,746
M4/2156B,23/04/2025 00:00:00,19:14:00,76,663,8,7,6,,,,,,,,,,,,,,,30,684
M4/2156B,23/04/2025 00:00:00,19:29:00,77,637,14,6,10,,,,,,,,,,,,,,,32,667
M4/2156B,23/04/2025 00:00:00,19:44:00,78,595,11,15,4,,,,,,,,,,,,,,,31,625
M4/2156B,23/04/2025 00:00:00,19:59:00,79,572,10,3,6,,,,,,,,,,,,,,,32,591
M4/2156B,23/04/2025 00:00:00,20:14:00,80,539,13,5,5,,,,,,,,,,,,,,,31,562
M4/2156B,23/04/2025 00:00:00,20:29:00,81,508,10,9,9,,,,,,,,,,,,,,,31,536
M4/2156B,23/04/2025 00:00:00,20:44:00,82,490,8,3,5,,,,,,,,,,,,,,,32,506
M4/2156B,23/04/2025 00:00:00,20:59:00,83,466,15,11,11,,,,,,,,,,,,,,,31,503
M4/2156B,23/04/2025 00:00:00,21:14:00,84,467,13,8,10,,,,,,,,,,,,,,,32,498
M4/2156B,23/04/2025 00:00:00,21:29:00,85,453,7,5,7,,,,,,,,,,,,,,,32,472
M4/2156B,23/04/2025 00:00:00,21:44:00,86,419,2,7,3,,,,,,,,,,,,,,,33,431
M4/2156B,23/04/2025 00:00:00,21:59:00,87,365,9,6,4,,,,,,,,,,,,,,,33,384
M4/2156B,23/04/2025 00:00:00,22:14:00,88,312,11,7,3,,,,,,,,,,,,,,,33,333
M4/2156B,23/04/2025 00:00:00,22:29:00,89,320,12,9,5,,,,,,,,,,,,,,,33,346
M4/2156B,23/04/2025 00:00:00,22:44:00,90,310,6,6,6,,,,,,,,,,,,,,,33,328
M4/2156B,23/04/2025 00:00:00,22:59:00,91,250,9,5,6,,,,,,,,,,,,,,,33,270
M4/2156B,23/04/2025 00:00:00,23:14:00,92,250,10,3,2,,,,,,,,,,,,,,,34,265
M4/2156B,23/04/2025 00:00:00,23:29:00,93,229,12,6,5,,,,,,,,,,,,,,,34,252
M4/2156B,23/04/2025 00:00:00,23:44:00,94,200,3,6,11,,,,,,,,,,,,,,,34,220
M4/2156B,23/04/2025 00:00:00,23:59:00,95,157,9,6,3,,,,,,,,,,,,,,,34,175
M4/2156B,24/04/2025 00:00:00,00:14:00,0,142,9,6,7,,,,,,,,,,,,,,,34,164
M4/2156B,24/04/2025 00:00:00,00:29:00,1,119,9,4,8,,,,,,,,,,,,,,,35,140
M4/2156B,24/04/2025 00:00:00,00:44:00,2,83,7,3,8,,,,,,,,,,,,,,,36,101
M4/2156B,24/04/2025 00:00:00,00:59:00,3,76,5,1,5,,,,,,,,,,,,,,,34,87
M4/2156B,24/04/2025 00:00:00,01:14:00,4,72,3,3,1,,,,,,,,,,,,,,,35,79
M4/2156B,24/04/2025 00:00:00,01:29:00,5,44,6,4,3,,,,,,,,,,,,,,,36,57
M4/2156B,24/04/2025 00:00:00,01:44:00,6,50,6,1,4,,,,,,,,,,,,,,,35,61
M4/2156B,24/04/2025 00:00:00,01:59:00,7,38,4,3,7,,,,,,,,,,,,,,,36,52
M4/2156B,24/04/2025 00:00:00,02:14:00,8,49,4,2,7,,,,,,,,,,,,,,,36,62
M4/2156B,24/04/2025 00:00:00,02:29:00,9,33,7,5,3,,,,,,,,,,,,,,,34,48
M4/2156B,24/04/2025 00:00:00,02:44:00,10,34,5,1,4,,,,,,,,,,,,,,,34,44
M4/2156B,24/04/2025 00:00:00,02:59:00,11,42,2,6,4,,,,,,,,,,,,,,,35,54
M4/2156B,24/04/2025 00:00:00,03:14:00,12,37,9,3,6,,,,,,,,,,,,,,,35,55
M4/2156B,24/04/2025 00:00:00,03:29:00,13,35,7,5,4,,,,,,,,,,,,,,,36,51
M4/2156B,24/04/2025 00:00:00,03:44:00,14,36,8,8,3,,,,,,,,,,,,,,,36,55
M4/2156B,24/04/2025 00:00:00,03:59:00,15,55,3,2,4,,,,,,,,,,,,,,,35,64
M4/2156B,24/04/2025 00:00:00,04:14:00,16,66,6,10,9,,,,,,,,,,,,,,,36,91
M4/2156B,24/04/2025 00:00:00,04:29:00,17,79,12,14,5,,,,,,,,,,,,,,,35,110
M4/2156B,24/04/2025 00:00:00,04:44:00,18,104,15,17,5,,,,,,,,,,,,,,,36,141
M4/2156B,24/04/2025 00:00:00,04:59:00,19,139,12,29,12,,,,,,,,,,,,,,,35,192
M4/2156B,24/04/2025 00:00:00,05:14:00,20,153,16,21,6,,,,,,,,,,,,,,,35,196
M4/2156B,24/04/2025 00:00:00,05:29:00,21,219,19,29,10,,,,,,,,,,,,,,,34,277
M4/2156B,24/04/2025 00:00:00,05:44:00,22,270,25,24,13,,,,,,,,,,,,,,,34,332
M4/2156B,24/04/2025 00:00:00,05:59:00,23,418,35,33,11,,,,,,,,,,,,,,,33,497
M4/2156B,24/04/2025 00:00:00,06:14:00,24,589,42,44,20,,,,,,,,,,,,,,,30,695
M4/2156B,24/04/2025 00:00:00,06:29:00,25,688,50,63,23,,,,,,,,,,,,,,,24,824
M4/2156B,24/04/2025 00:00:00,06:44:00,26,618,50,61,17,,,,,,,,,,,,,,,23,746
M4/2156B,24/04/2025 00:00:00,06:59:00,27,635,52,48,18,,,,,,,,,,,,,,,23,753
M4/2156B,24/04/2025 00:00:00,07:14:00,28,625,39,46,25,,,,,,,,,,,,,,,21,735
M4/2156B,24/04/2025 00:00:00,07:29:00,29,667,43,39,16,,,,,,,,,,,,,,,21,765
M4/2156B,24/04/2025 00:00:00,07:44:00,30,652,46,44,14,,,,,,,,,,,,,,,23,756
M4/2156B,24/04/2025 00:00:00,07:59:00,31,658,38,30,20,,,,,,,,,,,,,,,20,746
M4/2156B,24/04/2025 00:00:00,08:14:00,32,656,35,30,17,,,,,,,,,,,,,,,21,738
M4/2156B,24/04/2025 00:00:00,08:29:00,33,659,41,36,16,,,,,,,,,,,,,,,22,752
M4/2156B,24/04/2025 00:00:00,08:44:00,34,665,46,28,13,,,,,,,,,,,,,,,21,752
M4/2156B,24/04/2025 00:00:00,08:59:00,35,650,36,42,13,,,,,,,,,,,,,,,22,741
M4/2156B,24/04/2025 00:00:00,09:14:00,36,644,48,32,14,,,,,,,,,,,,,,,22,738
M4/2156B,24/04/2025 00:00:00,09:29:00,37,631,35,38,15,,,,,,,,,,,,,,,21,719
M4/2156B,24/04/2025 00:00:00,09:44:00,38,591,45,37,16,,,,,,,,,,,,,,,20,689
M4/2156B,24/04/2025 00:00:00,09:59:00,39,600,46,39,15,,,,,,,,,,,,,,,20,700
M4/2156B,24/04/2025 00:00:00,10:14:00,40,600,32,41,28,,,,,,,,,,,,,,,22,701
M4/2156B,24/04/2025 00:00:00,10:29:00,41,577,40,28,9,,,,,,,,,,,,,,,21,654
M4/2156B,24/04/2025 00:00:00,10:44:00,42,597,24,30,10,,,,,,,,,,,,,,,23,661
M4/2156B,24/04/2025 00:00:00,10:59:00,43,599,41,33,11,,,,,,,,,,,,,,,20,684
M4/2156B,24/04/2025 00:00:00,11:14:00,44,588,37,31,19,,,,,,,,,,,,,,,23,675
M4/2156B,24/04/2025 00:00:00,11:29:00,45,621,27,34,15,,,,,,,,,,,,,,,23,697
M4/2156B,24/04/2025 00:00:00,11:44:00,46,553,39,39,14,,,,,,,,,,,,,,,27,645
M4/2156B,24/04/2025 00:00:00,11:59:00,47,572,32,29,14,,,,,,,,,,,,,,,30,647
M4/2156B,24/04/2025 00:00:00,12:14:00,48,576,27,24,6,,,,,,,,,,,,,,,30,633
M4/2156B,24/04/2025 00:00:00,12:29:00,49,567,29,25,9,,,,,,,,,,,,,,,31,630
M4/2156B,24/04/2025 00:00:00,12:44:00,50,592,25,31,14,,,,,,,,,,,,,,,30,662
M4/2156B,24/04/2025 00:00:00,12:59:00,51,593,27,25,16,,,,,,,,,,,,,,,30,661
M4/2156B,24/04/2025 00:00:00,13:14:00,52,612,30,22,13,,,,,,,,,,,,,,,30,677
M4/2156B,24/04/2025 00:00:00,13:29:00,53,605,25,29,13,,,,,,,,,,,,,,,30,672
M4/2156B,24/04/2025 00:00:00,13:44:00,54,550,30,29,11,,,,,,,,,,,,,,,26,620
M4/2156B,24/04/2025 00:00:00,13:59:00,55,601,34,25,11,,,,,,,,,,,,,,,26,671
M4/2156B,24/04/2025 00:00:00,14:14:00,56,560,18,28,8,,,,,,,,,,,,,,,31,614
M4/2156B,24/04/2025 00:00:00,14:29:00,57,615,27,17,6,,,,,,,,,,,,,,,31,665
M4/2156B,24/04/2025 00:00:00,14:44:00,58,570,20,18,13,,,,,,,,,,,,,,,32,621
M4/2156B,24/04/2025 00:00:00,14:59:00,59,536,25,17,7,,,,,,,,,,,,,,,31,585
M4/2156B,24/04/2025 00:00:00,15:14:00,60,621,18,33,9,,,,,,,,,,,,,,,30,681
M4/2156B,24/04/2025 00:00:00,15:29:00,61,667,27,19,9,,,,,,,,,,,,,,,26,722
M4/2156B,24/04/2025 00:00:00,15:44:00,62,654,30,28,11,,,,,,,,,,,,,,,25,723
M4/2156B,24/04/2025 00:00:00,15:59:00,63,660,22,21,18,,,,,,,,,,,,,,,25,721
M4/2156B,24/04/2025 00:00:00,16:14:00,64,651,24,13,12,,,,,,,,,,,,,,,30,700
M4/2156B,24/04/2025 00:00:00,16:29:00,65,646,30,13,9,,,,,,,,,,,,,,,27,698
M4/2156B,24/04/2025 00:00:00,16:44:00,66,741,16,19,9,,,,,,,,,,,,,,,24,785
M4/2156B,24/04/2025 00:00:00,16:59:00,67,696,21,13,11,,,,,,,,,,,,,,,22,741
M4/2156B,24/04/2025 00:00:00,17:14:00,68,700,24,17,12,,,,,,,,,,,,,,,25,753
M4/2156B,24/04/2025 00:00:00,17:29:00,69,687,15,16,10,,,,,,,,,,,,,,,23,728
M4/2156B,24/04/2025 00:00:00,17:44:00,70,721,14,15,15,,,,,,,,,,,,,,,25,765
M4/2156B,24/04/2025 00:00:00,17:59:00,71,703,17,15,10,,,,,,,,,,,,,,,24,745
M4/2156B,24/04/2025 00:00:00,18:14:00,72,689,21,10,7,,,,,,,,,,,,,,,22,727
M4/2156B,24/04/2025 00:00:00,18:29:00,73,694,11,11,6,,,,,,,,,,,,,,,22,722
M4/2156B,24/04/2025 00:00:00,18:44:00,74,716,12,11,6,,,,,,,,,,,,,,,23,745
M4/2156B,24/04/2025 00:00:00,18:59:00,75,699,14,9,12,,,,,,,,,,,,,,,23,734
M4/2156B,24/04/2025 00:00:00,19:14:00,76,594,16,9,4,,,,,,,,,,,,,,,31,623
M4/2156B,24/04/2025 00:00:00,19:29:00,77,629,14,8,12,,,,,,,,,,,,,,,31,663
M4/2156B,24/04/2025 00:00:00,19:44:00,78,583,19,12,7,,,,,,,,,,,,,,,32,621
M4/2156B,24/04/2025 00:00:00,19:59:00,79,594,18,4,5,,,,,,,,,,,,,,,31,621
M4/2156B,24/04/2025 00:00:00,20:14:00,80,519,14,13,10,,,,,,,,,,,,,,,32,556
M4/2156B,24/04/2025 00:00:00,20:29:00,81,474,9,4,10,,,,,,,,,,,,,,,32,497
M4/2156B,24/04/2025 00:00:00,20:44:00,82,422,17,6,6,,,,,,,,,,,,,,,32,451
M4/2156B,24/04/2025 00:00:00,20:59:00,83,403,13,14,9,,,,,,,,,,,,,,,32,439
M4/2156B,24/04/2025 00:00:00,21:14:00,84,390,15,11,9,,,,,,,,,,,,,,,33,425
M4/2156B,24/04/2025 00:00:00,21:29:00,85,437,5,14,7,,,,,,,,,,,,,,,32,463
M4/2156B,24/04/2025 00:00:00,21:44:00,86,349,9,6,5,,,,,,,,,,,,,,,33,369
M4/2156B,24/04/2025 00:00:00,21:59:00,87,424,7,6,7,,,,,,,,,,,,,,,33,444
M4/2156B,24/04/2025 00:00:00,22:14:00,88,373,6,4,12,,,,,,,,,,,,,,,31,395
M4/2156B,24/04/2025 00:00:00,22:29:00,89,367,7,12,9,,,,,,,,,,,,,,,32,395
M4/2156B,24/04/2025 00:00:00,22:44:00,90,385,8,6,5,,,,,,,,,,,,,,,32,404
M4/2156B,24/04/2025 00:00:00,22:59:00,91,278,9,4,3,,,,,,,,,,,,,,,33,294
M4/2156B,24/04/2025 00:00:00,23:14:00,92,291,8,3,3,,,,,,,,,,,,,,,32,305
M4/2156B,24/04/2025 00:00:00,23:29:00,93,263,9,4,6,,,,,,,,,,,,,,,33,282
M4/2156B,24/04/2025 00:00:00,23:44:00,94,180,10,3,6,,,,,,,,,,,,,,,34,199
M4/2156B,24/04/2025 00:00:00,23:59:00,95,151,9,1,7,,,,,,,,,,,,,,,34,168
M4/2156B,25/04/2025 00:00:00,00:14:00,0,112,9,5,3,,,,,,,,,,,,,,,36,129
M4/2156B,25/04/2025 00:00:00,00:29:00,1,92,10,7,7,,,,,,,,,,,,,,,35,116
M4/2156B,25/04/2025 00:00:00,00:44:00,2,78,5,4,2,,,,,,,,,,,,,,,35,89
M4/2156B,25/04/2025 00:00:00,00:59:00,3,69,3,2,2,,,,,,,,,,,,,,,35,76
M4/2156B,25/04/2025 00:00:00,01:14:00,4,71,6,5,6,,,,,,,,,,,,,,,35,88
M4/2156B,25/04/2025 00:00:00,01:29:00,5,61,6,4,3,,,,,,,,,,,,,,,36,74
M4/2156B,25/04/2025 00:00:00,01:44:00,6,60,5,6,3,,,,,,,,,,,,,,,36,74
M4/2156B,25/04/2025 00:00:00,01:59:00,7,53,8,3,4,,,,,,,,,,,,,,,36,68
M4/2156B,25/04/2025 00:00:00,02:14:00,8,52,5,3,7,,,,,,,,,,,,,,,36,67
M4/2156B,25/04/2025 00:00:00,02:29:00,9,38,10,3,3,,,,,,,,,,,,,,,36,54
M4/2156B,25/04/2025 00:00:00,02:44:00,10,45,4,3,5,,,,,,,,,,,,,,,35,57
M4/2156B,25/04/2025 00:00:00,02:59:00,11,36,5,5,6,,,,,,,,,,,,,,,36,52
M4/2156B,25/04/2025 00:00:00,03:14:00,12,29,9,3,4,,,,,,,,,,,,,,,36,45
M4/2156B,25/04/2025 00:00:00,03:29:00,13,42,9,9,2,,,,,,,,,,,,,,,37,62
M4/2156B,25/04/2025 00:00:00,03:44:00,14,61,10,5,4,,,,,,,,,,,,,,,36,80
M4/2156B,25/04/2025 00:00:00,03:59:00,15,59,6,7,4,,,,,,,,,,,,,,,36,76
M4/2156B,25/04/2025 00:00:00,04:14:00,16,71,4,9,4,,,,,,,,,,,,,,,35,88
M4/2156B,25/04/2025 00:00:00,04:29:00,17,98,14,18,6,,,,,,,,,,,,,,,35,136
M4/2156B,25/04/2025 00:00:00,04:44:00,18,90,11,16,3,,,,,,,,,,,,,,,36,120
M4/2156B,25/04/2025 00:00:00,04:59:00,19,133,10,17,6,,,,,,,,,,,,,,,35,166
M4/2156B,25/04/2025 00:00:00,05:14:00,20,185,10,17,12,,,,,,,,,,,,,,,34,224
M4/2156B,25/04/2025 00:00:00,05:29:00,21,204,23,32,15,,,,,,,,,,,,,,,33,273
M4/2156B,25/04/2025 00:00:00,05:44:00,22,256,18,31,13,,,,,,,,,,,,,,,34,318
M4/2156B,25/04/2025 00:00:00,05:59:00,23,403,32,47,19,,,,,,,,,,,,,,,32,501
M4/2156B,25/04/2025 00:00:00,06:14:00,24,588,31,39,13,,,,,,,,,,,,,,,31,671
M4/2156B,25/04/2025 00:00:00,06:29:00,25,615,54,73,10,,,,,,,,,,,,,,,24,752
M4/2156B,25/04/2025 00:00:00,06:44:00,26,569,50,52,18,,,,,,,,,,,,,,,21,689
M4/2156B,25/04/2025 00:00:00,06:59:00,27,604,50,54,20,,,,,,,,,,,,,,,23,728
M4/2156B,25/04/2025 00:00:00,07:14:00,28,609,50,47,22,,,,,,,,,,,,,,,22,728
M4/2156B,25/04/2025 00:00:00,07:29:00,29,598,41,50,17,,,,,,,,,,,,,,,20,706
M4/2156B,25/04/2025 00:00:00,07:44:00,30,506,50,57,17,,,,,,,,,,,,,,,17,630
M4/2156B,25/04/2025 00:00:00,07:59:00,31,606,40,25,20,,,,,,,,,,,,,,,20,691
M4/2156B,25/04/2025 00:00:00,08:14:00,32,616,34,38,18,,,,,,,,,,,,,,,22,706
M4/2156B,25/04/2025 00:00:00,08:29:00,33,590,53,44,19,,,,,,,,,,,,,,,22,706
M4/2156B,25/04/2025 00:00:00,08:44:00,34,603,39,38,12,,,,,,,,,,,,,,,21,692
M4/2156B,25/04/2025 00:00:00,08:59:00,35,570,35,29,17,,,,,,,,,,,,,,,19,651
M4/2156B,25/04/2025 00:00:00,09:08:00,36,628,32,50,15,,,,,,,,,,,,,,,24,725
M4/2156B,25/04/2025 00:00:00,09:29:59,37,,,,,,,,,,,,,,,,,,,,
M4/2156B,25/04/2025 00:00:00,09:44:00,38,619,38,49,26,,,,,,,,,,,,,,,25,731
M4/2156B,25/04/2025 00:00:00,09:59:00,39,625,32,27,19,,,,,,,,,,,,,,,22,703
M4/2156B,25/04/2025 00:00:00,10:14:00,40,612,32,38,19,,,,,,,,,,,,,,,23,701
M4/2156B,25/04/2025 00:00:00,10:29:00,41,580,41,27,16,,,,,,,,,,,,,,,23,664
M4/2156B,25/04/2025 00:00:00,10:44:00,42,609,33,29,20,,,,,,,,,,,,,,,23,691
M4/2156B,25/04/2025 00:00:00,10:59:00,43,632,30,25,14,,,,,,,,,,,,,,,24,701
M4/2156B,25/04/2025 00:00:00,11:14:00,44,544,33,26,13,,,,,,,,,,,,,,,27,616
M4/2156B,25/04/2025 00:00:00,11:29:00,45,599,38,25,10,,,,,,,,,,,,,,,23,672
M4/2156B,25/04/2025 00:00:00,11:44:00,46,597,32,24,21,,,,,,,,,,,,,,,29,674
M4/2156B,25/04/2025 00:00:00,11:59:00,47,552,39,23,19,,,,,,,,,,,,,,,28,633
M4/2156B,25/04/2025 00:00:00,12:14:00,48,581,30,29,12,,,,,,,,,,,,,,,31,652
M4/2156B,25/04/2025 00:00:00,12:29:00,49,561,33,27,10,,,,,,,,,,,,,,,31,631
M4/2156B,25/04/2025 00:00:00,12:44:00,50,572,37,27,6,,,,,,,,,,,,,,,31,642
M4/2156B,25/04/2025 00:00:00,12:59:00,51,579,24,23,14,,,,,,,,,,,,,,,31,640
M4/2156B,25/04/2025 00:00:00,13:14:00,52,527,32,24,6,,,,,,,,,,,,,,,31,589
M4/2156B,25/04/2025 00:00:00,13:29:00,53,627,26,26,10,,,,,,,,,,,,,,,30,689
M4/2156B,25/04/2025 00:00:00,13:44:00,54,583,17,28,16,,,,,,,,,,,,,,,30,644
M4/2156B,25/04/2025 00:00:00,13:59:00,55,510,26,24,9,,,,,,,,,,,,,,,32,569
M4/2156B,25/04/2025 00:00:00,14:14:00,56,473,20,14,8,,,,,,,,,,,,,,,33,515
M4/2156B,25/04/2025 00:00:00,14:29:00,57,556,19,10,6,,,,,,,,,,,,,,,32,591
M4/2156B,25/04/2025 00:00:00,14:44:00,58,523,18,14,7,,,,,,,,,,,,,,,32,562
M4/2156B,25/04/2025 00:00:00,14:59:00,59,609,22,16,15,,,,,,,,,,,,,,,29,662
M4/2156B,25/04/2025 00:00:00,15:14:00,60,586,23,14,7,,,,,,,,,,,,,,,32,630
M4/2156B,25/04/2025 00:00:00,15:29:00,61,629,19,17,7,,,,,,,,,,,,,,,30,672
M4/2156B,25/04/2025 00:00:00,15:44:00,62,626,21,16,9,,,,,,,,,,,,,,,31,672
M4/2156B,25/04/2025 00:00:00,15:59:00,63,640,21,15,13,,,,,,,,,,,,,,,29,689
M4/2156B,25/04/2025 00:00:00,16:14:00,64,645,16,19,13,,,,,,,,,,,,,,,31,693
M4/2156B,25/04/2025 00:00:00,16:29:00,65,704,19,16,10,,,,,,,,,,,,,,,28,749
M4/2156B,25/04/2025 00:00:00,16:44:00,66,702,18,11,8,,,,,,,,,,,,,,,26,739
M4/2156B,25/04/2025 00:00:00,16:59:00,67,707,21,9,15,,,,,,,,,,,,,,,25,752
M4/2156B,25/04/2025 00:00:00,17:14:00,68,690,21,11,9,,,,,,,,,,,,,,,23,731
M4/2156B,25/04/2025 00:00:00,17:29:00,69,716,17,12,10,,,,,,,,,,,,,,,21,755
M4/2156B,25/04/2025 00:00:00,17:44:00,70,677,20,14,11,,,,,,,,,,,,,,,21,722
M4/2156B,25/04/2025 00:00:00,17:59:00,71,704,16,15,12,,,,,,,,,,,,,,,23,747
M4/2156B,25/04/2025 00:00:00,18:14:00,72,716,10,14,8,,,,,,,,,,,,,,,25,748
M4/2156B,25/04/2025 00:00:00,18:29:00,73,683,20,10,9,,,,,,,,,,,,,,,22,722
M4/2156B,25/04/2025 00:00:00,18:44:00,74,719,13,4,9,,,,,,,,,,,,,,,25,745
M4/2156B,25/04/2025 00:00:00,18:59:00,75,683,13,13,16,,,,,,,,,,,,,,,23,724
M4/2156B,25/04/2025 00:00:00,19:14:00,76,658,9,11,11,,,,,,,,,,,,,,,25,689
M4/2156B,25/04/2025 00:00:00,19:29:00,77,667,17,14,6,,,,,,,,,,,,,,,25,704
M4/2156B,25/04/2025 00:00:00,19:44:00,78,588,12,12,7,,,,,,,,,,,,,,,31,619
M4/2156B,25/04/2025 00:00:00,19:59:00,79,536,18,5,5,,,,,,,,,,,,,,,32,564
M4/2156B,25/04/2025 00:00:00,20:14:00,80,530,9,8,6,,,,,,,,,,,,,,,31,553
M4/2156B,25/04/2025 00:00:00,20:29:00,81,468,12,8,6,,,,,,,,,,,,,,,32,494
M4/2156B,25/04/2025 00:00:00,20:44:00,82,441,3,9,8,,,,,,,,,,,,,,,32,461
M4/2156B,25/04/2025 00:00:00,20:59:00,83,416,9,12,13,,,,,,,,,,,,,,,32,450
M4/2156B,25/04/2025 00:00:00,21:14:00,84,463,11,11,7,,,,,,,,,,,,,,,32,492
M4/2156B,25/04/2025 00:00:00,21:29:00,85,445,8,3,10,,,,,,,,,,,,,,,32,466
M4/2156B,25/04/2025 00:00:00,21:44:00,86,416,6,6,8,,,,,,,,,,,,,,,33,436
M4/2156B,25/04/2025 00:00:00,21:59:00,87,371,8,9,6,,,,,,,,,,,,,,,33,394
M4/2156B,25/04/2025 00:00:00,22:14:00,88,337,4,6,8,,,,,,,,,,,,,,,33,355
M4/2156B,25/04/2025 00:00:00,22:29:00,89,350,7,3,7,,,,,,,,,,,,,,,33,367
M4/2156B,25/04/2025 00:00:00,22:44:00,90,331,12,7,7,,,,,,,,,,,,,,,33,357
M4/2156B,25/04/2025 00:00:00,22:59:00,91,343,7,6,3,,,,,,,,,,,,,,,33,359
M4/2156B,25/04/2025 00:00:00,23:14:00,92,264,9,13,3,,,,,,,,,,,,,,,34,289
M4/2156B,25/04/2025 00:00:00,23:29:00,93,229,8,4,7,,,,,,,,,,,,,,,34,248
M4/2156B,25/04/2025 00:00:00,23:44:00,94,215,5,6,5,,,,,,,,,,,,,,,34,231
M4/2156B,25/04/2025 00:00:00,23:59:00,95,185,5,5,3,,,,,,,,,,,,,,,34,198
M4/2156B,26/04/2025 00:00:00,00:14:00,0,144,5,2,2,,,,,,,,,,,,,,,34,153
M4/2156B,26/04/2025 00:00:00,00:29:00,1,138,4,3,8,,,,,,,,,,,,,,,35,153
M4/2156B,26/04/2025 00:00:00,00:44:00,2,129,4,0,3,,,,,,,,,,,,,,,35,136
M4/2156B,26/04/2025 00:00:00,00:59:00,3,81,6,1,1,,,,,,,,,,,,,,,36,89
M4/2156B,26/04/2025 00:00:00,01:14:00,4,69,4,2,2,,,,,,,,,,,,,,,35,77
M4/2156B,26/04/2025 00:00:00,01:29:00,5,86,6,2,4,,,,,,,,,,,,,,,36,98
M4/2156B,26/04/2025 00:00:00,01:44:00,6,67,3,3,3,,,,,,,,,,,,,,,36,76
M4/2156B,26/04/2025 00:00:00,01:59:00,7,60,9,3,3,,,,,,,,,,,,,,,36,75
M4/2156B,26/04/2025 00:00:00,02:14:00,8,58,2,3,4,,,,,,,,,,,,,,,36,67
M4/2156B,26/04/2025 00:00:00,02:29:00,9,55,13,2,3,,,,,,,,,,,,,,,36,73
M4/2156B,26/04/2025 00:00:00,02:44:00,10,54,5,1,1,,,,,,,,,,,,,,,34,61
M4/2156B,26/04/2025 00:00:00,02:59:00,11,50,1,0,2,,,,,,,,,,,,,,,35,53
M4/2156B,26/04/2025 00:00:00,03:14:00,12,45,3,1,2,,,,,,,,,,,,,,,35,51
M4/2156B,26/04/2025 00:00:00,03:29:00,13,48,5,4,3,,,,,,,,,,,,,,,36,60
M4/2156B,26/04/2025 00:00:00,03:44:00,14,53,5,5,0,,,,,,,,,,,,,,,34,63
M4/2156B,26/04/2025 00:00:00,03:59:00,15,51,5,2,5,,,,,,,,,,,,,,,36,63
M4/2156B,26/04/2025 00:00:00,04:14:00,16,65,7,4,4,,,,,,,,,,,,,,,35,80
M4/2156B,26/04/2025 00:00:00,04:29:00,17,86,17,14,4,,,,,,,,,,,,,,,35,121
M4/2156B,26/04/2025 00:00:00,04:44:00,18,96,6,8,4,,,,,,,,,,,,,,,35,114
M4/2156B,26/04/2025 00:00:00,04:59:00,19,103,4,12,6,,,,,,,,,,,,,,,36,125
M4/2156B,26/04/2025 00:00:00,05:14:00,20,116,9,14,8,,,,,,,,,,,,,,,36,147
M4/2156B,26/04/2025 00:00:00,05:29:00,21,165,8,12,10,,,,,,,,,,,,,,,34,195
M4/2156B,26/04/2025 00:00:00,05:44:00,22,172,13,15,15,,,,,,,,,,,,,,,34,215
M4/2156B,26/04/2025 00:00:00,05:59:00,23,223,24,17,4,,,,,,,,,,,,,,,34,268
M4/2156B,26/04/2025 00:00:00,06:14:00,24,236,20,25,10,,,,,,,,,,,,,,,34,291
M4/2156B,26/04/2025 00:00:00,06:29:00,25,274,23,26,5,,,,,,,,,,,,,,,34,328
M4/2156B,26/04/2025 00:00:00,06:44:00,26,354,26,35,16,,,,,,,,,,,,,,,33,431
M4/2156B,26/04/2025 00:00:00,06:59:00,27,408,24,25,12,,,,,,,,,,,,,,,32,469
M4/2156B,26/04/2025 00:00:00,07:14:00,28,492,22,28,10,,,,,,,,,,,,,,,32,552
M4/2156B,26/04/2025 00:00:00,07:29:00,29,508,23,23,14,,,,,,,,,,,,,,,32,568
M4/2156B,26/04/2025 00:00:00,07:44:00,30,512,30,16,10,,,,,,,,,,,,,,,32,568
M4/2156B,26/04/2025 00:00:00,07:59:00,31,514,35,15,10,,,,,,,,,,,,,,,32,574
M4/2156B,26/04/2025 00:00:00,08:14:00,32,517,28,29,7,,,,,,,,,,,,,,,32,581
M4/2156B,26/04/2025 00:00:00,08:29:00,33,530,22,23,7,,,,,,,,,,,,,,,32,582
M4/2156B,26/04/2025 00:00:00,08:44:00,34,612,19,16,9,,,,,,,,,,,,,,,31,656
M4/2156B,26/04/2025 00:00:00,08:59:00,35,611,24,19,11,,,,,,,,,,,,,,,31,665
M4/2156B,26/04/2025 00:00:00,09:14:00,36,668,29,17,9,,,,,,,,,,,,,,,30,723
M4/2156B,26/04/2025 00:00:00,09:29:00,37,729,24,15,13,,,,,,,,,,,,,,,25,781
M4/2156B,26/04/2025 00:00:00,09:44:00,38,689,25,6,12,,,,,,,,,,,,,,,25,732
M4/2156B,26/04/2025 00:00:00,09:59:00,39,697,17,16,14,,,,,,,,,,,,,,,23,744
M4/2156B,26/04/2025 00:00:00,10:14:00,40,662,15,13,20,,,,,,,,,,,,,,,23,710
M4/2156B,26/04/2025 00:00:00,10:29:00,41,687,21,16,10,,,,,,,,,,,,,,,23,734
M4/2156B,26/04/2025 00:00:00,10:44:00,42,717,12,15,14,,,,,,,,,,,,,,,21,758
M4/2156B,26/04/2025 00:00:00,10:59:00,43,713,21,8,9,,,,,,,,,,,,,,,23,751
M4/2156B,26/04/2025 00:00:00,11:14:00,44,730,9,17,12,,,,,,,,,,,,,,,24,768
M4/2156B,26/04/2025 00:00:00,11:29:00,45,744,12,6,14,,,,,,,,,,,,,,,23,776
M4/2156B,26/04/2025 00:00:00,11:44:00,46,713,12,13,16,,,,,,,,,,,,,,,23,754
M4/2156B,26/04/2025 00:00:00,11:59:00,47,698,16,9,14,,,,,,,,,,,,,,,21,737
M4/2156B,26/04/2025 00:00:00,12:14:00,48,694,14,6,10,,,,,,,,,,,,,,,24,724
M4/2156B,26/04/2025 00:00:00,12:29:00,49,688,14,13,9,,,,,,,,,,,,,,,25,724
M4/2156B,26/04/2025 00:00:00,12:44:00,50,642,16,11,8,,,,,,,,,,,,,,,27,677
M4/2156B,26/04/2025 00:00:00,12:59:00,51,700,26,6,8,,,,,,,,,,,,,,,21,740
M4/2156B,26/04/2025 00:00:00,13:14:00,52,738,9,4,6,,,,,,,,,,,,,,,23,757
M4/2156B,26/04/2025 00:00:00,13:29:00,53,686,18,11,8,,,,,,,,,,,,,,,19,723
M4/2156B,26/04/2025 00:00:00,13:44:00,54,710,13,9,6,,,,,,,,,,,,,,,20,738
M4/2156B,26/04/2025 00:00:00,13:59:00,55,694,19,9,10,,,,,,,,,,,,,,,22,732
M4/2156B,26/04/2025 00:00:00,14:14:00,56,686,10,9,9,,,,,,,,,,,,,,,25,714
M4/2156B,26/04/2025 00:00:00,14:29:00,57,710,17,7,5,,,,,,,,,,,,,,,25,739
M4/2156B,26/04/2025 00:00:00,14:44:00,58,706,14,6,9,,,,,,,,,,,,,,,25,735
M4/2156B,26/04/2025 00:00:00,14:59:00,59,720,10,12,12,,,,,,,,,,,,,,,25,754
M4/2156B,26/04/2025 00:00:00,15:14:00,60,678,18,9,8,,,,,,,,,,,,,,,23,713
M4/2156B,26/04/2025 00:00:00,15:29:00,61,695,11,13,5,,,,,,,,,,,,,,,26,724
M4/2156B,26/04/2025 00:00:00,15:44:00,62,686,13,4,7,,,,,,,,,,,,,,,26,710
M4/2156B,26/04/2025 00:00:00,15:59:00,63,661,13,9,12,,,,,,,,,,,,,,,24,695
M4/2156B,26/04/2025 00:00:00,16:14:00,64,672,7,12,13,,,,,,,,,,,,,,,26,704
M4/2156B,26/04/2025 00:00:00,16:29:00,65,691,10,5,4,,,,,,,,,,,,,,,27,710
M4/2156B,26/04/2025 00:00:00,16:44:00,66,690,18,8,10,,,,,,,,,,,,,,,25,726
M4/2156B,26/04/2025 00:00:00,16:59:00,67,704,6,5,16,,,,,,,,,,,,,,,26,731
M4/2156B,26/04/2025 00:00:00,17:14:00,68,681,10,5,12,,,,,,,,,,,,,,,26,708
M4/2156B,26/04/2025 00:00:00,17:29:00,69,661,10,11,11,,,,,,,,,,,,,,,22,693
M4/2156B,26/04/2025 00:00:00,17:44:00,70,694,7,10,13,,,,,,,,,,,,,,,26,724
M4/2156B,26/04/2025 00:00:00,17:59:00,71,709,10,6,12,,,,,,,,,,,,,,,24,737
M4/2156B,26/04/2025 00:00:00,18:14:00,72,651,6,5,10,,,,,,,,,,,,,,,26,672
M4/2156B,26/04/2025 00:00:00,18:29:00,73,683,14,7,16,,,,,,,,,,,,,,,24,720
M4/2156B,26/04/2025 00:00:00,18:44:00,74,674,12,7,8,,,,,,,,,,,,,,,30,701
M4/2156B,26/04/2025 00:00:00,18:59:00,75,689,8,6,9,,,,,,,,,,,,,,,30,712
M4/2156B,26/04/2025 00:00:00,19:14:00,76,579,9,8,14,,,,,,,,,,,,,,,31,610
M4/2156B,26/04/2025 00:00:00,19:29:00,77,618,14,7,7,,,,,,,,,,,,,,,31,646
M4/2156B,26/04/2025 00:00:00,19:44:00,78,599,8,7,10,,,,,,,,,,,,,,,31,624
M4/2156B,26/04/2025 00:00:00,19:59:00,79,558,12,7,5,,,,,,,,,,,,,,,32,582
M4/2156B,26/04/2025 00:00:00,20:14:00,80,494,8,13,10,,,,,,,,,,,,,,,32,525
M4/2156B,26/04/2025 00:00:00,20:29:00,81,443,12,7,10,,,,,,,,,,,,,,,32,472
M4/2156B,26/04/2025 00:00:00,20:44:00,82,431,12,4,7,,,,,,,,,,,,,,,32,454
M4/2156B,26/04/2025 00:00:00,20:59:00,83,443,11,7,12,,,,,,,,,,,,,,,32,473
M4/2156B,26/04/2025 00:00:00,21:14:00,84,448,8,8,4,,,,,,,,,,,,,,,32,468
M4/2156B,26/04/2025 00:00:00,21:29:00,85,405,7,12,8,,,,,,,,,,,,,,,32,432
M4/2156B,26/04/2025 00:00:00,21:44:00,86,408,7,4,9,,,,,,,,,,,,,,,33,428
M4/2156B,26/04/2025 00:00:00,21:59:00,87,408,6,4,8,,,,,,,,,,,,,,,32,426
M4/2156B,26/04/2025 00:00:00,22:14:00,88,333,7,4,3,,,,,,,,,,,,,,,33,347
M4/2156B,26/04/2025 00:00:00,22:29:00,89,313,5,2,6,,,,,,,,,,,,,,,33,326
M4/2156B,26/04/2025 00:00:00,22:44:00,90,336,4,3,5,,,,,,,,,,,,,,,33,348
M4/2156B,26/04/2025 00:00:00,22:59:00,91,327,7,1,5,,,,,,,,,,,,,,,34,340
M4/2156B,26/04/2025 00:00:00,23:14:00,92,310,3,1,5,,,,,,,,,,,,,,,33,319
M4/2156B,26/04/2025 00:00:00,23:29:00,93,275,8,8,1,,,,,,,,,,,,,,,33,292
M4/2156B,26/04/2025 00:00:00,23:44:00,94,263,2,1,2,,,,,,,,,,,,,,,34,268
M4/2156B,26/04/2025 00:00:00,23:59:00,95,228,5,4,5,,,,,,,,,,,,,,,34,242
M4/2156B,27/04/2025 00:00:00,00:14:00,0,226,1,6,4,,,,,,,,,,,,,,,34,237
M4/2156B,27/04/2025 00:00:00,00:29:00,1,170,2,2,2,,,,,,,,,,,,,,,35,176
M4/2156B,27/04/2025 00:00:00,00:44:00,2,153,4,2,2,,,,,,,,,,,,,,,35,161
M4/2156B,27/04/2025 00:00:00,00:59:00,3,145,3,8,1,,,,,,,,,,,,,,,36,157
M4/2156B,27/04/2025 00:00:00,01:14:00,4,132,1,2,8,,,,,,,,,,,,,,,36,143
M4/2156B,27/04/2025 00:00:00,01:29:00,5,111,1,1,3,,,,,,,,,,,,,,,35,116
M4/2156B,27/04/2025 00:00:00,01:44:00,6,82,4,2,0,,,,,,,,,,,,,,,37,88
M4/2156B,27/04/2025 00:00:00,01:59:00,7,89,1,0,2,,,,,,,,,,,,,,,34,92
M4/2156B,27/04/2025 00:00:00,02:14:00,8,99,3,3,2,,,,,,,,,,,,,,,35,107
M4/2156B,27/04/2025 00:00:00,02:29:00,9,93,4,3,0,,,,,,,,,,,,,,,36,100
M4/2156B,27/04/2025 00:00:00,02:44:00,10,84,1,0,4,,,,,,,,,,,,,,,36,89
M4/2156B,27/04/2025 00:00:00,02:59:00,11,77,1,2,1,,,,,,,,,,,,,,,36,81
M4/2156B,27/04/2025 00:00:00,03:14:00,12,74,2,2,3,,,,,,,,,,,,,,,36,81
M4/2156B,27/04/2025 00:00:00,03:29:00,13,81,5,2,1,,,,,,,,,,,,,,,35,89
M4/2156B,27/04/2025 00:00:00,03:44:00,14,67,3,1,1,,,,,,,,,,,,,,,35,72
M4/2156B,27/04/2025 00:00:00,03:59:00,15,64,1,2,0,,,,,,,,,,,,,,,35,67
M4/2156B,27/04/2025 00:00:00,04:14:00,16,72,3,4,4,,,,,,,,,,,,,,,35,83
M4/2156B,27/04/2025 00:00:00,04:29:00,17,74,2,5,2,,,,,,,,,,,,,,,36,83
M4/2156B,27/04/2025 00:00:00,04:44:00,18,107,4,6,5,,,,,,,,,,,,,,,35,122
M4/2156B,27/04/2025 00:00:00,04:59:00,19,116,4,8,14,,,,,,,,,,,,,,,35,142
M4/2156B,27/04/2025 00:00:00,05:14:00,20,123,14,7,7,,,,,,,,,,,,,,,35,151
M4/2156B,27/04/2025 00:00:00,05:29:00,21,141,9,16,11,,,,,,,,,,,,,,,35,177
M4/2156B,27/04/2025 00:00:00,05:44:00,22,174,10,15,13,,,,,,,,,,,,,,,34,212
M4/2156B,27/04/2025 00:00:00,05:59:00,23,193,21,15,11,,,,,,,,,,,,,,,35,240
M4/2156B,27/04/2025 00:00:00,06:14:00,24,218,11,16,14,,,,,,,,,,,,,,,34,259
M4/2156B,27/04/2025 00:00:00,06:29:00,25,272,16,16,10,,,,,,,,,,,,,,,34,314
M4/2156B,27/04/2025 00:00:00,06:44:00,26,316,14,17,4,,,,,,,,,,,,,,,33,351
M4/2156B,27/04/2025 00:00:00,06:59:00,27,325,12,25,10,,,,,,,,,,,,,,,33,372
M4/2156B,27/04/2025 00:00:00,07:14:00,28,330,14,17,15,,,,,,,,,,,,,,,33,376
M4/2156B,27/04/2025 00:00:00,07:29:00,29,447,14,7,12,,,,,,,,,,,,,,,33,480
M4/2156B,27/04/2025 00:00:00,07:44:00,30,441,13,17,12,,,,,,,,,,,,,,,32,483
M4/2156B,27/04/2025 00:00:00,07:59:00,31,492,17,9,11,,,,,,,,,,,,,,,32,529
M4/2156B,27/04/2025 00:00:00,08:14:00,32,461,16,14,10,,,,,,,,,,,,,,,32,501
M4/2156B,27/04/2025 00:00:00,08:29:00,33,504,17,11,2,,,,,,,,,,,,,,,33,534
M4/2156B,27/04/2025 00:00:00,08:44:00,34,506,11,18,7,,,,,,,,,,,,,,,33,542
M4/2156B,27/04/2025 00:00:00,08:59:00,35,491,13,12,6,,,,,,,,,,,,,,,33,522
M4/2156B,27/04/2025 00:00:00,09:14:00,36,548,10,7,10,,,,,,,,,,,,,,,32,575
M4/2156B,27/04/2025 00:00:00,09:29:00,37,633,13,12,7,,,,,,,,,,,,,,,31,665
M4/2156B,27/04/2025 00:00:00,09:44:00,38,639,19,7,8,,,,,,,,,,,,,,,32,673
M4/2156B,27/04/2025 00:00:00,09:59:00,39,612,10,12,7,,,,,,,,,,,,,,,31,641
M4/2156B,27/04/2025 00:00:00,10:14:00,40,595,8,10,8,,,,,,,,,,,,,,,31,621
M4/2156B,27/04/2025 00:00:00,10:29:00,41,691,8,9,3,,,,,,,,,,,,,,,30,711
M4/2156B,27/04/2025 00:00:00,10:44:00,42,691,12,7,6,,,,,,,,,,,,,,,29,716
M4/2156B,27/04/2025 00:00:00,10:59:00,43,705,12,9,5,,,,,,,,,,,,,,,31,731
M4/2156B,27/04/2025 00:00:00,11:14:00,44,721,11,8,3,,,,,,,,,,,,,,,28,743
M4/2156B,27/04/2025 00:00:00,11:29:00,45,760,8,10,8,,,,,,,,,,,,,,,24,786
M4/2156B,27/04/2025 00:00:00,11:44:00,46,731,11,3,8,,,,,,,,,,,,,,,24,753
M4/2156B,27/04/2025 00:00:00,11:59:00,47,696,6,9,14,,,,,,,,,,,,,,,26,725
M4/2156B,27/04/2025 00:00:00,12:14:00,48,698,10,8,9,,,,,,,,,,,,,,,25,725
M4/2156B,27/04/2025 00:00:00,12:29:00,49,740,8,9,13,,,,,,,,,,,,,,,25,770
M4/2156B,27/04/2025 00:00:00,12:44:00,50,720,19,7,8,,,,,,,,,,,,,,,24,754
M4/2156B,27/04/2025 00:00:00,12:59:00,51,704,13,8,7,,,,,,,,,,,,,,,22,732
M4/2156B,27/04/2025 00:00:00,13:14:00,52,696,14,9,7,,,,,,,,,,,,,,,20,726
M4/2156B,27/04/2025 00:00:00,13:29:00,53,744,10,6,8,,,,,,,,,,,,,,,25,768
M4/2156B,27/04/2025 00:00:00,13:44:00,54,687,9,7,18,,,,,,,,,,,,,,,26,721
M4/2156B,27/04/2025 00:00:00,13:59:00,55,672,10,9,13,,,,,,,,,,,,,,,23,704
M4/2156B,27/04/2025 00:00:00,14:14:00,56,688,13,7,8,,,,,,,,,,,,,,,21,716
M4/2156B,27/04/2025 00:00:00,14:29:00,57,687,14,7,9,,,,,,,,,,,,,,,23,717
M4/2156B,27/04/2025 00:00:00,14:44:00,58,653,5,9,9,,,,,,,,,,,,,,,25,676
M4/2156B,27/04/2025 00:00:00,14:59:00,59,585,7,6,5,,,,,,,,,,,,,,,31,603
M4/2156B,27/04/2025 00:00:00,15:14:00,60,640,9,4,7,,,,,,,,,,,,,,,30,660
M4/2156B,27/04/2025 00:00:00,15:29:00,61,677,7,3,12,,,,,,,,,,,,,,,30,699
M4/2156B,27/04/2025 00:00:00,15:44:00,62,690,15,4,11,,,,,,,,,,,,,,,21,720
M4/2156B,27/04/2025 00:00:00,15:59:00,63,656,6,7,10,,,,,,,,,,,,,,,22,679
M4/2156B,27/04/2025 00:00:00,16:14:00,64,556,5,6,9,,,,,,,,,,,,,,,32,576
M4/2156B,27/04/2025 00:00:00,16:29:00,65,634,4,8,10,,,,,,,,,,,,,,,30,656
M4/2156B,27/04/2025 00:00:00,16:44:00,66,734,11,5,2,,,,,,,,,,,,,,,24,752
M4/2156B,27/04/2025 00:00:00,16:59:00,67,692,11,5,7,,,,,,,,,,,,,,,25,715
M4/2156B,27/04/2025 00:00:00,17:14:00,68,711,10,12,3,,,,,,,,,,,,,,,26,736
M4/2156B,27/04/2025 00:00:00,17:29:00,69,705,6,9,12,,,,,,,,,,,,,,,25,732
M4/2156B,27/04/2025 00:00:00,17:44:00,70,695,11,9,13,,,,,,,,,,,,,,,26,728
M4/2156B,27/04/2025 00:00:00,17:59:00,71,694,8,5,8,,,,,,,,,,,,,,,26,715
M4/2156B,27/04/2025 00:00:00,18:14:00,72,671,14,5,9,,,,,,,,,,,,,,,28,699
M4/2156B,27/04/2025 00:00:00,18:29:00,73,679,6,7,11,,,,,,,,,,,,,,,27,703
M4/2156B,27/04/2025 00:00:00,18:44:00,74,685,16,8,5,,,,,,,,,,,,,,,23,714
M4/2156B,27/04/2025 00:00:00,18:59:00,75,695,5,7,7,,,,,,,,,,,,,,,21,714
M4/2156B,27/04/2025 00:00:00,19:14:00,76,682,16,5,10,,,,,,,,,,,,,,,25,713
M4/2156B,27/04/2025 00:00:00,19:29:00,77,602,11,8,8,,,,,,,,,,,,,,,28,629
M4/2156B,27/04/2025 00:00:00,19:44:00,78,609,12,5,7,,,,,,,,,,,,,,,30,633
M4/2156B,27/04/2025 00:00:00,19:59:00,79,618,8,6,7,,,,,,,,,,,,,,,31,639
M4/2156B,27/04/2025 00:00:00,20:14:00,80,645,6,6,10,,,,,,,,,,,,,,,29,667
M4/2156B,27/04/2025 00:00:00,20:29:00,81,652,10,4,10,,,,,,,,,,,,,,,30,676
M4/2156B,27/04/2025 00:00:00,20:44:00,82,583,10,4,8,,,,,,,,,,,,,,,31,605
M4/2156B,27/04/2025 00:00:00,20:59:00,83,594,7,12,11,,,,,,,,,,,,,,,30,624
M4/2156B,27/04/2025 00:00:00,21:14:00,84,558,15,3,10,,,,,,,,,,,,,,,31,586
M4/2156B,27/04/2025 00:00:00,21:29:00,85,563,6,9,5,,,,,,,,,,,,,,,31,583
M4/2156B,27/04/2025 00:00:00,21:44:00,86,535,6,9,9,,,,,,,,,,,,,,,31,559
M4/2156B,27/04/2025 00:00:00,21:59:00,87,454,5,5,10,,,,,,,,,,,,,,,32,474
M4/2156B,27/04/2025 00:00:00,22:14:00,88,487,10,8,7,,,,,,,,,,,,,,,32,512
M4/2156B,27/04/2025 00:00:00,22:29:00,89,411,7,9,6,,,,,,,,,,,,,,,33,433
M4/2156B,27/04/2025 00:00:00,22:44:00,90,347,8,5,2,,,,,,,,,,,,,,,34,362
M4/2156B,27/04/2025 00:00:00,22:59:00,91,339,7,2,3,,,,,,,,,,,,,,,33,351
M4/2156B,27/04/2025 00:00:00,23:14:00,92,327,8,4,4,,,,,,,,,,,,,,,33,343
M4/2156B,27/04/2025 00:00:00,23:29:00,93,275,9,2,3,,,,,,,,,,,,,,,34,289
M4/2156B,27/04/2025 00:00:00,23:44:00,94,288,13,3,4,,,,,,,,,,,,,,,33,308
M4/2156B,27/04/2025 00:00:00,23:59:00,95,158,6,5,5,,,,,,,,,,,,,,,34,174
M4/2156B,28/04/2025 00:00:00,00:14:00,0,120,10,10,5,,,,,,,,,,,,,,,35,145
M4/2156B,28/04/2025 00:00:00,00:29:00,1,114,8,7,9,,,,,,,,,,,,,,,34,138
M4/2156B,28/04/2025 00:00:00,00:44:00,2,105,3,4,2,,,,,,,,,,,,,,,36,114
M4/2156B,28/04/2025 00:00:00,00:59:00,3,59,2,8,5,,,,,,,,,,,,,,,36,74
M4/2156B,28/04/2025 00:00:00,01:14:00,4,80,6,4,5,,,,,,,,,,,,,,,36,95
M4/2156B,28/04/2025 00:00:00,01:29:00,5,61,4,5,3,,,,,,,,,,,,,,,37,73
M4/2156B,28/04/2025 00:00:00,01:44:00,6,44,5,2,3,,,,,,,,,,,,,,,36,54
M4/2156B,28/04/2025 00:00:00,01:59:00,7,41,6,1,2,,,,,,,,,,,,,,,37,50
M4/2156B,28/04/2025 00:00:00,02:14:00,8,48,7,5,2,,,,,,,,,,,,,,,36,62
M4/2156B,28/04/2025 00:00:00,02:29:00,9,29,5,6,3,,,,,,,,,,,,,,,36,43
M4/2156B,28/04/2025 00:00:00,02:44:00,10,40,6,4,4,,,,,,,,,,,,,,,36,54
M4/2156B,28/04/2025 00:00:00,02:59:00,11,42,4,5,3,,,,,,,,,,,,,,,36,54
M4/2156B,28/04/2025 00:00:00,03:14:00,12,29,8,2,4,,,,,,,,,,,,,,,37,43
M4/2156B,28/04/2025 00:00:00,03:29:00,13,42,8,1,1,,,,,,,,,,,,,,,36,52
M4/2156B,28/04/2025 00:00:00,03:44:00,14,48,6,6,3,,,,,,,,,,,,,,,36,63
M4/2156B,28/04/2025 00:00:00,03:59:00,15,52,8,10,4,,,,,,,,,,,,,,,35,74
M4/2156B,28/04/2025 00:00:00,04:14:00,16,68,10,8,3,,,,,,,,,,,,,,,36,89
M4/2156B,28/04/2025 00:00:00,04:29:00,17,85,11,29,2,,,,,,,,,,,,,,,35,127
M4/2156B,28/04/2025 00:00:00,04:44:00,18,120,12,11,7,,,,,,,,,,,,,,,35,150
M4/2156B,28/04/2025 00:00:00,04:59:00,19,141,13,19,6,,,,,,,,,,,,,,,35,179
M4/2156B,28/04/2025 00:00:00,05:14:00,20,183,14,19,9,,,,,,,,,,,,,,,34,225
M4/2156B,28/04/2025 00:00:00,05:29:00,21,250,17,19,8,,,,,,,,,,,,,,,35,294
M4/2156B,28/04/2025 00:00:00,05:44:00,22,327,28,33,12,,,,,,,,,,,,,,,33,400
M4/2156B,28/04/2025 00:00:00,05:59:00,23,442,33,39,12,,,,,,,,,,,,,,,32,526
M4/2156B,28/04/2025 00:00:00,06:14:00,24,614,49,43,18,,,,,,,,,,,,,,,27,724
M4/2156B,28/04/2025 00:00:00,06:29:00,25,616,41,51,24,,,,,,,,,,,,,,,24,732
M4/2156B,28/04/2025 00:00:00,06:44:00,26,640,44,53,20,,,,,,,,,,,,,,,23,757
M4/2156B,28/04/2025 00:00:00,06:59:00,27,657,48,40,13,,,,,,,,,,,,,,,24,758
M4/2156B,28/04/2025 00:00:00,07:14:00,28,620,56,52,15,,,,,,,,,,,,,,,22,743
M4/2156B,28/04/2025 00:00:00,07:29:00,29,619,38,46,23,,,,,,,,,,,,,,,20,726
M4/2156B,28/04/2025 00:00:00,07:44:00,30,598,44,45,14,,,,,,,,,,,,,,,21,701
M4/2156B,28/04/2025 00:00:00,07:58:00,31,651,35,32,16,,,,,,,,,,,,,,,22,735
M4/2156B,28/04/2025 00:00:00,08:14:00,32,639,38,34,16,,,,,,,,,,,,,,,23,727
M4/2156B,28/04/2025 00:00:00,08:29:00,33,650,38,29,20,,,,,,,,,,,,,,,20,737
M4/2156B,28/04/2025 00:00:00,08:44:00,34,635,43,45,12,,,,,,,,,,,,,,,24,735
M4/2156B,28/04/2025 00:00:00,08:59:00,35,646,45,34,13,,,,,,,,,,,,,,,21,738
M4/2156B,28/04/2025 00:00:00,09:14:00,36,613,46,35,19,,,,,,,,,,,,,,,19,713
M4/2156B,28/04/2025 00:00:00,09:29:00,37,650,36,37,12,,,,,,,,,,,,,,,22,735
M4/2156B,28/04/2025 00:00:00,09:44:00,38,621,36,36,14,,,,,,,,,,,,,,,22,707
M4/2156B,28/04/2025 00:00:00,09:59:00,39,612,53,30,16,,,,,,,,,,,,,,,23,711
M4/2156B,28/04/2025 00:00:00,10:14:00,40,569,37,30,13,,,,,,,,,,,,,,,20,649
M4/2156B,28/04/2025 00:00:00,10:29:00,41,560,36,32,16,,,,,,,,,,,,,,,23,644
M4/2156B,28/04/2025 00:00:00,10:44:00,42,603,35,35,15,,,,,,,,,,,,,,,23,688
M4/2156B,28/04/2025 00:00:00,10:59:00,43,609,20,26,10,,,,,,,,,,,,,,,23,665
M4/2156B,28/04/2025 00:00:00,11:14:00,44,604,27,22,14,,,,,,,,,,,,,,,24,667
M4/2156B,28/04/2025 00:00:00,11:29:00,45,571,42,26,13,,,,,,,,,,,,,,,22,652
M4/2156B,28/04/2025 00:00:00,11:44:00,46,606,29,21,18,,,,,,,,,,,,,,,25,674
M4/2156B,28/04/2025 00:00:00,11:59:00,47,598,36,27,13,,,,,,,,,,,,,,,23,674
M4/2156B,28/04/2025 00:00:00,12:14:00,48,597,29,31,12,,,,,,,,,,,,,,,23,669
M4/2156B,28/04/2025 00:00:00,12:29:00,49,648,35,30,12,,,,,,,,,,,,,,,26,725
M4/2156B,28/04/2025 00:00:00,12:44:00,50,584,27,25,15,,,,,,,,,,,,,,,30,651
M4/2156B,28/04/2025 00:00:00,12:59:00,51,615,27,37,13,,,,,,,,,,,,,,,30,692
M4/2156B,28/04/2025 00:00:00,13:14:00,52,578,23,29,9,,,,,,,,,,,,,,,31,639
M4/2156B,28/04/2025 00:00:00,13:29:00,53,522,21,22,14,,,,,,,,,,,,,,,32,579
M4/2156B,28/04/2025 00:00:00,13:44:00,54,586,22,34,18,,,,,,,,,,,,,,,31,660
M4/2156B,28/04/2025 00:00:00,13:59:00,55,580,29,29,11,,,,,,,,,,,,,,,30,649
M4/2156B,28/04/2025 00:00:00,14:14:00,56,588,23,24,12,,,,,,,,,,,,,,,31,647
M4/2156B,28/04/2025 00:00:00,14:29:00,57,588,32,7,12,,,,,,,,,,,,,,,32,639
M4/2156B,28/04/2025 00:00:00,14:44:00,58,610,24,24,7,,,,,,,,,,,,,,,31,665
M4/2156B,28/04/2025 00:00:00,14:59:00,59,586,17,20,19,,,,,,,,,,,,,,,31,642
M4/2156B,28/04/2025 00:00:00,15:14:00,60,576,30,12,12,,,,,,,,,,,,,,,30,630
M4/2156B,28/04/2025 00:00:00,15:29:00,61,598,19,15,9,,,,,,,,,,,,,,,31,641
M4/2156B,28/04/2025 00:00:00,15:44:00,62,568,21,14,17,,,,,,,,,,,,,,,23,620
M4/2156B,28/04/2025 00:00:00,15:59:00,63,614,28,8,5,,,,,,,,,,,,,,,29,655
M4/2156B,28/04/2025 00:00:00,16:14:00,64,621,17,14,9,,,,,,,,,,,,,,,30,661
M4/2156B,28/04/2025 00:00:00,16:29:00,65,707,17,14,8,,,,,,,,,,,,,,,21,746
M4/2156B,28/04/2025 00:00:00,16:44:00,66,690,18,11,5,,,,,,,,,,,,,,,22,724
M4/2156B,28/04/2025 00:00:00,16:59:00,67,701,18,14,10,,,,,,,,,,,,,,,24,743
M4/2156B,28/04/2025 00:00:00,17:14:00,68,693,23,13,13,,,,,,,,,,,,,,,24,742
M4/2156B,28/04/2025 00:00:00,17:29:00,69,684,19,17,7,,,,,,,,,,,,,,,19,727
M4/2156B,28/04/2025 00:00:00,17:44:00,70,753,10,15,6,,,,,,,,,,,,,,,23,784
M4/2156B,28/04/2025 00:00:00,17:59:00,71,676,22,19,11,,,,,,,,,,,,,,,17,728
M4/2156B,28/04/2025 00:00:00,18:14:00,72,706,24,10,9,,,,,,,,,,,,,,,21,749
M4/2156B,28/04/2025 00:00:00,18:29:00,73,686,10,15,13,,,,,,,,,,,,,,,22,724
M4/2156B,28/04/2025 00:00:00,18:44:00,74,717,15,9,12,,,,,,,,,,,,,,,25,753
M4/2156B,28/04/2025 00:00:00,18:59:00,75,698,11,15,9,,,,,,,,,,,,,,,22,732
M4/2156B,28/04/2025 00:00:00,19:14:00,76,630,14,8,5,,,,,,,,,,,,,,,31,657
M4/2156B,28/04/2025 00:00:00,19:29:00,77,683,13,13,4,,,,,,,,,,,,,,,30,713
M4/2156B,28/04/2025 00:00:00,19:44:00,78,621,13,15,9,,,,,,,,,,,,,,,29,658
M4/2156B,28/04/2025 00:00:00,19:59:00,79,525,11,7,7,,,,,,,,,,,,,,,32,550
M4/2156B,28/04/2025 00:00:00,20:14:00,80,480,14,6,5,,,,,,,,,,,,,,,33,505
M4/2156B,28/04/2025 00:00:00,20:29:00,81,495,9,10,5,,,,,,,,,,,,,,,32,519
M4/2156B,28/04/2025 00:00:00,20:44:00,82,413,14,4,2,,,,,,,,,,,,,,,33,433
M4/2156B,28/04/2025 00:00:00,20:59:00,83,447,11,10,8,,,,,,,,,,,,,,,33,476
M4/2156B,28/04/2025 00:00:00,21:14:00,84,522,15,8,9,,,,,,,,,,,,,,,32,554
M4/2156B,28/04/2025 00:00:00,21:29:00,85,418,14,11,10,,,,,,,,,,,,,,,33,453
M4/2156B,28/04/2025 00:00:00,21:44:00,86,407,9,9,6,,,,,,,,,,,,,,,33,431
M4/2156B,28/04/2025 00:00:00,21:59:00,87,329,5,10,3,,,,,,,,,,,,,,,34,347
M4/2156B,28/04/2025 00:00:00,22:14:00,88,366,7,9,6,,,,,,,,,,,,,,,33,388
M4/2156B,28/04/2025 00:00:00,22:29:00,89,349,6,9,4,,,,,,,,,,,,,,,33,368
M4/2156B,28/04/2025 00:00:00,22:44:00,90,304,12,8,8,,,,,,,,,,,,,,,33,332
M4/2156B,28/04/2025 00:00:00,22:59:00,91,163,2,1,2,,,,,,,,,,,,,,,34,168
M4/2156B,28/04/2025 00:00:00,23:14:00,92,355,7,2,3,,,,,,,,,,,,,,,31,367
M4/2156B,28/04/2025 00:00:00,23:29:00,93,192,5,4,5,,,,,,,,,,,,,,,34,206
M4/2156B,28/04/2025 00:00:00,23:44:00,94,117,8,4,4,,,,,,,,,,,,,,,34,133
M4/2156B,28/04/2025 00:00:00,23:59:00,95,81,13,3,1,,,,,,,,,,,,,,,36,98
M4/2156B,29/04/2025 00:00:00,00:14:00,0,50,8,3,2,,,,,,,,,,,,,,,35,63
M4/2156B,29/04/2025 00:00:00,00:29:00,1,0,0,0,0,,,,,,,,,,,,,,,0,0
M4/2156B,29/04/2025 00:00:00,00:44:00,2,0,0,0,0,,,,,,,,,,,,,,,0,0
M4/2156B,29/04/2025 00:00:00,00:59:00,3,0,0,0,0,,,,,,,,,,,,,,,0,0
M4/2156B,29/04/2025 00:00:00,01:14:00,4,0,0,0,0,,,,,,,,,,,,,,,0,0
M4/2156B,29/04/2025 00:00:00,01:29:00,5,0,0,0,0,,,,,,,,,,,,,,,0,0
M4/2156B,29/04/2025 00:00:00,01:44:00,6,0,0,0,0,,,,,,,,,,,,,,,0,0
M4/2156B,29/04/2025 00:00:00,01:59:00,7,1,0,0,0,,,,,,,,,,,,,,,21,1
M4/2156B,29/04/2025 00:00:00,02:14:00,8,0,0,0,0,,,,,,,,,,,,,,,0,0
M4/2156B,29/04/2025 00:00:00,02:29:00,9,0,0,0,0,,,,,,,,,,,,,,,0,0
M4/2156B,29/04/2025 00:00:00,02:44:00,10,0,0,0,0,,,,,,,,,,,,,,,0,0
M4/2156B,29/04/2025 00:00:00,02:59:00,11,0,0,0,0,,,,,,,,,,,,,,,0,0
M4/2156B,29/04/2025 00:00:00,03:14:00,12,2,0,1,0,,,,,,,,,,,,,,,12,3
M4/2156B,29/04/2025 00:00:00,03:29:00,13,0,0,0,0,,,,,,,,,,,,,,,0,0
M4/2156B,29/04/2025 00:00:00,03:44:00,14,0,1,1,0,,,,,,,,,,,,,,,36,2
M4/2156B,29/04/2025 00:00:00,03:59:00,15,9,1,2,0,,,,,,,,,,,,,,,36,12
M4/2156B,29/04/2025 00:00:00,04:14:00,16,23,5,8,2,,,,,,,,,,,,,,,36,38
M4/2156B,29/04/2025 00:00:00,04:29:00,17,48,8,9,4,,,,,,,,,,,,,,,37,69
M4/2156B,29/04/2025 00:00:00,04:44:00,18,96,12,14,2,,,,,,,,,,,,,,,35,124
M4/2156B,29/04/2025 00:00:00,04:59:00,19,97,7,13,7,,,,,,,,,,,,,,,35,124
M4/2156B,29/04/2025 00:00:00,05:14:00,20,169,13,12,6,,,,,,,,,,,,,,,35,200
M4/2156B,29/04/2025 00:00:00,05:29:00,21,186,23,26,8,,,,,,,,,,,,,,,35,242
M4/2156B,29/04/2025 00:00:00,05:44:00,22,297,26,31,8,,,,,,,,,,,,,,,34,362
M4/2156B,29/04/2025 00:00:00,05:59:00,23,410,34,29,17,,,,,,,,,,,,,,,33,490
M4/2156B,29/04/2025 00:00:00,06:14:00,24,644,37,44,12,,,,,,,,,,,,,,,26,737
M4/2156B,29/04/2025 00:00:00,06:29:00,25,580,45,61,14,,,,,,,,,,,,,,,20,700
M4/2156B,29/04/2025 00:00:00,06:44:00,26,622,52,39,17,,,,,,,,,,,,,,,23,730
M4/2156B,29/04/2025 00:00:00,06:59:00,27,617,42,46,33,,,,,,,,,,,,,,,21,738
M4/2156B,29/04/2025 00:00:00,07:14:00,28,640,42,37,21,,,,,,,,,,,,,,,19,740
M4/2156B,29/04/2025 00:00:00,07:29:00,29,639,37,43,20,,,,,,,,,,,,,,,23,739
M4/2156B,29/04/2025 00:00:00,07:44:00,30,524,50,43,11,,,,,,,,,,,,,,,16,628
M4/2156B,29/04/2025 00:00:00,07:59:00,31,460,29,39,19,,,,,,,,,,,,,,,13,547
M4/2156B,29/04/2025 00:00:00,08:14:00,32,507,31,31,16,,,,,,,,,,,,,,,15,585
M4/2156B,29/04/2025 00:00:00,08:29:00,33,529,48,28,12,,,,,,,,,,,,,,,15,617
M4/2156B,29/04/2025 00:00:00,08:44:00,34,522,37,41,13,,,,,,,,,,,,,,,16,613
M4/2156B,29/04/2025 00:00:00,08:59:00,35,520,44,30,11,,,,,,,,,,,,,,,16,604
M4/2156B,29/04/2025 00:00:00,09:14:00,36,447,43,27,10,,,,,,,,,,,,,,,12,527
M4/2156B,29/04/2025 00:00:00,09:29:00,37,506,47,33,13,,,,,,,,,,,,,,,16,599
M4/2156B,29/04/2025 00:00:00,09:44:00,38,674,35,41,16,,,,,,,,,,,,,,,24,766
M4/2156B,29/04/2025 00:00:00,09:59:00,39,658,33,27,13,,,,,,,,,,,,,,,22,731
M4/2156B,29/04/2025 00:00:00,10:14:00,40,593,43,51,8,,,,,,,,,,,,,,,22,695
M4/2156B,29/04/2025 00:00:00,10:29:00,41,630,39,30,17,,,,,,,,,,,,,,,26,716
M4/2156B,29/04/2025 00:00:00,10:44:00,42,590,50,37,12,,,,,,,,,,,,,,,22,689
M4/2156B,29/04/2025 00:00:00,10:59:00,43,624,43,29,21,,,,,,,,,,,,,,,21,717
M4/2156B,29/04/2025 00:00:00,11:14:00,44,611,45,40,22,,,,,,,,,,,,,,,24,718
M4/2156B,29/04/2025 00:00:00,11:29:00,45,591,30,28,18,,,,,,,,,,,,,,,24,667
M4/2156B,29/04/2025 00:00:00,11:44:00,46,595,30,25,13,,,,,,,,,,,,,,,23,663
M4/2156B,29/04/2025 00:00:00,11:59:00,47,612,27,35,15,,,,,,,,,,,,,,,26,689
M4/2156B,29/04/2025 00:00:00,12:14:00,48,584,36,29,12,,,,,,,,,,,,,,,30,661
M4/2156B,29/04/2025 00:00:00,12:29:00,49,593,39,31,16,,,,,,,,,,,,,,,31,679
M4/2156B,29/04/2025 00:00:00,12:44:00,50,503,28,23,16,,,,,,,,,,,,,,,30,570
M4/2156B,29/04/2025 00:00:00,12:59:00,51,522,41,30,18,,,,,,,,,,,,,,,31,611
M4/2156B,29/04/2025 00:00:00,13:14:00,52,527,25,28,17,,,,,,,,,,,,,,,32,597
M4/2156B,29/04/2025 00:00:00,13:29:00,53,600,34,22,5,,,,,,,,,,,,,,,31,661
M4/2156B,29/04/2025 00:00:00,13:44:00,54,533,30,23,16,,,,,,,,,,,,,,,31,602
M4/2156B,29/04/2025 00:00:00,13:59:00,55,590,34,31,10,,,,,,,,,,,,,,,30,665
M4/2156B,29/04/2025 00:00:00,14:14:00,56,536,23,19,8,,,,,,,,,,,,,,,32,586
M4/2156B,29/04/2025 00:00:00,14:29:00,57,521,24,18,15,,,,,,,,,,,,,,,26,578
M4/2156B,29/04/2025 00:00:00,14:44:00,58,90,11,13,15,,,,,,,,,,,,,,,3,129
M4/2156B,29/04/2025 00:00:00,14:59:00,59,40,10,2,17,,,,,,,,,,,,,,,3,69
M4/2156B,29/04/2025 00:00:00,15:14:00,60,2,0,0,1,,,,,,,,,,,,,,,1,3
M4/2156B,29/04/2025 00:00:00,15:29:00,61,0,0,0,0,,,,,,,,,,,,,,,0,0
M4/2156B,29/04/2025 00:00:00,15:44:00,62,0,0,0,1,,,,,,,,,,,,,,,0,1
M4/2156B,29/04/2025 00:00:00,15:59:00,63,0,0,0,0,,,,,,,,,,,,,,,0,0
M4/2156B,29/04/2025 00:00:00,16:14:00,64,0,0,0,0,,,,,,,,,,,,,,,0,0
M4/2156B,29/04/2025 00:00:00,16:29:00,65,0,0,0,0,,,,,,,,,,,,,,,0,0
M4/2156B,29/04/2025 00:00:00,16:44:00,66,108,13,18,2,,,,,,,,,,,,,,,4,141
M4/2156B,29/04/2025 00:00:00,16:59:00,67,148,24,15,9,,,,,,,,,,,,,,,4,196
M4/2156B,29/04/2025 00:00:00,17:14:00,68,129,17,15,15,,,,,,,,,,,,,,,4,176
M4/2156B,29/04/2025 00:00:00,17:29:00,69,52,9,10,8,,,,,,,,,,,,,,,6,79
M4/2156B,29/04/2025 00:00:00,17:44:00,70,335,14,6,6,,,,,,,,,,,,,,,11,361
M4/2156B,29/04/2025 00:00:00,17:59:00,71,184,25,16,11,,,,,,,,,,,,,,,6,236
M4/2156B,29/04/2025 00:00:00,18:14:00,72,714,16,6,6,,,,,,,,,,,,,,,27,743
M4/2156B,29/04/2025 00:00:00,18:29:00,73,738,15,4,4,,,,,,,,,,,,,,,28,762
M4/2156B,29/04/2025 00:00:00,18:44:00,74,330,8,3,4,,,,,,,,,,,,,,,27,345
M4/2156B,29/04/2025 00:00:00,18:59:00,75,713,19,10,7,,,,,,,,,,,,,,,25,749
M4/2156B,29/04/2025 00:00:00,19:14:00,76,764,19,6,14,,,,,,,,,,,,,,,21,803
M4/2156B,29/04/2025 00:00:00,19:29:00,77,698,11,10,9,,,,,,,,,,,,,,,27,728
M4/2156B,29/04/2025 00:00:00,19:44:00,78,643,17,10,6,,,,,,,,,,,,,,,23,676
M4/2156B,29/04/2025 00:00:00,19:59:00,79,527,18,7,6,,,,,,,,,,,,,,,32,558
M4/2156B,29/04/2025 00:00:00,20:14:00,80,481,13,8,3,,,,,,,,,,,,,,,32,505
M4/2156B,29/04/2025 00:00:00,20:29:00,81,442,5,7,4,,,,,,,,,,,,,,,32,458
M4/2156B,29/04/2025 00:00:00,20:44:00,82,410,10,6,9,,,,,,,,,,,,,,,32,435
M4/2156B,29/04/2025 00:00:00,20:59:00,83,410,5,15,4,,,,,,,,,,,,,,,33,434
M4/2156B,29/04/2025 00:00:00,21:14:00,84,434,9,5,6,,,,,,,,,,,,,,,32,454
M4/2156B,29/04/2025 00:00:00,21:29:00,85,407,13,9,8,,,,,,,,,,,,,,,32,437
M4/2156B,29/04/2025 00:00:00,21:44:00,86,400,11,8,1,,,,,,,,,,,,,,,32,420
M4/2156B,29/04/2025 00:00:00,21:59:00,87,347,11,4,4,,,,,,,,,,,,,,,33,366
M4/2156B,29/04/2025 00:00:00,22:14:00,88,347,3,12,7,,,,,,,,,,,,,,,33,369
M4/2156B,29/04/2025 00:00:00,22:29:00,89,298,4,5,6,,,,,,,,,,,,,,,34,313
M4/2156B,29/04/2025 00:00:00,22:44:00,90,256,10,3,5,,,,,,,,,,,,,,,33,274
M4/2156B,29/04/2025 00:00:00,22:59:00,91,329,7,3,4,,,,,,,,,,,,,,,33,343
M4/2156B,29/04/2025 00:00:00,23:14:00,92,180,6,9,2,,,,,,,,,,,,,,,34,197
M4/2156B,29/04/2025 00:00:00,23:29:00,93,120,3,3,1,,,,,,,,,,,,,,,35,127
M4/2156B,29/04/2025 00:00:00,23:44:00,94,103,8,1,2,,,,,,,,,,,,,,,36,114
M4/2156B,29/04/2025 00:00:00,23:59:00,95,53,2,1,0,,,,,,,,,,,,,,,35,56
M4/2156B,30/04/2025 00:00:00,00:14:00,0,1,0,0,0,,,,,,,,,,,,,,,41,1
M4/2156B,30/04/2025 00:00:00,00:29:00,1,1,0,0,0,,,,,,,,,,,,,,,20,1
M4/2156B,30/04/2025 00:00:00,00:44:00,2,0,0,0,0,,,,,,,,,,,,,,,0,0
M4/2156B,30/04/2025 00:00:00,00:59:00,3,0,0,0,0,,,,,,,,,,,,,,,0,0
M4/2156B,30/04/2025 00:00:00,01:14:00,4,0,0,0,0,,,,,,,,,,,,,,,0,0
M4/2156B,30/04/2025 00:00:00,01:29:00,5,0,0,0,0,,,,,,,,,,,,,,,0,0
M4/2156B,30/04/2025 00:00:00,01:44:00,6,0,0,0,0,,,,,,,,,,,,,,,0,0
M4/2156B,30/04/2025 00:00:00,01:59:00,7,2,0,0,0,,,,,,,,,,,,,,,4,2
M4/2156B,30/04/2025 00:00:00,02:14:00,8,1,0,0,0,,,,,,,,,,,,,,,4,1
M4/2156B,30/04/2025 00:00:00,02:29:00,9,0,0,1,0,,,,,,,,,,,,,,,8,1
M4/2156B,30/04/2025 00:00:00,02:44:00,10,0,0,0,0,,,,,,,,,,,,,,,0,0
M4/2156B,30/04/2025 00:00:00,02:59:00,11,0,0,0,0,,,,,,,,,,,,,,,0,0
M4/2156B,30/04/2025 00:00:00,03:14:00,12,1,0,0,0,,,,,,,,,,,,,,,42,1
M4/2156B,30/04/2025 00:00:00,03:29:00,13,3,1,1,0,,,,,,,,,,,,,,,38,5
M4/2156B,30/04/2025 00:00:00,03:44:00,14,1,0,0,0,,,,,,,,,,,,,,,39,1
M4/2156B,30/04/2025 00:00:00,03:59:00,15,8,1,0,1,,,,,,,,,,,,,,,36,10
M4/2156B,30/04/2025 00:00:00,04:14:00,16,40,7,6,3,,,,,,,,,,,,,,,36,56
M4/2156B,30/04/2025 00:00:00,04:29:00,17,62,10,15,5,,,,,,,,,,,,,,,35,92
M4/2156B,30/04/2025 00:00:00,04:44:00,18,61,12,10,4,,,,,,,,,,,,,,,37,87
M4/2156B,30/04/2025 00:00:00,04:59:00,19,81,9,14,5,,,,,,,,,,,,,,,35,109
M4/2156B,30/04/2025 00:00:00,05:14:00,20,145,12,14,9,,,,,,,,,,,,,,,35,180
M4/2156B,30/04/2025 00:00:00,05:29:00,21,198,20,25,13,,,,,,,,,,,,,,,34,256
M4/2156B,30/04/2025 00:00:00,05:44:00,22,288,27,27,10,,,,,,,,,,,,,,,34,352
M4/2156B,30/04/2025 00:00:00,05:59:00,23,393,29,38,16,,,,,,,,,,,,,,,33,476
M4/2156B,30/04/2025 00:00:00,06:14:00,24,596,40,45,19,,,,,,,,,,,,,,,27,700
M4/2156B,30/04/2025 00:00:00,06:29:00,25,642,45,59,15,,,,,,,,,,,,,,,21,761
M4/2156B,30/04/2025 00:00:00,06:44:00,26,613,44,44,25,,,,,,,,,,,,,,,20,726
M4/2156B,30/04/2025 00:00:00,06:59:00,27,600,40,45,22,,,,,,,,,,,,,,,19,707
M4/2156B,30/04/2025 00:00:00,07:14:00,28,638,37,49,16,,,,,,,,,,,,,,,22,740
M4/2156B,30/04/2025 00:00:00,07:29:00,29,615,38,50,19,,,,,,,,,,,,,,,21,722
M4/2156B,30/04/2025 00:00:00,07:44:00,30,624,44,40,15,,,,,,,,,,,,,,,22,723
M4/2156B,30/04/2025 00:00:00,07:59:00,31,611,35,32,18,,,,,,,,,,,,,,,20,696
M4/2156B,30/04/2025 00:00:00,08:14:00,32,583,42,38,10,,,,,,,,,,,,,,,21,673
M4/2156B,30/04/2025 00:00:00,08:29:00,33,594,40,40,22,,,,,,,,,,,,,,,19,696
M4/2156B,30/04/2025 00:00:00,08:44:00,34,646,28,41,17,,,,,,,,,,,,,,,22,732
M4/2156B,30/04/2025 00:00:00,08:59:00,35,675,40,33,11,,,,,,,,,,,,,,,21,759
M4/2156B,30/04/2025 00:00:00,09:14:00,36,644,42,35,12,,,,,,,,,,,,,,,21,733
M4/2156B,30/04/2025 00:00:00,09:29:00,37,628,38,45,16,,,,,,,,,,,,,,,20,727
M4/2156B,30/04/2025 00:00:00,09:44:00,38,661,51,35,10,,,,,,,,,,,,,,,23,757
M4/2156B,30/04/2025 00:00:00,09:59:00,39,646,40,26,13,,,,,,,,,,,,,,,20,724
M4/2156B,30/04/2025 00:00:00,10:14:00,40,628,54,40,7,,,,,,,,,,,,,,,20,729
M4/2156B,30/04/2025 00:00:00,10:29:00,41,577,54,48,18,,,,,,,,,,,,,,,21,697
M4/2156B,30/04/2025 00:00:00,10:44:00,42,646,43,34,16,,,,,,,,,,,,,,,22,739
M4/2156B,30/04/2025 00:00:00,10:59:00,43,600,38,34,11,,,,,,,,,,,,,,,18,683
M4/2156B,30/04/2025 00:00:00,11:14:00,44,596,41,32,14,,,,,,,,,,,,,,,25,683
M4/2156B,30/04/2025 00:00:00,11:29:00,45,574,25,35,13,,,,,,,,,,,,,,,25,647
M4/2156B,30/04/2025 00:00:00,11:44:00,46,567,37,30,21,,,,,,,,,,,,,,,22,655
M4/2156B,30/04/2025 00:00:00,11:59:00,47,571,43,29,17,,,,,,,,,,,,,,,25,660
M4/2156B,30/04/2025 00:00:00,12:14:00,48,586,30,35,14,,,,,,,,,,,,,,,25,665
M4/2156B,30/04/2025 00:00:00,12:29:00,49,576,35,35,13,,,,,,,,,,,,,,,29,659
M4/2156B,30/04/2025 00:00:00,12:44:00,50,568,35,27,10,,,,,,,,,,,,,,,29,640
M4/2156B,30/04/2025 00:00:00,12:59:00,51,508,24,22,10,,,,,,,,,,,,,,,30,564
M4/2156B,30/04/2025 00:00:00,13:14:00,52,503,28,20,9,,,,,,,,,,,,,,,31,560
M4/2156B,30/04/2025 00:00:00,13:29:00,53,517,21,23,11,,,,,,,,,,,,,,,31,572
M4/2156B,30/04/2025 00:00:00,13:44:00,54,504,30,16,9,,,,,,,,,,,,,,,31,559
M4/2156B,30/04/2025 00:00:00,13:59:00,55,572,25,22,14,,,,,,,,,,,,,,,30,633
M4/2156B,30/04/2025 00:00:00,14:14:00,56,542,30,18,6,,,,,,,,,,,,,,,32,596
M4/2156B,30/04/2025 00:00:00,14:29:00,57,611,33,20,11,,,,,,,,,,,,,,,29,675
M4/2156B,30/04/2025 00:00:00,14:44:00,58,596,28,23,17,,,,,,,,,,,,,,,30,664
M4/2156B,30/04/2025 00:00:00,14:59:00,59,576,22,19,11,,,,,,,,,,,,,,,30,628
M4/2156B,30/04/2025 00:00:00,15:14:00,60,650,34,24,11,,,,,,,,,,,,,,,29,719
M4/2156B,30/04/2025 00:00:00,15:29:00,61,658,34,16,17,,,,,,,,,,,,,,,25,725
M4/2156B,30/04/2025 00:00:00,15:44:00,62,624,16,22,8,,,,,,,,,,,,,,,30,670
M4/2156B,30/04/2025 00:00:00,15:59:00,63,657,19,11,8,,,,,,,,,,,,,,,30,695
M4/2156B,30/04/2025 00:00:00,16:14:00,64,622,23,20,6,,,,,,,,,,,,,,,29,671
M4/2156B,30/04/2025 00:00:00,16:29:00,65,694,21,16,7,,,,,,,,,,,,,,,27,738
M4/2156B,30/04/2025 00:00:00,16:44:00,66,699,21,14,7,,,,,,,,,,,,,,,21,741
M4/2156B,30/04/2025 00:00:00,16:59:00,67,694,19,11,9,,,,,,,,,,,,,,,24,733
M4/2156B,30/04/2025 00:00:00,17:14:00,68,664,17,11,10,,,,,,,,,,,,,,,20,702
M4/2156B,30/04/2025 00:00:00,17:29:00,69,694,14,17,10,,,,,,,,,,,,,,,22,735
M4/2156B,30/04/2025 00:00:00,17:44:00,70,698,24,20,9,,,,,,,,,,,,,,,22,751
M4/2156B,30/04/2025 00:00:00,17:59:00,71,725,10,10,9,,,,,,,,,,,,,,,19,754
M4/2156B,30/04/2025 00:00:00,18:14:00,72,736,12,8,11,,,,,,,,,,,,,,,21,767
M4/2156B,30/04/2025 00:00:00,18:29:00,73,681,14,10,13,,,,,,,,,,,,,,,19,718
M4/2156B,30/04/2025 00:00:00,18:44:00,74,731,13,8,10,,,,,,,,,,,,,,,24,762
M4/2156B,30/04/2025 00:00:00,18:59:00,75,701,15,8,13,,,,,,,,,,,,,,,20,737
M4/2156B,30/04/2025 00:00:00,19:14:00,76,656,9,12,8,,,,,,,,,,,,,,,21,685
M4/2156B,30/04/2025 00:00:00,19:29:00,77,689,20,9,7,,,,,,,,,,,,,,,25,725
M4/2156B,30/04/2025 00:00:00,19:44:00,78,634,12,10,10,,,,,,,,,,,,,,,26,666
M4/2156B,30/04/2025 00:00:00,19:59:00,79,617,14,11,9,,,,,,,,,,,,,,,30,651
M4/2156B,30/04/2025 00:00:00,20:14:00,80,498,7,7,7,,,,,,,,,,,,,,,31,519
M4/2156B,30/04/2025 00:00:00,20:29:00,81,506,10,8,9,,,,,,,,,,,,,,,30,533
M4/2156B,30/04/2025 00:00:00,20:44:00,82,476,8,11,10,,,,,,,,,,,,,,,31,505
M4/2156B,30/04/2025 00:00:00,20:59:00,83,403,10,5,10,,,,,,,,,,,,,,,32,428
M4/2156B,30/04/2025 00:00:00,21:14:00,84,468,10,13,5,,,,,,,,,,,,,,,31,496
M4/2156B,30/04/2025 00:00:00,21:29:00,85,442,16,7,3,,,,,,,,,,,,,,,32,468
M4/2156B,30/04/2025 00:00:00,21:44:00,86,426,11,5,5,,,,,,,,,,,,,,,32,447
M4/2156B,30/04/2025 00:00:00,21:59:00,87,358,9,4,2,,,,,,,,,,,,,,,32,373
M4/2156B,30/04/2025 00:00:00,22:14:00,88,445,10,12,2,,,,,,,,,,,,,,,30,469
M4/2156B,30/04/2025 00:00:00,22:29:00,89,364,4,4,6,,,,,,,,,,,,,,,31,378
M4/2156B,30/04/2025 00:00:00,22:44:00,90,339,6,5,5,,,,,,,,,,,,,,,33,355
M4/2156B,30/04/2025 00:00:00,22:59:00,91,239,4,3,6,,,,,,,,,,,,,,,33,252
M4/2156B,30/04/2025 00:00:00,23:14:00,92,158,7,0,1,,,,,,,,,,,,,,,34,166
M4/2156B,30/04/2025 00:00:00,23:29:00,93,68,0,1,1,,,,,,,,,,,,,,,35,70
M4/2156B,30/04/2025 00:00:00,23:44:00,94,1,0,0,0,,,,,,,,,,,,,,,33,1
M4/2156B,30/04/2025 00:00:00,23:59:00,95,0,0,0,0,,,,,,,,,,,,,,,0,0
