Site Name,Report Date,Time Period Ending,Time Interval,0 - 520 cm,521  - 660 cm,661 - 1160 cm,1160+ cm,0 - 10 mph,11 - 15 mph,16 - 20 mph,21 - 25 mph,26 - 30 mph,31 - 35 mph,36 - 40 mph,41 - 45 mph,46 - 50 mph,51 - 55 mph,56 - 60 mph,61 - 70 mph,71 - 80 mph,80+ mph,Avg mph,Total Volume
M1/2114A,02/04/2025 00:00:00,00:14:00,0,21,1,0,2,,,,,,,,,,,,,,,53,24
M1/2114A,02/04/2025 00:00:00,00:29:00,1,11,2,0,3,,,,,,,,,,,,,,,53,16
M1/2114A,02/04/2025 00:00:00,00:44:00,2,22,1,1,6,,,,,,,,,,,,,,,51,30
M1/2114A,02/04/2025 00:00:00,00:59:00,3,20,5,0,3,,,,,,,,,,,,,,,50,28
M1/2114A,02/04/2025 00:00:00,01:14:00,4,24,2,0,1,,,,,,,,,,,,,,,49,27
M1/2114A,02/04/2025 00:00:00,01:29:00,5,20,3,1,1,,,,,,,,,,,,,,,53,25
M1/2114A,02/04/2025 00:00:00,01:44:00,6,17,0,1,1,,,,,,,,,,,,,,,47,19
M1/2114A,02/04/2025 00:00:00,01:59:00,7,11,4,0,1,,,,,,,,,,,,,,,53,16
M1/2114A,02/04/2025 00:00:00,02:14:00,8,8,5,4,2,,,,,,,,,,,,,,,47,19
M1/2114A,02/04/2025 00:00:00,02:29:00,9,13,2,0,3,,,,,,,,,,,,,,,51,18
M1/2114A,02/04/2025 00:00:00,02:44:00,10,7,1,2,1,,,,,,,,,,,,,,,54,11
M1/2114A,02/04/2025 00:00:00,02:59:00,11,6,2,3,1,,,,,,,,,,,,,,,49,12
M1/2114A,02/04/2025 00:00:00,03:14:00,12,18,2,1,1,,,,,,,,,,,,,,,50,22
M1/2114A,02/04/2025 00:00:00,03:29:00,13,12,3,3,2,,,,,,,,,,,,,,,52,20
M1/2114A,02/04/2025 00:00:00,03:44:00,14,16,5,0,1,,,,,,,,,,,,,,,52,22
M1/2114A,02/04/2025 00:00:00,03:59:00,15,16,2,0,6,,,,,,,,,,,,,,,50,24
M1/2114A,02/04/2025 00:00:00,04:14:00,16,25,1,0,1,,,,,,,,,,,,,,,51,27
M1/2114A,02/04/2025 00:00:00,04:29:00,17,13,3,0,1,,,,,,,,,,,,,,,54,17
M1/2114A,02/04/2025 00:00:00,04:44:00,18,9,0,0,3,,,,,,,,,,,,,,,48,12
M1/2114A,02/04/2025 00:00:00,04:59:00,19,19,2,3,3,,,,,,,,,,,,,,,51,27
M1/2114A,02/04/2025 00:00:00,05:14:00,20,24,1,1,1,,,,,,,,,,,,,,,53,27
M1/2114A,02/04/2025 00:00:00,05:29:00,21,19,3,0,2,,,,,,,,,,,,,,,54,24
M1/2114A,02/04/2025 00:00:00,05:44:00,22,24,2,4,1,,,,,,,,,,,,,,,52,31
M1/2114A,02/04/2025 00:00:00,05:59:00,23,19,3,1,4,,,,,,,,,,,,,,,49,27
M1/2114A,02/04/2025 00:00:00,06:14:00,24,19,2,1,4,,,,,,,,,,,,,,,53,26
M1/2114A,02/04/2025 00:00:00,06:29:00,25,29,2,1,2,,,,,,,,,,,,,,,54,34
M1/2114A,02/04/2025 00:00:00,06:44:00,26,38,0,3,3,,,,,,,,,,,,,,,54,44
M1/2114A,02/04/2025 00:00:00,06:59:00,27,35,5,1,5,,,,,,,,,,,,,,,53,46
M1/2114A,02/04/2025 00:00:00,07:14:00,28,48,6,1,3,,,,,,,,,,,,,,,53,58
M1/2114A,02/04/2025 00:00:00,07:29:00,29,59,11,3,4,,,,,,,,,,,,,,,52,77
M1/2114A,02/04/2025 00:00:00,07:44:00,30,69,7,1,6,,,,,,,,,,,,,,,55,83
M1/2114A,02/04/2025 00:00:00,07:59:00,31,67,5,3,3,,,,,,,,,,,,,,,56,78
M1/2114A,02/04/2025 00:00:00,08:14:00,32,59,11,5,4,,,,,,,,,,,,,,,54,79
M1/2114A,02/04/2025 00:00:00,08:29:00,33,64,12,3,6,,,,,,,,,,,,,,,56,86
M1/2114A,02/04/2025 00:00:00,08:44:00,34,67,4,8,4,,,,,,,,,,,,,,,56,83
M1/2114A,02/04/2025 00:00:00,08:59:00,35,65,6,5,5,,,,,,,,,,,,,,,52,83
M1/2114A,02/04/2025 00:00:00,09:14:00,36,50,8,9,4,,,,,,,,,,,,,,,52,71
M1/2114A,02/04/2025 00:00:00,09:29:00,37,53,6,3,8,,,,,,,,,,,,,,,55,70
M1/2114A,02/04/2025 00:00:00,09:44:00,38,42,11,8,6,,,,,,,,,,,,,,,53,67
M1/2114A,02/04/2025 00:00:00,09:59:00,39,44,11,5,4,,,,,,,,,,,,,,,53,64
M1/2114A,02/04/2025 00:00:00,10:14:00,40,38,12,6,8,,,,,,,,,,,,,,,52,64
M1/2114A,02/04/2025 00:00:00,10:29:00,41,53,7,7,5,,,,,,,,,,,,,,,54,72
M1/2114A,02/04/2025 00:00:00,10:44:00,42,62,12,9,5,,,,,,,,,,,,,,,52,88
M1/2114A,02/04/2025 00:00:00,10:59:00,43,44,11,4,9,,,,,,,,,,,,,,,53,68
M1/2114A,02/04/2025 00:00:00,11:14:00,44,47,12,8,3,,,,,,,,,,,,,,,52,70
M1/2114A,02/04/2025 00:00:00,11:29:00,45,65,24,10,6,,,,,,,,,,,,,,,51,105
M1/2114A,02/04/2025 00:00:00,11:44:00,46,71,21,9,4,,,,,,,,,,,,,,,51,105
M1/2114A,02/04/2025 00:00:00,11:59:00,47,70,15,13,6,,,,,,,,,,,,,,,52,104
M1/2114A,02/04/2025 00:00:00,12:14:00,48,69,8,8,3,,,,,,,,,,,,,,,52,88
M1/2114A,02/04/2025 00:00:00,12:29:00,49,73,18,8,3,,,,,,,,,,,,,,,52,102
M1/2114A,02/04/2025 00:00:00,12:44:00,50,54,14,7,8,,,,,,,,,,,,,,,53,83
M1/2114A,02/04/2025 00:00:00,12:59:00,51,82,18,9,13,,,,,,,,,,,,,,,52,122
M1/2114A,02/04/2025 00:00:00,13:14:00,52,105,19,10,8,,,,,,,,,,,,,,,53,141
M1/2114A,02/04/2025 00:00:00,13:29:00,53,81,29,9,7,,,,,,,,,,,,,,,54,126
M1/2114A,02/04/2025 00:00:00,13:44:00,54,74,20,11,8,,,,,,,,,,,,,,,53,113
M1/2114A,02/04/2025 00:00:00,13:59:00,55,119,28,7,2,,,,,,,,,,,,,,,53,156
M1/2114A,02/04/2025 00:00:00,14:14:00,56,96,24,4,7,,,,,,,,,,,,,,,53,131
M1/2114A,02/04/2025 00:00:00,14:29:00,57,117,20,9,3,,,,,,,,,,,,,,,54,149
M1/2114A,02/04/2025 00:00:00,14:44:00,58,96,28,10,6,,,,,,,,,,,,,,,54,140
M1/2114A,02/04/2025 00:00:00,14:59:00,59,128,33,16,8,,,,,,,,,,,,,,,54,184
M1/2114A,02/04/2025 00:00:00,15:14:00,60,146,27,10,4,,,,,,,,,,,,,,,53,187
M1/2114A,02/04/2025 00:00:00,15:29:00,61,151,40,16,7,,,,,,,,,,,,,,,53,214
M1/2114A,02/04/2025 00:00:00,15:44:00,62,152,28,15,11,,,,,,,,,,,,,,,54,206
M1/2114A,02/04/2025 00:00:00,15:59:00,63,167,38,14,6,,,,,,,,,,,,,,,52,225
M1/2114A,02/04/2025 00:00:00,16:14:00,64,183,36,4,6,,,,,,,,,,,,,,,53,229
M1/2114A,02/04/2025 00:00:00,16:29:00,65,198,38,11,12,,,,,,,,,,,,,,,55,258
M1/2114A,02/04/2025 00:00:00,16:44:00,66,201,28,12,7,,,,,,,,,,,,,,,54,248
M1/2114A,02/04/2025 00:00:00,16:59:00,67,194,40,11,8,,,,,,,,,,,,,,,52,253
M1/2114A,02/04/2025 00:00:00,17:14:00,68,201,31,5,11,,,,,,,,,,,,,,,55,248
M1/2114A,02/04/2025 00:00:00,17:29:00,69,190,24,4,6,,,,,,,,,,,,,,,54,224
M1/2114A,02/04/2025 00:00:00,17:44:00,70,200,37,5,5,,,,,,,,,,,,,,,56,247
M1/2114A,02/04/2025 00:00:00,17:59:00,71,197,25,6,6,,,,,,,,,,,,,,,54,235
M1/2114A,02/04/2025 00:00:00,18:14:00,72,151,15,1,3,,,,,,,,,,,,,,,55,170
M1/2114A,02/04/2025 00:00:00,18:29:00,73,136,20,0,9,,,,,,,,,,,,,,,54,165
M1/2114A,02/04/2025 00:00:00,18:44:00,74,128,13,1,6,,,,,,,,,,,,,,,55,148
M1/2114A,02/04/2025 00:00:00,18:59:00,75,134,12,5,5,,,,,,,,,,,,,,,54,156
M1/2114A,02/04/2025 00:00:00,19:14:00,76,119,11,1,4,,,,,,,,,,,,,,,55,135
M1/2114A,02/04/2025 00:00:00,19:29:00,77,98,10,1,2,,,,,,,,,,,,,,,53,110
M1/2114A,02/04/2025 00:00:00,19:44:00,78,79,12,2,6,,,,,,,,,,,,,,,55,99
M1/2114A,02/04/2025 00:00:00,19:59:00,79,66,8,0,7,,,,,,,,,,,,,,,54,81
M1/2114A,02/04/2025 00:00:00,20:14:00,80,83,3,0,5,,,,,,,,,,,,,,,54,91
M1/2114A,02/04/2025 00:00:00,20:29:00,81,60,8,2,3,,,,,,,,,,,,,,,54,73
M1/2114A,02/04/2025 00:00:00,20:44:00,82,59,4,3,4,,,,,,,,,,,,,,,52,71
M1/2114A,02/04/2025 00:00:00,20:59:00,83,57,8,1,5,,,,,,,,,,,,,,,52,71
M1/2114A,02/04/2025 00:00:00,21:14:00,84,62,3,2,4,,,,,,,,,,,,,,,56,71
M1/2114A,02/04/2025 00:00:00,21:29:00,85,51,5,0,3,,,,,,,,,,,,,,,54,59
M1/2114A,02/04/2025 00:00:00,21:44:00,86,47,5,3,1,,,,,,,,,,,,,,,55,56
M1/2114A,02/04/2025 00:00:00,21:59:00,87,47,4,5,3,,,,,,,,,,,,,,,52,59
M1/2114A,02/04/2025 00:00:00,22:14:00,88,49,10,1,5,,,,,,,,,,,,,,,50,65
M1/2114A,02/04/2025 00:00:00,22:29:00,89,44,6,3,2,,,,,,,,,,,,,,,53,55
M1/2114A,02/04/2025 00:00:00,22:44:00,90,58,4,5,5,,,,,,,,,,,,,,,51,72
M1/2114A,02/04/2025 00:00:00,22:59:00,91,63,10,1,4,,,,,,,,,,,,,,,52,78
M1/2114A,02/04/2025 00:00:00,23:14:00,92,59,3,0,1,,,,,,,,,,,,,,,53,63
M1/2114A,02/04/2025 00:00:00,23:29:00,93,33,2,1,3,,,,,,,,,,,,,,,54,39
M1/2114A,02/04/2025 00:00:00,23:44:00,94,29,2,1,1,,,,,,,,,,,,,,,54,33
M1/2114A,02/04/2025 00:00:00,23:59:00,95,33,3,1,6,,,,,,,,,,,,,,,51,43
M1/2114A,03/04/2025 00:00:00,00:14:00,0,30,1,0,1,,,,,,,,,,,,,,,53,32
M1/2114A,03/04/2025 00:00:00,00:29:00,1,15,6,1,2,,,,,,,,,,,,,,,50,24
M1/2114A,03/04/2025 00:00:00,00:44:00,2,15,0,2,6,,,,,,,,,,,,,,,47,23
M1/2114A,03/04/2025 00:00:00,00:59:00,3,25,4,2,5,,,,,,,,,,,,,,,53,36
M1/2114A,03/04/2025 00:00:00,01:14:00,4,14,2,2,2,,,,,,,,,,,,,,,48,20
M1/2114A,03/04/2025 00:00:00,01:29:00,5,13,3,0,2,,,,,,,,,,,,,,,52,18
M1/2114A,03/04/2025 00:00:00,01:44:00,6,10,2,1,1,,,,,,,,,,,,,,,50,14
M1/2114A,03/04/2025 00:00:00,01:59:00,7,13,3,0,1,,,,,,,,,,,,,,,50,17
M1/2114A,03/04/2025 00:00:00,02:14:00,8,10,1,2,2,,,,,,,,,,,,,,,49,15
M1/2114A,03/04/2025 00:00:00,02:29:00,9,18,0,1,3,,,,,,,,,,,,,,,55,22
M1/2114A,03/04/2025 00:00:00,02:44:00,10,11,1,1,2,,,,,,,,,,,,,,,50,15
M1/2114A,03/04/2025 00:00:00,02:59:00,11,9,3,2,2,,,,,,,,,,,,,,,47,16
M1/2114A,03/04/2025 00:00:00,03:14:00,12,15,0,2,3,,,,,,,,,,,,,,,50,20
M1/2114A,03/04/2025 00:00:00,03:29:00,13,10,2,1,1,,,,,,,,,,,,,,,51,14
M1/2114A,03/04/2025 00:00:00,03:44:00,14,22,0,0,2,,,,,,,,,,,,,,,52,24
M1/2114A,03/04/2025 00:00:00,03:59:00,15,13,3,0,4,,,,,,,,,,,,,,,52,20
M1/2114A,03/04/2025 00:00:00,04:14:00,16,18,3,0,2,,,,,,,,,,,,,,,50,23
M1/2114A,03/04/2025 00:00:00,04:29:00,17,16,4,3,2,,,,,,,,,,,,,,,51,25
M1/2114A,03/04/2025 00:00:00,04:44:00,18,21,5,1,3,,,,,,,,,,,,,,,50,30
M1/2114A,03/04/2025 00:00:00,04:59:00,19,8,0,1,2,,,,,,,,,,,,,,,51,11
M1/2114A,03/04/2025 00:00:00,05:14:00,20,7,4,2,3,,,,,,,,,,,,,,,50,16
M1/2114A,03/04/2025 00:00:00,05:29:00,21,16,3,2,1,,,,,,,,,,,,,,,54,22
M1/2114A,03/04/2025 00:00:00,05:44:00,22,18,2,1,1,,,,,,,,,,,,,,,54,22
M1/2114A,03/04/2025 00:00:00,05:59:00,23,24,1,1,5,,,,,,,,,,,,,,,54,31
M1/2114A,03/04/2025 00:00:00,06:14:00,24,17,2,0,4,,,,,,,,,,,,,,,51,23
M1/2114A,03/04/2025 00:00:00,06:29:00,25,30,3,4,3,,,,,,,,,,,,,,,53,40
M1/2114A,03/04/2025 00:00:00,06:44:00,26,32,3,4,2,,,,,,,,,,,,,,,54,41
M1/2114A,03/04/2025 00:00:00,06:59:00,27,37,3,4,5,,,,,,,,,,,,,,,52,49
M1/2114A,03/04/2025 00:00:00,07:14:00,28,50,4,0,2,,,,,,,,,,,,,,,57,57
M1/2114A,03/04/2025 00:00:00,07:29:00,29,64,9,3,4,,,,,,,,,,,,,,,53,80
M1/2114A,03/04/2025 00:00:00,07:44:00,30,55,4,4,7,,,,,,,,,,,,,,,52,70
M1/2114A,03/04/2025 00:00:00,07:59:00,31,51,4,6,3,,,,,,,,,,,,,,,54,64
M1/2114A,03/04/2025 00:00:00,08:14:00,32,58,1,3,4,,,,,,,,,,,,,,,55,66
M1/2114A,03/04/2025 00:00:00,08:29:00,33,60,4,5,4,,,,,,,,,,,,,,,54,73
M1/2114A,03/04/2025 00:00:00,08:44:00,34,53,12,6,7,,,,,,,,,,,,,,,54,78
M1/2114A,03/04/2025 00:00:00,08:59:00,35,58,9,12,6,,,,,,,,,,,,,,,54,85
M1/2114A,03/04/2025 00:00:00,09:14:00,36,51,6,4,1,,,,,,,,,,,,,,,54,63
M1/2114A,03/04/2025 00:00:00,09:29:00,37,48,9,6,5,,,,,,,,,,,,,,,52,69
M1/2114A,03/04/2025 00:00:00,09:44:00,38,46,9,7,6,,,,,,,,,,,,,,,51,68
M1/2114A,03/04/2025 00:00:00,09:59:00,39,44,12,6,8,,,,,,,,,,,,,,,52,70
M1/2114A,03/04/2025 00:00:00,10:14:00,40,49,12,6,6,,,,,,,,,,,,,,,49,73
M1/2114A,03/04/2025 00:00:00,10:29:00,41,63,10,6,5,,,,,,,,,,,,,,,52,84
M1/2114A,03/04/2025 00:00:00,10:44:00,42,54,12,9,6,,,,,,,,,,,,,,,50,81
M1/2114A,03/04/2025 00:00:00,10:59:00,43,60,8,10,6,,,,,,,,,,,,,,,52,84
M1/2114A,03/04/2025 00:00:00,11:14:00,44,64,14,7,3,,,,,,,,,,,,,,,52,88
M1/2114A,03/04/2025 00:00:00,11:29:00,45,61,12,9,8,,,,,,,,,,,,,,,53,90
M1/2114A,03/04/2025 00:00:00,11:44:00,46,69,9,9,3,,,,,,,,,,,,,,,53,90
M1/2114A,03/04/2025 00:00:00,11:59:00,47,57,15,6,5,,,,,,,,,,,,,,,52,83
M1/2114A,03/04/2025 00:00:00,12:14:00,48,66,15,14,4,,,,,,,,,,,,,,,54,99
M1/2114A,03/04/2025 00:00:00,12:29:00,49,84,11,10,6,,,,,,,,,,,,,,,53,110
M1/2114A,03/04/2025 00:00:00,12:44:00,50,74,25,12,7,,,,,,,,,,,,,,,53,118
M1/2114A,03/04/2025 00:00:00,12:59:00,51,71,13,13,6,,,,,,,,,,,,,,,54,103
M1/2114A,03/04/2025 00:00:00,13:14:00,52,103,23,9,9,,,,,,,,,,,,,,,52,144
M1/2114A,03/04/2025 00:00:00,13:29:00,53,84,27,13,4,,,,,,,,,,,,,,,51,128
M1/2114A,03/04/2025 00:00:00,13:44:00,54,94,24,9,9,,,,,,,,,,,,,,,52,135
M1/2114A,03/04/2025 00:00:00,13:59:00,55,97,27,14,1,,,,,,,,,,,,,,,53,139
M1/2114A,03/04/2025 00:00:00,14:14:00,56,105,29,8,8,,,,,,,,,,,,,,,53,149
M1/2114A,03/04/2025 00:00:00,14:29:00,57,114,19,8,6,,,,,,,,,,,,,,,53,147
M1/2114A,03/04/2025 00:00:00,14:44:00,58,125,20,14,5,,,,,,,,,,,,,,,53,164
M1/2114A,03/04/2025 00:00:00,14:59:00,59,136,25,8,2,,,,,,,,,,,,,,,54,171
M1/2114A,03/04/2025 00:00:00,15:14:00,60,111,22,14,5,,,,,,,,,,,,,,,54,152
M1/2114A,03/04/2025 00:00:00,15:29:00,61,149,35,8,8,,,,,,,,,,,,,,,54,199
M1/2114A,03/04/2025 00:00:00,15:44:00,62,159,35,19,5,,,,,,,,,,,,,,,52,218
M1/2114A,03/04/2025 00:00:00,15:59:00,63,194,33,12,9,,,,,,,,,,,,,,,53,248
M1/2114A,03/04/2025 00:00:00,16:14:00,64,191,33,5,9,,,,,,,,,,,,,,,54,238
M1/2114A,03/04/2025 00:00:00,16:29:00,65,167,38,4,3,,,,,,,,,,,,,,,52,212
M1/2114A,03/04/2025 00:00:00,16:44:00,66,174,33,8,7,,,,,,,,,,,,,,,53,222
M1/2114A,03/04/2025 00:00:00,16:59:00,67,167,47,10,5,,,,,,,,,,,,,,,53,229
M1/2114A,03/04/2025 00:00:00,17:14:00,68,198,39,8,9,,,,,,,,,,,,,,,55,254
M1/2114A,03/04/2025 00:00:00,17:29:00,69,178,35,5,9,,,,,,,,,,,,,,,52,227
M1/2114A,03/04/2025 00:00:00,17:44:00,70,196,29,1,4,,,,,,,,,,,,,,,54,230
M1/2114A,03/04/2025 00:00:00,17:59:00,71,113,20,5,2,,,,,,,,,,,,,,,53,140
M1/2114A,03/04/2025 00:00:00,18:14:00,72,184,21,5,8,,,,,,,,,,,,,,,52,218
M1/2114A,03/04/2025 00:00:00,18:29:00,73,183,17,9,13,,,,,,,,,,,,,,,53,222
M1/2114A,03/04/2025 00:00:00,18:44:00,74,166,13,4,6,,,,,,,,,,,,,,,55,189
M1/2114A,03/04/2025 00:00:00,18:59:00,75,123,16,6,6,,,,,,,,,,,,,,,53,151
M1/2114A,03/04/2025 00:00:00,19:14:00,76,113,7,2,5,,,,,,,,,,,,,,,55,127
M1/2114A,03/04/2025 00:00:00,19:29:00,77,90,12,3,3,,,,,,,,,,,,,,,56,108
M1/2114A,03/04/2025 00:00:00,19:44:00,78,85,12,2,3,,,,,,,,,,,,,,,54,102
M1/2114A,03/04/2025 00:00:00,19:59:00,79,65,10,1,9,,,,,,,,,,,,,,,53,85
M1/2114A,03/04/2025 00:00:00,20:14:00,80,65,8,0,5,,,,,,,,,,,,,,,53,78
M1/2114A,03/04/2025 00:00:00,20:29:00,81,94,6,0,7,,,,,,,,,,,,,,,52,107
M1/2114A,03/04/2025 00:00:00,20:44:00,82,71,9,1,1,,,,,,,,,,,,,,,51,81
M1/2114A,03/04/2025 00:00:00,20:59:00,83,67,6,2,5,,,,,,,,,,,,,,,51,80
M1/2114A,03/04/2025 00:00:00,21:14:00,84,67,7,1,6,,,,,,,,,,,,,,,53,81
M1/2114A,03/04/2025 00:00:00,21:29:00,85,56,6,1,3,,,,,,,,,,,,,,,53,66
M1/2114A,03/04/2025 00:00:00,21:44:00,86,55,7,2,2,,,,,,,,,,,,,,,50,66
M1/2114A,03/04/2025 00:00:00,21:59:00,87,55,9,4,6,,,,,,,,,,,,,,,54,74
M1/2114A,03/04/2025 00:00:00,22:14:00,88,62,6,1,2,,,,,,,,,,,,,,,53,71
M1/2114A,03/04/2025 00:00:00,22:29:00,89,53,2,2,4,,,,,,,,,,,,,,,54,61
M1/2114A,03/04/2025 00:00:00,22:44:00,90,52,8,2,2,,,,,,,,,,,,,,,55,64
M1/2114A,03/04/2025 00:00:00,22:59:00,91,65,3,4,3,,,,,,,,,,,,,,,54,75
M1/2114A,03/04/2025 00:00:00,23:14:00,92,69,2,0,2,,,,,,,,,,,,,,,53,73
M1/2114A,03/04/2025 00:00:00,23:29:00,93,59,4,2,3,,,,,,,,,,,,,,,53,68
M1/2114A,03/04/2025 00:00:00,23:44:00,94,43,3,1,1,,,,,,,,,,,,,,,51,48
M1/2114A,03/04/2025 00:00:00,23:59:00,95,37,5,1,4,,,,,,,,,,,,,,,51,47
M1/2114A,04/04/2025 00:00:00,00:14:00,0,29,3,3,3,,,,,,,,,,,,,,,50,38
M1/2114A,04/04/2025 00:00:00,00:29:00,1,22,3,2,5,,,,,,,,,,,,,,,50,32
M1/2114A,04/04/2025 00:00:00,00:44:00,2,36,4,1,1,,,,,,,,,,,,,,,53,42
M1/2114A,04/04/2025 00:00:00,00:59:00,3,18,0,2,5,,,,,,,,,,,,,,,50,25
M1/2114A,04/04/2025 00:00:00,01:14:00,4,22,2,0,1,,,,,,,,,,,,,,,51,25
M1/2114A,04/04/2025 00:00:00,01:29:00,5,22,1,1,2,,,,,,,,,,,,,,,53,26
M1/2114A,04/04/2025 00:00:00,01:44:00,6,25,4,1,3,,,,,,,,,,,,,,,53,33
M1/2114A,04/04/2025 00:00:00,01:59:00,7,10,0,3,3,,,,,,,,,,,,,,,53,16
M1/2114A,04/04/2025 00:00:00,02:14:00,8,12,1,2,0,,,,,,,,,,,,,,,46,15
M1/2114A,04/04/2025 00:00:00,02:29:00,9,12,3,1,3,,,,,,,,,,,,,,,49,19
M1/2114A,04/04/2025 00:00:00,02:44:00,10,8,1,2,0,,,,,,,,,,,,,,,54,11
M1/2114A,04/04/2025 00:00:00,02:59:00,11,13,0,0,2,,,,,,,,,,,,,,,52,15
M1/2114A,04/04/2025 00:00:00,03:14:00,12,14,3,2,3,,,,,,,,,,,,,,,50,22
M1/2114A,04/04/2025 00:00:00,03:29:00,13,21,4,3,3,,,,,,,,,,,,,,,52,31
M1/2114A,04/04/2025 00:00:00,03:44:00,14,24,1,1,3,,,,,,,,,,,,,,,50,29
M1/2114A,04/04/2025 00:00:00,03:59:00,15,21,1,1,2,,,,,,,,,,,,,,,51,25
M1/2114A,04/04/2025 00:00:00,04:14:00,16,19,1,0,3,,,,,,,,,,,,,,,50,23
M1/2114A,04/04/2025 00:00:00,04:29:00,17,23,0,0,1,,,,,,,,,,,,,,,54,24
M1/2114A,04/04/2025 00:00:00,04:44:00,18,15,3,1,4,,,,,,,,,,,,,,,50,23
M1/2114A,04/04/2025 00:00:00,04:59:00,19,19,1,1,2,,,,,,,,,,,,,,,52,23
M1/2114A,04/04/2025 00:00:00,05:14:00,20,19,2,1,2,,,,,,,,,,,,,,,50,24
M1/2114A,04/04/2025 00:00:00,05:29:00,21,14,4,3,2,,,,,,,,,,,,,,,50,23
M1/2114A,04/04/2025 00:00:00,05:44:00,22,19,3,3,0,,,,,,,,,,,,,,,56,25
M1/2114A,04/04/2025 00:00:00,05:59:00,23,22,1,3,5,,,,,,,,,,,,,,,52,31
M1/2114A,04/04/2025 00:00:00,06:14:00,24,18,2,1,4,,,,,,,,,,,,,,,53,25
M1/2114A,04/04/2025 00:00:00,06:29:00,25,32,3,0,3,,,,,,,,,,,,,,,53,38
M1/2114A,04/04/2025 00:00:00,06:44:00,26,41,0,2,3,,,,,,,,,,,,,,,55,46
M1/2114A,04/04/2025 00:00:00,06:59:00,27,39,7,3,6,,,,,,,,,,,,,,,51,55
M1/2114A,04/04/2025 00:00:00,07:14:00,28,33,5,1,1,,,,,,,,,,,,,,,58,40
M1/2114A,04/04/2025 00:00:00,07:29:00,29,48,12,2,5,,,,,,,,,,,,,,,53,67
M1/2114A,04/04/2025 00:00:00,07:44:00,30,51,6,3,4,,,,,,,,,,,,,,,54,64
M1/2114A,04/04/2025 00:00:00,07:59:00,31,40,10,1,4,,,,,,,,,,,,,,,53,55
M1/2114A,04/04/2025 00:00:00,08:14:00,32,50,0,6,3,,,,,,,,,,,,,,,54,59
M1/2114A,04/04/2025 00:00:00,08:29:00,33,66,8,7,4,,,,,,,,,,,,,,,53,85
M1/2114A,04/04/2025 00:00:00,08:44:00,34,49,13,3,3,,,,,,,,,,,,,,,53,68
M1/2114A,04/04/2025 00:00:00,08:59:00,35,49,15,9,7,,,,,,,,,,,,,,,52,80
M1/2114A,04/04/2025 00:00:00,09:14:00,36,55,16,9,3,,,,,,,,,,,,,,,54,83
M1/2114A,04/04/2025 00:00:00,09:29:00,37,54,17,9,3,,,,,,,,,,,,,,,51,83
M1/2114A,04/04/2025 00:00:00,09:44:00,38,53,18,12,8,,,,,,,,,,,,,,,50,91
M1/2114A,04/04/2025 00:00:00,09:59:00,39,48,10,12,11,,,,,,,,,,,,,,,52,81
M1/2114A,04/04/2025 00:00:00,10:14:00,40,54,8,6,6,,,,,,,,,,,,,,,53,74
M1/2114A,04/04/2025 00:00:00,10:29:00,41,69,15,13,9,,,,,,,,,,,,,,,53,106
M1/2114A,04/04/2025 00:00:00,10:44:00,42,53,14,3,4,,,,,,,,,,,,,,,52,74
M1/2114A,04/04/2025 00:00:00,10:59:00,43,65,18,5,12,,,,,,,,,,,,,,,52,100
M1/2114A,04/04/2025 00:00:00,11:14:00,44,67,18,13,5,,,,,,,,,,,,,,,52,103
M1/2114A,04/04/2025 00:00:00,11:29:00,45,72,22,14,7,,,,,,,,,,,,,,,51,115
M1/2114A,04/04/2025 00:00:00,11:44:00,46,79,14,9,6,,,,,,,,,,,,,,,53,108
M1/2114A,04/04/2025 00:00:00,11:59:00,47,88,23,7,6,,,,,,,,,,,,,,,52,124
M1/2114A,04/04/2025 00:00:00,12:14:00,48,78,26,14,5,,,,,,,,,,,,,,,53,123
M1/2114A,04/04/2025 00:00:00,12:29:00,49,103,25,11,5,,,,,,,,,,,,,,,53,144
M1/2114A,04/04/2025 00:00:00,12:44:00,50,110,19,3,8,,,,,,,,,,,,,,,53,140
M1/2114A,04/04/2025 00:00:00,12:59:00,51,75,14,11,8,,,,,,,,,,,,,,,54,107
M1/2114A,04/04/2025 00:00:00,13:14:00,52,84,19,13,7,,,,,,,,,,,,,,,53,123
M1/2114A,04/04/2025 00:00:00,13:29:00,53,119,20,10,1,,,,,,,,,,,,,,,53,150
M1/2114A,04/04/2025 00:00:00,13:44:00,54,151,28,12,7,,,,,,,,,,,,,,,53,198
M1/2114A,04/04/2025 00:00:00,13:59:00,55,127,28,9,8,,,,,,,,,,,,,,,53,172
M1/2114A,04/04/2025 00:00:00,14:14:00,56,106,22,9,8,,,,,,,,,,,,,,,53,145
M1/2114A,04/04/2025 00:00:00,14:29:00,57,107,22,10,6,,,,,,,,,,,,,,,54,145
M1/2114A,04/04/2025 00:00:00,14:44:00,58,114,33,9,6,,,,,,,,,,,,,,,55,162
M1/2114A,04/04/2025 00:00:00,14:59:00,59,149,25,10,4,,,,,,,,,,,,,,,52,188
M1/2114A,04/04/2025 00:00:00,15:14:00,60,158,22,12,7,,,,,,,,,,,,,,,54,199
M1/2114A,04/04/2025 00:00:00,15:29:00,61,184,40,11,5,,,,,,,,,,,,,,,52,240
M1/2114A,04/04/2025 00:00:00,15:44:00,62,173,32,12,9,,,,,,,,,,,,,,,53,226
M1/2114A,04/04/2025 00:00:00,15:59:00,63,174,23,13,7,,,,,,,,,,,,,,,53,217
M1/2114A,04/04/2025 00:00:00,16:14:00,64,170,37,10,3,,,,,,,,,,,,,,,55,220
M1/2114A,04/04/2025 00:00:00,16:29:00,65,152,37,8,5,,,,,,,,,,,,,,,53,202
M1/2114A,04/04/2025 00:00:00,16:44:00,66,161,24,13,13,,,,,,,,,,,,,,,52,210
M1/2114A,04/04/2025 00:00:00,16:59:00,67,159,25,8,7,,,,,,,,,,,,,,,53,199
M1/2114A,04/04/2025 00:00:00,17:14:00,68,167,19,7,7,,,,,,,,,,,,,,,50,200
M1/2114A,04/04/2025 00:00:00,17:29:00,69,158,26,5,6,,,,,,,,,,,,,,,53,195
M1/2114A,04/04/2025 00:00:00,17:44:00,70,195,25,6,2,,,,,,,,,,,,,,,53,228
M1/2114A,04/04/2025 00:00:00,17:59:00,71,150,21,6,10,,,,,,,,,,,,,,,53,187
M1/2114A,04/04/2025 00:00:00,18:14:00,72,175,12,4,2,,,,,,,,,,,,,,,52,193
M1/2114A,04/04/2025 00:00:00,18:29:00,73,132,15,5,5,,,,,,,,,,,,,,,54,157
M1/2114A,04/04/2025 00:00:00,18:44:00,74,128,13,6,8,,,,,,,,,,,,,,,54,155
M1/2114A,04/04/2025 00:00:00,18:59:00,75,104,14,1,5,,,,,,,,,,,,,,,55,124
M1/2114A,04/04/2025 00:00:00,19:14:00,76,98,10,1,2,,,,,,,,,,,,,,,54,111
M1/2114A,04/04/2025 00:00:00,19:29:00,77,99,11,4,6,,,,,,,,,,,,,,,50,120
M1/2114A,04/04/2025 00:00:00,19:44:00,78,62,5,2,5,,,,,,,,,,,,,,,53,74
M1/2114A,04/04/2025 00:00:00,19:59:00,79,70,9,2,5,,,,,,,,,,,,,,,54,86
M1/2114A,04/04/2025 00:00:00,20:14:00,80,81,5,2,8,,,,,,,,,,,,,,,53,96
M1/2114A,04/04/2025 00:00:00,20:29:00,81,57,3,0,9,,,,,,,,,,,,,,,51,69
M1/2114A,04/04/2025 00:00:00,20:44:00,82,51,8,1,3,,,,,,,,,,,,,,,49,63
M1/2114A,04/04/2025 00:00:00,20:59:00,83,79,3,1,9,,,,,,,,,,,,,,,52,92
M1/2114A,04/04/2025 00:00:00,21:14:00,84,44,6,1,3,,,,,,,,,,,,,,,51,54
M1/2114A,04/04/2025 00:00:00,21:29:00,85,66,5,2,5,,,,,,,,,,,,,,,55,78
M1/2114A,04/04/2025 00:00:00,21:44:00,86,55,7,0,2,,,,,,,,,,,,,,,53,64
M1/2114A,04/04/2025 00:00:00,21:59:00,87,56,4,0,5,,,,,,,,,,,,,,,53,65
M1/2114A,04/04/2025 00:00:00,22:14:00,88,54,3,2,2,,,,,,,,,,,,,,,55,61
M1/2114A,04/04/2025 00:00:00,22:29:00,89,59,5,2,4,,,,,,,,,,,,,,,55,70
M1/2114A,04/04/2025 00:00:00,22:44:00,90,69,3,1,0,,,,,,,,,,,,,,,52,73
M1/2114A,04/04/2025 00:00:00,22:59:00,91,77,3,1,5,,,,,,,,,,,,,,,53,86
M1/2114A,04/04/2025 00:00:00,23:14:00,92,64,6,2,2,,,,,,,,,,,,,,,53,74
M1/2114A,04/04/2025 00:00:00,23:29:00,93,67,4,2,3,,,,,,,,,,,,,,,53,76
M1/2114A,04/04/2025 00:00:00,23:44:00,94,53,1,2,0,,,,,,,,,,,,,,,49,56
M1/2114A,04/04/2025 00:00:00,23:59:00,95,49,2,2,3,,,,,,,,,,,,,,,53,56
M1/2114A,05/04/2025 00:00:00,00:14:00,0,36,3,1,5,,,,,,,,,,,,,,,53,45
M1/2114A,05/04/2025 00:00:00,00:29:00,1,32,2,2,4,,,,,,,,,,,,,,,53,40
M1/2114A,05/04/2025 00:00:00,00:44:00,2,36,0,2,3,,,,,,,,,,,,,,,51,41
M1/2114A,05/04/2025 00:00:00,00:59:00,3,35,2,0,5,,,,,,,,,,,,,,,50,42
M1/2114A,05/04/2025 00:00:00,01:14:00,4,37,4,1,0,,,,,,,,,,,,,,,53,42
M1/2114A,05/04/2025 00:00:00,01:29:00,5,31,3,0,3,,,,,,,,,,,,,,,52,37
M1/2114A,05/04/2025 00:00:00,01:44:00,6,24,3,1,1,,,,,,,,,,,,,,,50,29
M1/2114A,05/04/2025 00:00:00,01:59:00,7,22,1,0,4,,,,,,,,,,,,,,,54,27
M1/2114A,05/04/2025 00:00:00,02:14:00,8,16,1,1,4,,,,,,,,,,,,,,,52,22
M1/2114A,05/04/2025 00:00:00,02:29:00,9,9,0,0,1,,,,,,,,,,,,,,,55,10
M1/2114A,05/04/2025 00:00:00,02:44:00,10,23,1,1,0,,,,,,,,,,,,,,,57,25
M1/2114A,05/04/2025 00:00:00,02:59:00,11,28,0,3,2,,,,,,,,,,,,,,,50,33
M1/2114A,05/04/2025 00:00:00,03:14:00,12,24,1,0,3,,,,,,,,,,,,,,,54,28
M1/2114A,05/04/2025 00:00:00,03:29:00,13,17,1,1,4,,,,,,,,,,,,,,,50,23
M1/2114A,05/04/2025 00:00:00,03:44:00,14,18,1,0,1,,,,,,,,,,,,,,,48,20
M1/2114A,05/04/2025 00:00:00,03:59:00,15,16,2,1,4,,,,,,,,,,,,,,,51,23
M1/2114A,05/04/2025 00:00:00,04:14:00,16,25,3,0,2,,,,,,,,,,,,,,,51,30
M1/2114A,05/04/2025 00:00:00,04:29:00,17,25,2,0,2,,,,,,,,,,,,,,,51,29
M1/2114A,05/04/2025 00:00:00,04:44:00,18,24,3,2,1,,,,,,,,,,,,,,,51,30
M1/2114A,05/04/2025 00:00:00,04:59:00,19,12,1,2,4,,,,,,,,,,,,,,,49,19
M1/2114A,05/04/2025 00:00:00,05:14:00,20,17,0,1,0,,,,,,,,,,,,,,,49,18
M1/2114A,05/04/2025 00:00:00,05:29:00,21,12,4,2,1,,,,,,,,,,,,,,,51,19
M1/2114A,05/04/2025 00:00:00,05:44:00,22,17,1,0,1,,,,,,,,,,,,,,,48,19
M1/2114A,05/04/2025 00:00:00,05:59:00,23,16,0,1,5,,,,,,,,,,,,,,,52,22
M1/2114A,05/04/2025 00:00:00,06:14:00,24,19,3,1,3,,,,,,,,,,,,,,,52,26
M1/2114A,05/04/2025 00:00:00,06:29:00,25,23,2,1,7,,,,,,,,,,,,,,,51,33
M1/2114A,05/04/2025 00:00:00,06:44:00,26,31,2,3,0,,,,,,,,,,,,,,,53,36
M1/2114A,05/04/2025 00:00:00,06:59:00,27,35,4,1,4,,,,,,,,,,,,,,,50,44
M1/2114A,05/04/2025 00:00:00,07:14:00,28,25,5,1,6,,,,,,,,,,,,,,,50,37
M1/2114A,05/04/2025 00:00:00,07:29:00,29,34,0,2,3,,,,,,,,,,,,,,,51,39
M1/2114A,05/04/2025 00:00:00,07:44:00,30,46,1,3,3,,,,,,,,,,,,,,,54,53
M1/2114A,05/04/2025 00:00:00,07:59:00,31,33,8,0,6,,,,,,,,,,,,,,,54,47
M1/2114A,05/04/2025 00:00:00,08:14:00,32,38,5,4,4,,,,,,,,,,,,,,,54,51
M1/2114A,05/04/2025 00:00:00,08:29:00,33,63,2,3,8,,,,,,,,,,,,,,,51,76
M1/2114A,05/04/2025 00:00:00,08:44:00,34,59,3,3,3,,,,,,,,,,,,,,,51,68
M1/2114A,05/04/2025 00:00:00,08:59:00,35,53,11,1,4,,,,,,,,,,,,,,,51,69
M1/2114A,05/04/2025 00:00:00,09:14:00,36,57,3,5,3,,,,,,,,,,,,,,,51,68
M1/2114A,05/04/2025 00:00:00,09:29:00,37,60,5,2,6,,,,,,,,,,,,,,,51,73
M1/2114A,05/04/2025 00:00:00,09:44:00,38,73,6,5,2,,,,,,,,,,,,,,,53,86
M1/2114A,05/04/2025 00:00:00,09:59:00,39,65,6,2,9,,,,,,,,,,,,,,,52,82
M1/2114A,05/04/2025 00:00:00,10:14:00,40,72,7,1,1,,,,,,,,,,,,,,,51,81
M1/2114A,05/04/2025 00:00:00,10:29:00,41,72,3,3,5,,,,,,,,,,,,,,,53,83
M1/2114A,05/04/2025 00:00:00,10:44:00,42,79,8,5,6,,,,,,,,,,,,,,,53,98
M1/2114A,05/04/2025 00:00:00,10:59:00,43,63,5,5,9,,,,,,,,,,,,,,,49,82
M1/2114A,05/04/2025 00:00:00,11:14:00,44,76,12,3,3,,,,,,,,,,,,,,,51,94
M1/2114A,05/04/2025 00:00:00,11:29:00,45,90,6,1,4,,,,,,,,,,,,,,,52,101
M1/2114A,05/04/2025 00:00:00,11:44:00,46,91,6,3,2,,,,,,,,,,,,,,,53,102
M1/2114A,05/04/2025 00:00:00,11:59:00,47,96,16,4,7,,,,,,,,,,,,,,,51,123
M1/2114A,05/04/2025 00:00:00,12:14:00,48,89,7,3,3,,,,,,,,,,,,,,,52,102
M1/2114A,05/04/2025 00:00:00,12:29:00,49,93,24,0,5,,,,,,,,,,,,,,,52,122
M1/2114A,05/04/2025 00:00:00,12:44:00,50,104,6,3,6,,,,,,,,,,,,,,,52,119
M1/2114A,05/04/2025 00:00:00,12:59:00,51,111,20,3,7,,,,,,,,,,,,,,,53,141
M1/2114A,05/04/2025 00:00:00,13:14:00,52,123,14,0,2,,,,,,,,,,,,,,,53,139
M1/2114A,05/04/2025 00:00:00,13:29:00,53,111,10,2,2,,,,,,,,,,,,,,,53,125
M1/2114A,05/04/2025 00:00:00,13:44:00,54,106,9,7,4,,,,,,,,,,,,,,,53,126
M1/2114A,05/04/2025 00:00:00,13:59:00,55,108,10,3,7,,,,,,,,,,,,,,,55,128
M1/2114A,05/04/2025 00:00:00,14:14:00,56,94,8,3,5,,,,,,,,,,,,,,,52,110
M1/2114A,05/04/2025 00:00:00,14:29:00,57,90,6,2,4,,,,,,,,,,,,,,,54,102
M1/2114A,05/04/2025 00:00:00,14:44:00,58,103,11,0,3,,,,,,,,,,,,,,,55,117
M1/2114A,05/04/2025 00:00:00,14:59:00,59,114,8,4,3,,,,,,,,,,,,,,,56,129
M1/2114A,05/04/2025 00:00:00,15:14:00,60,93,5,2,4,,,,,,,,,,,,,,,53,104
M1/2114A,05/04/2025 00:00:00,15:29:00,61,94,9,3,4,,,,,,,,,,,,,,,53,110
M1/2114A,05/04/2025 00:00:00,15:44:00,62,104,7,1,8,,,,,,,,,,,,,,,53,120
M1/2114A,05/04/2025 00:00:00,15:59:00,63,96,10,1,4,,,,,,,,,,,,,,,54,111
M1/2114A,05/04/2025 00:00:00,16:14:00,64,119,9,2,4,,,,,,,,,,,,,,,52,134
M1/2114A,05/04/2025 00:00:00,16:29:00,65,115,9,1,7,,,,,,,,,,,,,,,52,132
M1/2114A,05/04/2025 00:00:00,16:44:00,66,108,6,3,2,,,,,,,,,,,,,,,53,119
M1/2114A,05/04/2025 00:00:00,16:59:00,67,105,3,3,6,,,,,,,,,,,,,,,54,117
M1/2114A,05/04/2025 00:00:00,17:14:00,68,118,9,0,9,,,,,,,,,,,,,,,53,136
M1/2114A,05/04/2025 00:00:00,17:29:00,69,104,7,1,4,,,,,,,,,,,,,,,54,116
M1/2114A,05/04/2025 00:00:00,17:44:00,70,103,4,1,5,,,,,,,,,,,,,,,53,113
M1/2114A,05/04/2025 00:00:00,17:59:00,71,86,6,1,7,,,,,,,,,,,,,,,54,100
M1/2114A,05/04/2025 00:00:00,18:14:00,72,73,1,3,3,,,,,,,,,,,,,,,53,80
M1/2114A,05/04/2025 00:00:00,18:29:00,73,72,4,1,5,,,,,,,,,,,,,,,53,82
M1/2114A,05/04/2025 00:00:00,18:44:00,74,74,3,2,2,,,,,,,,,,,,,,,52,81
M1/2114A,05/04/2025 00:00:00,18:59:00,75,74,1,2,7,,,,,,,,,,,,,,,55,84
M1/2114A,05/04/2025 00:00:00,19:14:00,76,68,2,2,2,,,,,,,,,,,,,,,55,74
M1/2114A,05/04/2025 00:00:00,19:29:00,77,75,6,1,3,,,,,,,,,,,,,,,53,85
M1/2114A,05/04/2025 00:00:00,19:44:00,78,100,8,2,6,,,,,,,,,,,,,,,53,116
M1/2114A,05/04/2025 00:00:00,19:59:00,79,84,4,1,5,,,,,,,,,,,,,,,54,94
M1/2114A,05/04/2025 00:00:00,20:14:00,80,79,4,4,6,,,,,,,,,,,,,,,52,93
M1/2114A,05/04/2025 00:00:00,20:29:00,81,87,3,2,4,,,,,,,,,,,,,,,52,96
M1/2114A,05/04/2025 00:00:00,20:44:00,82,83,2,1,4,,,,,,,,,,,,,,,52,90
M1/2114A,05/04/2025 00:00:00,20:59:00,83,96,3,3,5,,,,,,,,,,,,,,,51,107
M1/2114A,05/04/2025 00:00:00,21:14:00,84,90,3,0,6,,,,,,,,,,,,,,,50,99
M1/2114A,05/04/2025 00:00:00,21:29:00,85,100,6,1,4,,,,,,,,,,,,,,,52,111
M1/2114A,05/04/2025 00:00:00,21:44:00,86,89,6,1,4,,,,,,,,,,,,,,,52,100
M1/2114A,05/04/2025 00:00:00,21:59:00,87,82,10,1,3,,,,,,,,,,,,,,,50,96
M1/2114A,05/04/2025 00:00:00,22:14:00,88,91,3,0,3,,,,,,,,,,,,,,,50,97
M1/2114A,05/04/2025 00:00:00,22:29:00,89,90,3,2,8,,,,,,,,,,,,,,,49,103
M1/2114A,05/04/2025 00:00:00,22:44:00,90,113,3,2,3,,,,,,,,,,,,,,,50,121
M1/2114A,05/04/2025 00:00:00,22:59:00,91,85,8,3,3,,,,,,,,,,,,,,,52,99
M1/2114A,05/04/2025 00:00:00,23:14:00,92,96,4,1,4,,,,,,,,,,,,,,,51,105
M1/2114A,05/04/2025 00:00:00,23:29:00,93,82,4,2,4,,,,,,,,,,,,,,,52,92
M1/2114A,05/04/2025 00:00:00,23:44:00,94,80,4,0,4,,,,,,,,,,,,,,,51,88
M1/2114A,05/04/2025 00:00:00,23:59:00,95,81,6,1,4,,,,,,,,,,,,,,,53,92
M1/2114A,06/04/2025 00:00:00,00:14:00,0,66,5,0,2,,,,,,,,,,,,,,,52,73
M1/2114A,06/04/2025 00:00:00,00:29:00,1,55,0,2,3,,,,,,,,,,,,,,,53,60
M1/2114A,06/04/2025 00:00:00,00:44:00,2,82,3,1,3,,,,,,,,,,,,,,,51,89
M1/2114A,06/04/2025 00:00:00,00:59:00,3,53,0,0,5,,,,,,,,,,,,,,,51,58
M1/2114A,06/04/2025 00:00:00,01:14:00,4,52,0,1,6,,,,,,,,,,,,,,,51,59
M1/2114A,06/04/2025 00:00:00,01:29:00,5,38,2,0,2,,,,,,,,,,,,,,,52,42
M1/2114A,06/04/2025 00:00:00,01:44:00,6,41,2,1,1,,,,,,,,,,,,,,,51,45
M1/2114A,06/04/2025 00:00:00,01:59:00,7,31,1,0,2,,,,,,,,,,,,,,,51,34
M1/2114A,06/04/2025 00:00:00,02:14:00,8,27,2,0,1,,,,,,,,,,,,,,,51,30
M1/2114A,06/04/2025 00:00:00,02:29:00,9,21,2,0,5,,,,,,,,,,,,,,,51,28
M1/2114A,06/04/2025 00:00:00,02:44:00,10,32,2,1,2,,,,,,,,,,,,,,,53,37
M1/2114A,06/04/2025 00:00:00,02:59:00,11,27,1,0,3,,,,,,,,,,,,,,,52,31
M1/2114A,06/04/2025 00:00:00,03:14:00,12,25,3,3,1,,,,,,,,,,,,,,,49,32
M1/2114A,06/04/2025 00:00:00,03:29:00,13,26,0,1,3,,,,,,,,,,,,,,,51,30
M1/2114A,06/04/2025 00:00:00,03:44:00,14,35,2,1,3,,,,,,,,,,,,,,,53,41
M1/2114A,06/04/2025 00:00:00,03:59:00,15,29,1,0,1,,,,,,,,,,,,,,,52,31
M1/2114A,06/04/2025 00:00:00,04:14:00,16,21,0,0,3,,,,,,,,,,,,,,,47,24
M1/2114A,06/04/2025 00:00:00,04:29:00,17,20,2,0,1,,,,,,,,,,,,,,,52,23
M1/2114A,06/04/2025 00:00:00,04:44:00,18,21,3,0,1,,,,,,,,,,,,,,,49,25
M1/2114A,06/04/2025 00:00:00,04:59:00,19,22,4,0,1,,,,,,,,,,,,,,,50,27
M1/2114A,06/04/2025 00:00:00,05:14:00,20,25,2,0,2,,,,,,,,,,,,,,,47,29
M1/2114A,06/04/2025 00:00:00,05:29:00,21,25,0,2,3,,,,,,,,,,,,,,,52,30
M1/2114A,06/04/2025 00:00:00,05:44:00,22,15,2,3,0,,,,,,,,,,,,,,,52,20
M1/2114A,06/04/2025 00:00:00,05:59:00,23,20,1,0,2,,,,,,,,,,,,,,,52,23
M1/2114A,06/04/2025 00:00:00,06:14:00,24,18,2,0,0,,,,,,,,,,,,,,,53,20
M1/2114A,06/04/2025 00:00:00,06:29:00,25,15,1,1,2,,,,,,,,,,,,,,,51,19
M1/2114A,06/04/2025 00:00:00,06:44:00,26,26,2,1,3,,,,,,,,,,,,,,,55,32
M1/2114A,06/04/2025 00:00:00,06:59:00,27,32,3,1,2,,,,,,,,,,,,,,,55,38
M1/2114A,06/04/2025 00:00:00,07:14:00,28,29,3,0,3,,,,,,,,,,,,,,,54,35
M1/2114A,06/04/2025 00:00:00,07:29:00,29,30,0,0,4,,,,,,,,,,,,,,,52,34
M1/2114A,06/04/2025 00:00:00,07:44:00,30,35,2,0,2,,,,,,,,,,,,,,,52,39
M1/2114A,06/04/2025 00:00:00,07:59:00,31,22,4,1,2,,,,,,,,,,,,,,,51,29
M1/2114A,06/04/2025 00:00:00,08:14:00,32,36,0,2,5,,,,,,,,,,,,,,,52,43
M1/2114A,06/04/2025 00:00:00,08:29:00,33,25,3,0,6,,,,,,,,,,,,,,,55,34
M1/2114A,06/04/2025 00:00:00,08:44:00,34,38,3,3,3,,,,,,,,,,,,,,,52,47
M1/2114A,06/04/2025 00:00:00,08:59:00,35,48,5,2,4,,,,,,,,,,,,,,,53,59
M1/2114A,06/04/2025 00:00:00,09:14:00,36,43,4,1,0,,,,,,,,,,,,,,,52,48
M1/2114A,06/04/2025 00:00:00,09:29:00,37,63,1,1,10,,,,,,,,,,,,,,,51,75
M1/2114A,06/04/2025 00:00:00,09:44:00,38,52,4,1,3,,,,,,,,,,,,,,,51,60
M1/2114A,06/04/2025 00:00:00,09:59:00,39,53,9,0,7,,,,,,,,,,,,,,,52,69
M1/2114A,06/04/2025 00:00:00,10:14:00,40,61,1,2,5,,,,,,,,,,,,,,,52,69
M1/2114A,06/04/2025 00:00:00,10:29:00,41,53,8,2,3,,,,,,,,,,,,,,,53,66
M1/2114A,06/04/2025 00:00:00,10:44:00,42,48,3,0,1,,,,,,,,,,,,,,,52,52
M1/2114A,06/04/2025 00:00:00,10:59:00,43,66,3,2,6,,,,,,,,,,,,,,,54,77
M1/2114A,06/04/2025 00:00:00,11:14:00,44,80,2,0,3,,,,,,,,,,,,,,,54,85
M1/2114A,06/04/2025 00:00:00,11:29:00,45,71,5,0,6,,,,,,,,,,,,,,,51,82
M1/2114A,06/04/2025 00:00:00,11:44:00,46,75,5,1,4,,,,,,,,,,,,,,,52,85
M1/2114A,06/04/2025 00:00:00,11:59:00,47,92,6,0,4,,,,,,,,,,,,,,,51,102
M1/2114A,06/04/2025 00:00:00,12:14:00,48,87,10,1,5,,,,,,,,,,,,,,,52,103
M1/2114A,06/04/2025 00:00:00,12:29:00,49,93,1,2,3,,,,,,,,,,,,,,,51,99
M1/2114A,06/04/2025 00:00:00,12:44:00,50,104,9,1,4,,,,,,,,,,,,,,,51,118
M1/2114A,06/04/2025 00:00:00,12:59:00,51,114,6,3,4,,,,,,,,,,,,,,,50,127
M1/2114A,06/04/2025 00:00:00,13:14:00,52,110,11,2,8,,,,,,,,,,,,,,,51,131
M1/2114A,06/04/2025 00:00:00,13:29:00,53,118,7,0,6,,,,,,,,,,,,,,,52,131
M1/2114A,06/04/2025 00:00:00,13:44:00,54,125,8,1,6,,,,,,,,,,,,,,,52,140
M1/2114A,06/04/2025 00:00:00,13:59:00,55,125,4,1,6,,,,,,,,,,,,,,,52,136
M1/2114A,06/04/2025 00:00:00,14:14:00,56,133,9,0,1,,,,,,,,,,,,,,,52,143
M1/2114A,06/04/2025 00:00:00,14:29:00,57,109,6,1,6,,,,,,,,,,,,,,,53,122
M1/2114A,06/04/2025 00:00:00,14:44:00,58,103,8,2,4,,,,,,,,,,,,,,,54,117
M1/2114A,06/04/2025 00:00:00,14:59:00,59,125,8,3,2,,,,,,,,,,,,,,,55,138
M1/2114A,06/04/2025 00:00:00,15:14:00,60,151,7,2,8,,,,,,,,,,,,,,,53,168
M1/2114A,06/04/2025 00:00:00,15:29:00,61,152,9,1,4,,,,,,,,,,,,,,,53,166
M1/2114A,06/04/2025 00:00:00,15:44:00,62,164,5,1,3,,,,,,,,,,,,,,,51,173
M1/2114A,06/04/2025 00:00:00,15:59:00,63,151,11,1,10,,,,,,,,,,,,,,,52,173
M1/2114A,06/04/2025 00:00:00,16:14:00,64,152,9,0,5,,,,,,,,,,,,,,,51,166
M1/2114A,06/04/2025 00:00:00,16:29:00,65,128,8,0,7,,,,,,,,,,,,,,,53,143
M1/2114A,06/04/2025 00:00:00,16:44:00,66,194,5,2,7,,,,,,,,,,,,,,,53,208
M1/2114A,06/04/2025 00:00:00,16:59:00,67,159,10,3,5,,,,,,,,,,,,,,,51,177
M1/2114A,06/04/2025 00:00:00,17:14:00,68,153,9,1,6,,,,,,,,,,,,,,,52,169
M1/2114A,06/04/2025 00:00:00,17:29:00,69,151,10,1,5,,,,,,,,,,,,,,,51,167
M1/2114A,06/04/2025 00:00:00,17:44:00,70,153,7,0,3,,,,,,,,,,,,,,,54,163
M1/2114A,06/04/2025 00:00:00,17:59:00,71,164,11,2,10,,,,,,,,,,,,,,,50,187
M1/2114A,06/04/2025 00:00:00,18:14:00,72,146,8,3,4,,,,,,,,,,,,,,,53,161
M1/2114A,06/04/2025 00:00:00,18:29:00,73,154,4,0,5,,,,,,,,,,,,,,,53,163
M1/2114A,06/04/2025 00:00:00,18:44:00,74,130,5,0,7,,,,,,,,,,,,,,,52,142
M1/2114A,06/04/2025 00:00:00,18:59:00,75,133,6,4,7,,,,,,,,,,,,,,,54,150
M1/2114A,06/04/2025 00:00:00,19:14:00,76,135,4,2,7,,,,,,,,,,,,,,,54,148
M1/2114A,06/04/2025 00:00:00,19:29:00,77,127,4,2,1,,,,,,,,,,,,,,,53,134
M1/2114A,06/04/2025 00:00:00,19:44:00,78,116,3,1,5,,,,,,,,,,,,,,,52,125
M1/2114A,06/04/2025 00:00:00,19:59:00,79,121,7,0,5,,,,,,,,,,,,,,,53,133
M1/2114A,06/04/2025 00:00:00,20:14:00,80,81,3,1,3,,,,,,,,,,,,,,,54,88
M1/2114A,06/04/2025 00:00:00,20:29:00,81,101,3,2,4,,,,,,,,,,,,,,,52,110
M1/2114A,06/04/2025 00:00:00,20:44:00,82,99,4,0,2,,,,,,,,,,,,,,,53,105
M1/2114A,06/04/2025 00:00:00,20:59:00,83,101,3,1,5,,,,,,,,,,,,,,,52,110
M1/2114A,06/04/2025 00:00:00,21:14:00,84,88,6,2,3,,,,,,,,,,,,,,,53,99
M1/2114A,06/04/2025 00:00:00,21:29:00,85,91,2,1,5,,,,,,,,,,,,,,,52,99
M1/2114A,06/04/2025 00:00:00,21:44:00,86,69,7,0,5,,,,,,,,,,,,,,,52,81
M1/2114A,06/04/2025 00:00:00,21:59:00,87,84,5,2,5,,,,,,,,,,,,,,,52,96
M1/2114A,06/04/2025 00:00:00,22:14:00,88,74,4,0,2,,,,,,,,,,,,,,,52,80
M1/2114A,06/04/2025 00:00:00,22:29:00,89,71,6,0,5,,,,,,,,,,,,,,,53,82
M1/2114A,06/04/2025 00:00:00,22:44:00,90,54,0,1,2,,,,,,,,,,,,,,,50,57
M1/2114A,06/04/2025 00:00:00,22:59:00,91,58,6,1,8,,,,,,,,,,,,,,,54,73
M1/2114A,06/04/2025 00:00:00,23:14:00,92,48,2,2,3,,,,,,,,,,,,,,,52,55
M1/2114A,06/04/2025 00:00:00,23:29:00,93,65,1,0,3,,,,,,,,,,,,,,,51,69
M1/2114A,06/04/2025 00:00:00,23:44:00,94,44,2,2,5,,,,,,,,,,,,,,,52,53
M1/2114A,06/04/2025 00:00:00,23:59:00,95,34,1,2,2,,,,,,,,,,,,,,,53,39
M1/2114A,07/04/2025 00:00:00,00:14:00,0,40,3,2,4,,,,,,,,,,,,,,,51,49
M1/2114A,07/04/2025 00:00:00,00:29:00,1,21,4,1,4,,,,,,,,,,,,,,,51,30
M1/2114A,07/04/2025 00:00:00,00:44:00,2,22,0,2,3,,,,,,,,,,,,,,,51,27
M1/2114A,07/04/2025 00:00:00,00:59:00,3,30,3,0,3,,,,,,,,,,,,,,,51,36
M1/2114A,07/04/2025 00:00:00,01:14:00,4,15,2,1,0,,,,,,,,,,,,,,,51,18
M1/2114A,07/04/2025 00:00:00,01:29:00,5,20,0,1,2,,,,,,,,,,,,,,,50,23
M1/2114A,07/04/2025 00:00:00,01:44:00,6,15,2,1,0,,,,,,,,,,,,,,,47,18
M1/2114A,07/04/2025 00:00:00,01:59:00,7,5,1,0,2,,,,,,,,,,,,,,,49,8
M1/2114A,07/04/2025 00:00:00,02:14:00,8,17,0,1,0,,,,,,,,,,,,,,,48,18
M1/2114A,07/04/2025 00:00:00,02:29:00,9,10,2,0,3,,,,,,,,,,,,,,,50,15
M1/2114A,07/04/2025 00:00:00,02:44:00,10,11,1,2,1,,,,,,,,,,,,,,,51,15
M1/2114A,07/04/2025 00:00:00,02:59:00,11,14,0,1,5,,,,,,,,,,,,,,,53,20
M1/2114A,07/04/2025 00:00:00,03:14:00,12,11,2,1,1,,,,,,,,,,,,,,,47,15
M1/2114A,07/04/2025 00:00:00,03:29:00,13,20,2,0,2,,,,,,,,,,,,,,,51,24
M1/2114A,07/04/2025 00:00:00,03:44:00,14,16,3,1,2,,,,,,,,,,,,,,,50,22
M1/2114A,07/04/2025 00:00:00,03:59:00,15,15,3,0,3,,,,,,,,,,,,,,,50,21
M1/2114A,07/04/2025 00:00:00,04:14:00,16,10,0,2,1,,,,,,,,,,,,,,,52,13
M1/2114A,07/04/2025 00:00:00,04:29:00,17,16,4,1,2,,,,,,,,,,,,,,,50,23
M1/2114A,07/04/2025 00:00:00,04:44:00,18,15,2,0,0,,,,,,,,,,,,,,,50,17
M1/2114A,07/04/2025 00:00:00,04:59:00,19,14,1,0,2,,,,,,,,,,,,,,,49,17
M1/2114A,07/04/2025 00:00:00,05:14:00,20,11,1,0,2,,,,,,,,,,,,,,,49,14
M1/2114A,07/04/2025 00:00:00,05:29:00,21,18,1,1,2,,,,,,,,,,,,,,,51,22
M1/2114A,07/04/2025 00:00:00,05:44:00,22,16,3,0,1,,,,,,,,,,,,,,,51,20
M1/2114A,07/04/2025 00:00:00,05:59:00,23,15,1,5,5,,,,,,,,,,,,,,,52,26
M1/2114A,07/04/2025 00:00:00,06:14:00,24,21,4,0,1,,,,,,,,,,,,,,,54,26
M1/2114A,07/04/2025 00:00:00,06:29:00,25,28,2,3,3,,,,,,,,,,,,,,,52,36
M1/2114A,07/04/2025 00:00:00,06:44:00,26,22,1,3,5,,,,,,,,,,,,,,,52,31
M1/2114A,07/04/2025 00:00:00,06:59:00,27,38,4,1,3,,,,,,,,,,,,,,,54,46
M1/2114A,07/04/2025 00:00:00,07:14:00,28,63,6,3,4,,,,,,,,,,,,,,,52,76
M1/2114A,07/04/2025 00:00:00,07:29:00,29,52,7,0,6,,,,,,,,,,,,,,,53,65
M1/2114A,07/04/2025 00:00:00,07:44:00,30,49,6,0,5,,,,,,,,,,,,,,,54,60
M1/2114A,07/04/2025 00:00:00,07:59:00,31,38,7,5,7,,,,,,,,,,,,,,,53,57
M1/2114A,07/04/2025 00:00:00,08:14:00,32,68,6,3,4,,,,,,,,,,,,,,,53,81
M1/2114A,07/04/2025 00:00:00,08:29:00,33,72,6,3,5,,,,,,,,,,,,,,,53,87
M1/2114A,07/04/2025 00:00:00,08:44:00,34,70,10,3,4,,,,,,,,,,,,,,,55,87
M1/2114A,07/04/2025 00:00:00,08:59:00,35,69,15,7,6,,,,,,,,,,,,,,,52,97
M1/2114A,07/04/2025 00:00:00,09:14:00,36,56,15,6,1,,,,,,,,,,,,,,,52,78
M1/2114A,07/04/2025 00:00:00,09:29:00,37,56,13,9,3,,,,,,,,,,,,,,,53,81
M1/2114A,07/04/2025 00:00:00,09:44:00,38,59,7,7,3,,,,,,,,,,,,,,,52,76
M1/2114A,07/04/2025 00:00:00,09:59:00,39,45,9,10,9,,,,,,,,,,,,,,,50,73
M1/2114A,07/04/2025 00:00:00,10:14:00,40,47,7,10,5,,,,,,,,,,,,,,,52,69
M1/2114A,07/04/2025 00:00:00,10:29:00,41,64,14,10,6,,,,,,,,,,,,,,,51,94
M1/2114A,07/04/2025 00:00:00,10:44:00,42,69,8,13,9,,,,,,,,,,,,,,,51,99
M1/2114A,07/04/2025 00:00:00,10:59:00,43,51,13,9,5,,,,,,,,,,,,,,,51,78
M1/2114A,07/04/2025 00:00:00,11:14:00,44,69,10,10,5,,,,,,,,,,,,,,,51,94
M1/2114A,07/04/2025 00:00:00,11:29:00,45,64,9,5,4,,,,,,,,,,,,,,,52,82
M1/2114A,07/04/2025 00:00:00,11:44:00,46,56,13,6,3,,,,,,,,,,,,,,,53,78
M1/2114A,07/04/2025 00:00:00,11:59:00,47,54,11,7,11,,,,,,,,,,,,,,,51,83
M1/2114A,07/04/2025 00:00:00,12:14:00,48,67,16,7,3,,,,,,,,,,,,,,,52,93
M1/2114A,07/04/2025 00:00:00,12:29:00,49,51,24,10,8,,,,,,,,,,,,,,,51,93
M1/2114A,07/04/2025 00:00:00,12:44:00,50,76,21,10,6,,,,,,,,,,,,,,,51,113
M1/2114A,07/04/2025 00:00:00,12:59:00,51,98,22,8,9,,,,,,,,,,,,,,,51,137
M1/2114A,07/04/2025 00:00:00,13:14:00,52,87,16,7,9,,,,,,,,,,,,,,,53,119
M1/2114A,07/04/2025 00:00:00,13:29:00,53,69,25,7,5,,,,,,,,,,,,,,,54,106
M1/2114A,07/04/2025 00:00:00,13:44:00,54,122,22,8,4,,,,,,,,,,,,,,,51,156
M1/2114A,07/04/2025 00:00:00,13:59:00,55,98,25,9,5,,,,,,,,,,,,,,,50,137
M1/2114A,07/04/2025 00:00:00,14:14:00,56,87,32,10,7,,,,,,,,,,,,,,,50,136
M1/2114A,07/04/2025 00:00:00,14:29:00,57,95,27,7,3,,,,,,,,,,,,,,,51,132
M1/2114A,07/04/2025 00:00:00,14:44:00,58,106,32,10,6,,,,,,,,,,,,,,,54,154
M1/2114A,07/04/2025 00:00:00,14:59:00,59,140,35,9,4,,,,,,,,,,,,,,,52,188
M1/2114A,07/04/2025 00:00:00,15:14:00,60,126,17,5,7,,,,,,,,,,,,,,,54,155
M1/2114A,07/04/2025 00:00:00,15:29:00,61,136,35,9,5,,,,,,,,,,,,,,,51,185
M1/2114A,07/04/2025 00:00:00,15:44:00,62,160,33,10,4,,,,,,,,,,,,,,,53,207
M1/2114A,07/04/2025 00:00:00,15:59:00,63,154,31,7,7,,,,,,,,,,,,,,,54,199
M1/2114A,07/04/2025 00:00:00,16:14:00,64,192,30,10,7,,,,,,,,,,,,,,,53,239
M1/2114A,07/04/2025 00:00:00,16:29:00,65,158,38,8,6,,,,,,,,,,,,,,,53,210
M1/2114A,07/04/2025 00:00:00,16:44:00,66,166,42,6,6,,,,,,,,,,,,,,,53,220
M1/2114A,07/04/2025 00:00:00,16:59:00,67,159,23,6,8,,,,,,,,,,,,,,,54,195
M1/2114A,07/04/2025 00:00:00,17:14:00,68,165,28,5,5,,,,,,,,,,,,,,,54,203
M1/2114A,07/04/2025 00:00:00,17:29:00,69,201,18,5,5,,,,,,,,,,,,,,,54,229
M1/2114A,07/04/2025 00:00:00,17:44:00,70,184,33,1,3,,,,,,,,,,,,,,,53,222
M1/2114A,07/04/2025 00:00:00,17:59:00,71,175,24,5,3,,,,,,,,,,,,,,,55,208
M1/2114A,07/04/2025 00:00:00,18:14:00,72,173,19,8,4,,,,,,,,,,,,,,,53,204
M1/2114A,07/04/2025 00:00:00,18:29:00,73,146,16,3,6,,,,,,,,,,,,,,,54,171
M1/2114A,07/04/2025 00:00:00,18:44:00,74,142,10,3,4,,,,,,,,,,,,,,,54,159
M1/2114A,07/04/2025 00:00:00,18:59:00,75,115,11,3,5,,,,,,,,,,,,,,,53,134
M1/2114A,07/04/2025 00:00:00,19:14:00,76,100,7,3,3,,,,,,,,,,,,,,,53,113
M1/2114A,07/04/2025 00:00:00,19:29:00,77,107,10,3,5,,,,,,,,,,,,,,,52,125
M1/2114A,07/04/2025 00:00:00,19:44:00,78,90,10,1,5,,,,,,,,,,,,,,,51,106
M1/2114A,07/04/2025 00:00:00,19:59:00,79,81,4,3,6,,,,,,,,,,,,,,,51,94
M1/2114A,07/04/2025 00:00:00,20:14:00,80,62,7,0,8,,,,,,,,,,,,,,,53,77
M1/2114A,07/04/2025 00:00:00,20:29:00,81,69,6,3,8,,,,,,,,,,,,,,,52,86
M1/2114A,07/04/2025 00:00:00,20:44:00,82,61,6,1,6,,,,,,,,,,,,,,,51,74
M1/2114A,07/04/2025 00:00:00,20:59:00,83,64,5,2,4,,,,,,,,,,,,,,,53,75
M1/2114A,07/04/2025 00:00:00,21:14:00,84,66,6,2,5,,,,,,,,,,,,,,,51,79
M1/2114A,07/04/2025 00:00:00,21:29:00,85,58,7,2,4,,,,,,,,,,,,,,,51,71
M1/2114A,07/04/2025 00:00:00,21:44:00,86,42,6,2,4,,,,,,,,,,,,,,,52,54
M1/2114A,07/04/2025 00:00:00,21:59:00,87,38,1,1,5,,,,,,,,,,,,,,,55,45
M1/2114A,07/04/2025 00:00:00,22:14:00,88,46,3,0,3,,,,,,,,,,,,,,,53,52
M1/2114A,07/04/2025 00:00:00,22:29:00,89,41,9,2,5,,,,,,,,,,,,,,,51,57
M1/2114A,07/04/2025 00:00:00,22:44:00,90,39,2,1,3,,,,,,,,,,,,,,,54,45
M1/2114A,07/04/2025 00:00:00,22:59:00,91,34,5,4,4,,,,,,,,,,,,,,,34,47
M1/2114A,07/04/2025 00:00:00,23:14:00,92,28,5,2,8,,,,,,,,,,,,,,,45,43
M1/2114A,07/04/2025 00:00:00,23:29:00,93,37,6,0,3,,,,,,,,,,,,,,,43,46
M1/2114A,07/04/2025 00:00:00,23:44:00,94,28,4,3,3,,,,,,,,,,,,,,,44,38
M1/2114A,07/04/2025 00:00:00,23:59:00,95,17,2,1,3,,,,,,,,,,,,,,,48,23
M1/2114A,08/04/2025 00:00:00,00:14:00,0,16,1,0,3,,,,,,,,,,,,,,,46,20
M1/2114A,08/04/2025 00:00:00,00:29:00,1,22,2,2,3,,,,,,,,,,,,,,,48,29
M1/2114A,08/04/2025 00:00:00,00:44:00,2,26,4,1,9,,,,,,,,,,,,,,,46,40
M1/2114A,08/04/2025 00:00:00,00:59:00,3,11,3,0,4,,,,,,,,,,,,,,,47,18
M1/2114A,08/04/2025 00:00:00,01:14:00,4,13,1,1,0,,,,,,,,,,,,,,,48,15
M1/2114A,08/04/2025 00:00:00,01:29:00,5,16,2,1,3,,,,,,,,,,,,,,,46,22
M1/2114A,08/04/2025 00:00:00,01:44:00,6,9,4,2,2,,,,,,,,,,,,,,,47,17
M1/2114A,08/04/2025 00:00:00,01:59:00,7,8,3,0,5,,,,,,,,,,,,,,,44,16
M1/2114A,08/04/2025 00:00:00,02:14:00,8,14,1,2,0,,,,,,,,,,,,,,,47,17
M1/2114A,08/04/2025 00:00:00,02:29:00,9,10,4,1,6,,,,,,,,,,,,,,,44,21
M1/2114A,08/04/2025 00:00:00,02:44:00,10,11,0,0,1,,,,,,,,,,,,,,,45,12
M1/2114A,08/04/2025 00:00:00,02:59:00,11,11,0,0,0,,,,,,,,,,,,,,,51,11
M1/2114A,08/04/2025 00:00:00,03:14:00,12,15,1,1,2,,,,,,,,,,,,,,,41,19
M1/2114A,08/04/2025 00:00:00,03:29:00,13,6,1,1,2,,,,,,,,,,,,,,,46,10
M1/2114A,08/04/2025 00:00:00,03:44:00,14,11,3,0,2,,,,,,,,,,,,,,,41,16
M1/2114A,08/04/2025 00:00:00,03:59:00,15,19,3,1,3,,,,,,,,,,,,,,,45,26
M1/2114A,08/04/2025 00:00:00,04:14:00,16,16,3,1,4,,,,,,,,,,,,,,,39,24
M1/2114A,08/04/2025 00:00:00,04:29:00,17,15,1,0,2,,,,,,,,,,,,,,,42,18
M1/2114A,08/04/2025 00:00:00,04:44:00,18,8,1,0,2,,,,,,,,,,,,,,,48,11
M1/2114A,08/04/2025 00:00:00,04:59:00,19,10,2,2,2,,,,,,,,,,,,,,,43,16
M1/2114A,08/04/2025 00:00:00,05:14:00,20,12,1,1,0,,,,,,,,,,,,,,,47,14
M1/2114A,08/04/2025 00:00:00,05:29:00,21,13,1,1,2,,,,,,,,,,,,,,,43,17
M1/2114A,08/04/2025 00:00:00,05:44:00,22,20,4,4,1,,,,,,,,,,,,,,,52,29
M1/2114A,08/04/2025 00:00:00,05:59:00,23,12,3,0,3,,,,,,,,,,,,,,,54,18
M1/2114A,08/04/2025 00:00:00,06:14:00,24,24,1,0,3,,,,,,,,,,,,,,,53,28
M1/2114A,08/04/2025 00:00:00,06:29:00,25,17,2,3,4,,,,,,,,,,,,,,,51,26
M1/2114A,08/04/2025 00:00:00,06:44:00,26,36,3,0,3,,,,,,,,,,,,,,,55,42
M1/2114A,08/04/2025 00:00:00,06:59:00,27,40,3,3,7,,,,,,,,,,,,,,,55,53
M1/2114A,08/04/2025 00:00:00,07:14:00,28,48,9,2,2,,,,,,,,,,,,,,,56,61
M1/2114A,08/04/2025 00:00:00,07:29:00,29,61,8,3,4,,,,,,,,,,,,,,,55,76
M1/2114A,08/04/2025 00:00:00,07:44:00,30,57,7,3,7,,,,,,,,,,,,,,,55,74
M1/2114A,08/04/2025 00:00:00,07:59:00,31,56,4,4,3,,,,,,,,,,,,,,,56,67
M1/2114A,08/04/2025 00:00:00,08:14:00,32,62,10,3,5,,,,,,,,,,,,,,,54,80
M1/2114A,08/04/2025 00:00:00,08:29:00,33,75,11,10,3,,,,,,,,,,,,,,,55,99
M1/2114A,08/04/2025 00:00:00,08:44:00,34,68,7,3,8,,,,,,,,,,,,,,,54,86
M1/2114A,08/04/2025 00:00:00,08:59:00,35,51,9,11,6,,,,,,,,,,,,,,,52,77
M1/2114A,08/04/2025 00:00:00,09:14:00,36,45,10,5,4,,,,,,,,,,,,,,,52,64
M1/2114A,08/04/2025 00:00:00,09:29:00,37,50,14,6,7,,,,,,,,,,,,,,,53,77
M1/2114A,08/04/2025 00:00:00,09:44:00,38,36,7,9,7,,,,,,,,,,,,,,,52,59
M1/2114A,08/04/2025 00:00:00,09:59:00,39,38,7,5,8,,,,,,,,,,,,,,,53,58
M1/2114A,08/04/2025 00:00:00,10:14:00,40,48,12,9,7,,,,,,,,,,,,,,,50,76
M1/2114A,08/04/2025 00:00:00,10:29:00,41,39,9,6,6,,,,,,,,,,,,,,,53,60
M1/2114A,08/04/2025 00:00:00,10:44:00,42,49,8,5,8,,,,,,,,,,,,,,,52,70
M1/2114A,08/04/2025 00:00:00,10:59:00,43,57,15,8,8,,,,,,,,,,,,,,,52,87
M1/2114A,08/04/2025 00:00:00,11:14:00,44,62,13,5,4,,,,,,,,,,,,,,,52,84
M1/2114A,08/04/2025 00:00:00,11:29:00,45,52,8,8,7,,,,,,,,,,,,,,,50,75
M1/2114A,08/04/2025 00:00:00,11:44:00,46,64,9,11,1,,,,,,,,,,,,,,,51,85
M1/2114A,08/04/2025 00:00:00,11:57:00,47,61,14,9,8,,,,,,,,,,,,,,,53,92
M1/2114A,08/04/2025 00:00:00,12:14:00,48,68,25,10,3,,,,,,,,,,,,,,,52,107
M1/2114A,08/04/2025 00:00:00,12:29:00,49,63,18,13,9,,,,,,,,,,,,,,,51,103
M1/2114A,08/04/2025 00:00:00,12:44:00,50,88,16,11,5,,,,,,,,,,,,,,,53,120
M1/2114A,08/04/2025 00:00:00,12:59:00,51,105,21,10,9,,,,,,,,,,,,,,,52,145
M1/2114A,08/04/2025 00:00:00,13:14:00,52,84,17,13,5,,,,,,,,,,,,,,,52,119
M1/2114A,08/04/2025 00:00:00,13:29:00,53,91,17,10,7,,,,,,,,,,,,,,,52,125
M1/2114A,08/04/2025 00:00:00,13:44:00,54,99,14,8,5,,,,,,,,,,,,,,,53,126
M1/2114A,08/04/2025 00:00:00,13:59:00,55,91,27,13,6,,,,,,,,,,,,,,,53,137
M1/2114A,08/04/2025 00:00:00,14:14:00,56,93,21,5,6,,,,,,,,,,,,,,,53,125
M1/2114A,08/04/2025 00:00:00,14:29:00,57,124,17,8,5,,,,,,,,,,,,,,,54,154
M1/2114A,08/04/2025 00:00:00,14:44:00,58,94,26,9,2,,,,,,,,,,,,,,,53,131
M1/2114A,08/04/2025 00:00:00,14:59:00,59,120,24,3,6,,,,,,,,,,,,,,,53,153
M1/2114A,08/04/2025 00:00:00,15:14:00,60,94,27,8,4,,,,,,,,,,,,,,,53,133
M1/2114A,08/04/2025 00:00:00,15:29:00,61,130,25,19,7,,,,,,,,,,,,,,,54,181
M1/2114A,08/04/2025 00:00:00,15:44:00,62,173,43,19,5,,,,,,,,,,,,,,,52,240
M1/2114A,08/04/2025 00:00:00,15:59:00,63,129,24,8,13,,,,,,,,,,,,,,,53,174
M1/2114A,08/04/2025 00:00:00,16:14:00,64,160,31,13,5,,,,,,,,,,,,,,,54,209
M1/2114A,08/04/2025 00:00:00,16:29:00,65,175,22,10,8,,,,,,,,,,,,,,,52,215
M1/2114A,08/04/2025 00:00:00,16:44:00,66,192,18,8,4,,,,,,,,,,,,,,,53,222
M1/2114A,08/04/2025 00:00:00,16:59:00,67,127,28,9,6,,,,,,,,,,,,,,,54,170
M1/2114A,08/04/2025 00:00:00,17:14:00,68,155,24,5,6,,,,,,,,,,,,,,,54,190
M1/2114A,08/04/2025 00:00:00,17:29:00,69,137,15,6,5,,,,,,,,,,,,,,,55,163
M1/2114A,08/04/2025 00:00:00,17:44:00,70,166,33,4,6,,,,,,,,,,,,,,,54,209
M1/2114A,08/04/2025 00:00:00,17:59:00,71,198,22,6,3,,,,,,,,,,,,,,,54,229
M1/2114A,08/04/2025 00:00:00,18:14:00,72,170,18,1,5,,,,,,,,,,,,,,,56,194
M1/2114A,08/04/2025 00:00:00,18:29:00,73,152,20,7,2,,,,,,,,,,,,,,,54,181
M1/2114A,08/04/2025 00:00:00,18:44:00,74,160,11,4,4,,,,,,,,,,,,,,,55,179
M1/2114A,08/04/2025 00:00:00,18:59:00,75,113,9,2,4,,,,,,,,,,,,,,,55,128
M1/2114A,08/04/2025 00:00:00,19:14:00,76,111,14,6,2,,,,,,,,,,,,,,,53,133
M1/2114A,08/04/2025 00:00:00,19:29:00,77,95,0,4,7,,,,,,,,,,,,,,,53,106
M1/2114A,08/04/2025 00:00:00,19:44:00,78,73,8,0,3,,,,,,,,,,,,,,,55,84
M1/2114A,08/04/2025 00:00:00,19:59:00,79,91,11,2,7,,,,,,,,,,,,,,,53,111
M1/2114A,08/04/2025 00:00:00,20:14:00,80,70,9,6,7,,,,,,,,,,,,,,,52,92
M1/2114A,08/04/2025 00:00:00,20:29:00,81,96,7,1,6,,,,,,,,,,,,,,,50,110
M1/2114A,08/04/2025 00:00:00,20:44:00,82,49,4,2,8,,,,,,,,,,,,,,,51,63
M1/2114A,08/04/2025 00:00:00,20:59:00,83,73,1,3,5,,,,,,,,,,,,,,,48,82
M1/2114A,08/04/2025 00:00:00,21:14:00,84,37,6,3,4,,,,,,,,,,,,,,,33,50
M1/2114A,08/04/2025 00:00:00,21:29:00,85,42,5,2,5,,,,,,,,,,,,,,,42,54
M1/2114A,08/04/2025 00:00:00,21:44:00,86,37,3,0,2,,,,,,,,,,,,,,,45,42
M1/2114A,08/04/2025 00:00:00,21:59:00,87,37,13,0,4,,,,,,,,,,,,,,,45,54
M1/2114A,08/04/2025 00:00:00,22:14:00,88,40,5,1,4,,,,,,,,,,,,,,,45,50
M1/2114A,08/04/2025 00:00:00,22:29:00,89,38,3,1,5,,,,,,,,,,,,,,,46,47
M1/2114A,08/04/2025 00:00:00,22:44:00,90,49,1,1,0,,,,,,,,,,,,,,,43,51
M1/2114A,08/04/2025 00:00:00,22:59:00,91,51,5,2,4,,,,,,,,,,,,,,,48,62
M1/2114A,08/04/2025 00:00:00,23:14:00,92,69,3,1,5,,,,,,,,,,,,,,,43,78
M1/2114A,08/04/2025 00:00:00,23:29:00,93,66,3,1,3,,,,,,,,,,,,,,,45,73
M1/2114A,08/04/2025 00:00:00,23:44:00,94,39,2,1,5,,,,,,,,,,,,,,,46,47
M1/2114A,08/04/2025 00:00:00,23:59:00,95,30,5,6,4,,,,,,,,,,,,,,,43,45
M1/2114A,09/04/2025 00:00:00,00:14:00,0,24,3,1,2,,,,,,,,,,,,,,,45,30
M1/2114A,09/04/2025 00:00:00,00:29:00,1,22,5,1,5,,,,,,,,,,,,,,,44,33
M1/2114A,09/04/2025 00:00:00,00:44:00,2,32,3,0,4,,,,,,,,,,,,,,,46,39
M1/2114A,09/04/2025 00:00:00,00:59:00,3,13,0,0,5,,,,,,,,,,,,,,,43,18
M1/2114A,09/04/2025 00:00:00,01:14:00,4,19,2,1,1,,,,,,,,,,,,,,,45,23
M1/2114A,09/04/2025 00:00:00,01:29:00,5,12,3,1,1,,,,,,,,,,,,,,,47,17
M1/2114A,09/04/2025 00:00:00,01:44:00,6,12,1,0,4,,,,,,,,,,,,,,,43,17
M1/2114A,09/04/2025 00:00:00,01:59:00,7,17,1,0,2,,,,,,,,,,,,,,,45,20
M1/2114A,09/04/2025 00:00:00,02:14:00,8,13,3,2,1,,,,,,,,,,,,,,,46,19
M1/2114A,09/04/2025 00:00:00,02:29:00,9,16,0,0,4,,,,,,,,,,,,,,,44,20
M1/2114A,09/04/2025 00:00:00,02:44:00,10,9,1,1,1,,,,,,,,,,,,,,,46,12
M1/2114A,09/04/2025 00:00:00,02:59:00,11,10,7,2,2,,,,,,,,,,,,,,,45,21
M1/2114A,09/04/2025 00:00:00,03:14:00,12,15,1,2,4,,,,,,,,,,,,,,,45,22
M1/2114A,09/04/2025 00:00:00,03:29:00,13,8,1,0,1,,,,,,,,,,,,,,,43,10
M1/2114A,09/04/2025 00:00:00,03:44:00,14,8,0,1,2,,,,,,,,,,,,,,,45,11
M1/2114A,09/04/2025 00:00:00,03:59:00,15,19,5,0,2,,,,,,,,,,,,,,,48,26
M1/2114A,09/04/2025 00:00:00,04:14:00,16,15,0,1,1,,,,,,,,,,,,,,,42,17
M1/2114A,09/04/2025 00:00:00,04:29:00,17,15,3,0,2,,,,,,,,,,,,,,,45,20
M1/2114A,09/04/2025 00:00:00,04:44:00,18,13,2,0,2,,,,,,,,,,,,,,,42,17
M1/2114A,09/04/2025 00:00:00,04:59:00,19,17,1,1,2,,,,,,,,,,,,,,,46,21
M1/2114A,09/04/2025 00:00:00,05:14:00,20,22,1,0,3,,,,,,,,,,,,,,,51,26
M1/2114A,09/04/2025 00:00:00,05:29:00,21,11,5,2,1,,,,,,,,,,,,,,,50,19
M1/2114A,09/04/2025 00:00:00,05:44:00,22,22,3,2,0,,,,,,,,,,,,,,,51,27
M1/2114A,09/04/2025 00:00:00,05:59:00,23,15,3,2,4,,,,,,,,,,,,,,,52,24
M1/2114A,09/04/2025 00:00:00,06:14:00,24,17,2,2,3,,,,,,,,,,,,,,,51,24
M1/2114A,09/04/2025 00:00:00,06:29:00,25,24,4,0,6,,,,,,,,,,,,,,,50,34
M1/2114A,09/04/2025 00:00:00,06:44:00,26,32,4,2,2,,,,,,,,,,,,,,,53,40
M1/2114A,09/04/2025 00:00:00,06:59:00,27,48,3,3,4,,,,,,,,,,,,,,,56,58
M1/2114A,09/04/2025 00:00:00,07:14:00,28,43,6,2,0,,,,,,,,,,,,,,,55,51
M1/2114A,09/04/2025 00:00:00,07:29:00,29,55,15,3,4,,,,,,,,,,,,,,,55,77
M1/2114A,09/04/2025 00:00:00,07:44:00,30,60,3,3,5,,,,,,,,,,,,,,,54,71
M1/2114A,09/04/2025 00:00:00,07:59:00,31,59,5,4,6,,,,,,,,,,,,,,,53,74
M1/2114A,09/04/2025 00:00:00,08:14:00,32,74,7,4,7,,,,,,,,,,,,,,,52,92
M1/2114A,09/04/2025 00:00:00,08:29:00,33,59,4,6,3,,,,,,,,,,,,,,,52,72
M1/2114A,09/04/2025 00:00:00,08:44:00,34,81,9,6,6,,,,,,,,,,,,,,,53,102
M1/2114A,09/04/2025 00:00:00,08:59:00,35,64,9,9,5,,,,,,,,,,,,,,,55,87
M1/2114A,09/04/2025 00:00:00,09:14:00,36,46,14,8,2,,,,,,,,,,,,,,,54,70
M1/2114A,09/04/2025 00:00:00,09:29:00,37,50,8,10,6,,,,,,,,,,,,,,,52,74
M1/2114A,09/04/2025 00:00:00,09:44:00,38,67,4,13,8,,,,,,,,,,,,,,,50,92
M1/2114A,09/04/2025 00:00:00,09:59:00,39,57,14,8,10,,,,,,,,,,,,,,,53,89
M1/2114A,09/04/2025 00:00:00,10:14:00,40,49,8,4,5,,,,,,,,,,,,,,,52,66
M1/2114A,09/04/2025 00:00:00,10:29:00,41,62,9,7,3,,,,,,,,,,,,,,,49,81
M1/2114A,09/04/2025 00:00:00,10:44:00,42,55,16,5,6,,,,,,,,,,,,,,,52,82
M1/2114A,09/04/2025 00:00:00,10:59:00,43,59,15,9,10,,,,,,,,,,,,,,,51,93
M1/2114A,09/04/2025 00:00:00,11:14:00,44,60,20,12,3,,,,,,,,,,,,,,,53,95
M1/2114A,09/04/2025 00:00:00,11:29:00,45,65,13,7,7,,,,,,,,,,,,,,,52,92
M1/2114A,09/04/2025 00:00:00,11:44:00,46,73,13,11,8,,,,,,,,,,,,,,,51,105
M1/2114A,09/04/2025 00:00:00,11:59:00,47,69,15,8,6,,,,,,,,,,,,,,,52,98
M1/2114A,09/04/2025 00:00:00,12:14:00,48,71,18,7,5,,,,,,,,,,,,,,,51,101
M1/2114A,09/04/2025 00:00:00,12:29:00,49,77,22,7,3,,,,,,,,,,,,,,,52,109
M1/2114A,09/04/2025 00:00:00,12:44:00,50,84,17,10,7,,,,,,,,,,,,,,,52,118
M1/2114A,09/04/2025 00:00:00,12:59:00,51,90,20,7,8,,,,,,,,,,,,,,,52,125
M1/2114A,09/04/2025 00:00:00,13:14:00,52,98,19,5,5,,,,,,,,,,,,,,,53,127
M1/2114A,09/04/2025 00:00:00,13:29:00,53,90,20,16,4,,,,,,,,,,,,,,,50,130
M1/2114A,09/04/2025 00:00:00,13:44:00,54,105,22,8,6,,,,,,,,,,,,,,,52,141
M1/2114A,09/04/2025 00:00:00,13:59:00,55,105,18,12,7,,,,,,,,,,,,,,,52,142
M1/2114A,09/04/2025 00:00:00,14:14:00,56,96,24,11,5,,,,,,,,,,,,,,,54,136
M1/2114A,09/04/2025 00:00:00,14:29:00,57,95,22,12,7,,,,,,,,,,,,,,,54,136
M1/2114A,09/04/2025 00:00:00,14:44:00,58,99,23,6,7,,,,,,,,,,,,,,,55,135
M1/2114A,09/04/2025 00:00:00,14:59:00,59,108,24,13,9,,,,,,,,,,,,,,,53,154
M1/2114A,09/04/2025 00:00:00,15:14:00,60,123,22,7,2,,,,,,,,,,,,,,,54,154
M1/2114A,09/04/2025 00:00:00,15:29:00,61,130,20,9,8,,,,,,,,,,,,,,,54,167
M1/2114A,09/04/2025 00:00:00,15:44:00,62,135,30,3,4,,,,,,,,,,,,,,,54,172
M1/2114A,09/04/2025 00:00:00,15:59:00,63,127,22,6,9,,,,,,,,,,,,,,,53,164
M1/2114A,09/04/2025 00:00:00,16:14:00,64,146,34,9,5,,,,,,,,,,,,,,,55,194
M1/2114A,09/04/2025 00:00:00,16:29:00,65,144,17,5,3,,,,,,,,,,,,,,,55,168
M1/2114A,09/04/2025 00:00:00,16:44:00,66,150,32,8,3,,,,,,,,,,,,,,,56,193
M1/2114A,09/04/2025 00:00:00,16:59:00,67,138,20,6,1,,,,,,,,,,,,,,,56,165
M1/2114A,09/04/2025 00:00:00,17:14:00,68,133,20,5,5,,,,,,,,,,,,,,,55,164
M1/2114A,09/04/2025 00:00:00,17:29:00,69,151,33,3,3,,,,,,,,,,,,,,,58,190
M1/2114A,09/04/2025 00:00:00,17:44:00,70,170,32,5,6,,,,,,,,,,,,,,,55,213
M1/2114A,09/04/2025 00:00:00,17:59:00,71,172,21,8,9,,,,,,,,,,,,,,,55,210
M1/2114A,09/04/2025 00:00:00,18:14:00,72,160,19,2,2,,,,,,,,,,,,,,,55,183
M1/2114A,09/04/2025 00:00:00,18:29:00,73,150,9,8,4,,,,,,,,,,,,,,,54,171
M1/2114A,09/04/2025 00:00:00,18:44:00,74,121,20,1,9,,,,,,,,,,,,,,,53,151
M1/2114A,09/04/2025 00:00:00,18:59:00,75,119,12,6,5,,,,,,,,,,,,,,,55,143
M1/2114A,09/04/2025 00:00:00,19:14:00,76,129,12,2,2,,,,,,,,,,,,,,,55,145
M1/2114A,09/04/2025 00:00:00,19:29:00,77,89,8,2,5,,,,,,,,,,,,,,,52,104
M1/2114A,09/04/2025 00:00:00,19:44:00,78,95,8,4,5,,,,,,,,,,,,,,,54,112
M1/2114A,09/04/2025 00:00:00,19:59:00,79,83,10,3,6,,,,,,,,,,,,,,,51,102
M1/2114A,09/04/2025 00:00:00,20:14:00,80,61,6,5,6,,,,,,,,,,,,,,,52,78
M1/2114A,09/04/2025 00:00:00,20:29:00,81,76,10,4,6,,,,,,,,,,,,,,,52,96
M1/2114A,09/04/2025 00:00:00,20:44:00,82,60,5,3,8,,,,,,,,,,,,,,,49,76
M1/2114A,09/04/2025 00:00:00,20:59:00,83,55,6,1,9,,,,,,,,,,,,,,,53,71
M1/2114A,09/04/2025 00:00:00,21:14:00,84,60,3,6,3,,,,,,,,,,,,,,,46,72
M1/2114A,09/04/2025 00:00:00,21:29:00,85,49,6,2,7,,,,,,,,,,,,,,,41,64
M1/2114A,09/04/2025 00:00:00,21:44:00,86,51,7,2,1,,,,,,,,,,,,,,,44,61
M1/2114A,09/04/2025 00:00:00,21:59:00,87,40,2,2,3,,,,,,,,,,,,,,,44,47
M1/2114A,09/04/2025 00:00:00,22:14:00,88,46,3,1,6,,,,,,,,,,,,,,,46,56
M1/2114A,09/04/2025 00:00:00,22:29:00,89,49,8,1,1,,,,,,,,,,,,,,,46,59
M1/2114A,09/04/2025 00:00:00,22:44:00,90,56,5,0,0,,,,,,,,,,,,,,,44,61
M1/2114A,09/04/2025 00:00:00,22:59:00,91,58,9,1,3,,,,,,,,,,,,,,,46,71
M1/2114A,09/04/2025 00:00:00,23:14:00,92,53,6,0,3,,,,,,,,,,,,,,,44,62
M1/2114A,09/04/2025 00:00:00,23:29:00,93,36,5,6,3,,,,,,,,,,,,,,,42,50
M1/2114A,09/04/2025 00:00:00,23:44:00,94,24,2,1,2,,,,,,,,,,,,,,,47,29
M1/2114A,09/04/2025 00:00:00,23:59:00,95,16,1,2,5,,,,,,,,,,,,,,,46,24
M1/2114A,10/04/2025 00:00:00,00:14:00,0,18,4,0,0,,,,,,,,,,,,,,,47,22
M1/2114A,10/04/2025 00:00:00,00:29:00,1,14,2,2,3,,,,,,,,,,,,,,,44,21
M1/2114A,10/04/2025 00:00:00,00:44:00,2,16,1,1,4,,,,,,,,,,,,,,,44,22
M1/2114A,10/04/2025 00:00:00,00:59:00,3,14,5,0,2,,,,,,,,,,,,,,,44,21
M1/2114A,10/04/2025 00:00:00,01:14:00,4,13,2,2,0,,,,,,,,,,,,,,,42,17
M1/2114A,10/04/2025 00:00:00,01:29:00,5,14,4,0,0,,,,,,,,,,,,,,,46,18
M1/2114A,10/04/2025 00:00:00,01:44:00,6,8,1,1,2,,,,,,,,,,,,,,,44,12
M1/2114A,10/04/2025 00:00:00,01:59:00,7,7,1,4,2,,,,,,,,,,,,,,,45,14
M1/2114A,10/04/2025 00:00:00,02:14:00,8,8,1,1,4,,,,,,,,,,,,,,,42,14
M1/2114A,10/04/2025 00:00:00,02:29:00,9,4,1,1,2,,,,,,,,,,,,,,,48,8
M1/2114A,10/04/2025 00:00:00,02:44:00,10,10,2,3,2,,,,,,,,,,,,,,,47,17
M1/2114A,10/04/2025 00:00:00,02:59:00,11,15,1,0,1,,,,,,,,,,,,,,,51,17
M1/2114A,10/04/2025 00:00:00,03:14:00,12,20,0,2,3,,,,,,,,,,,,,,,53,25
M1/2114A,10/04/2025 00:00:00,03:29:00,13,11,0,1,2,,,,,,,,,,,,,,,50,14
M1/2114A,10/04/2025 00:00:00,03:44:00,14,12,1,0,0,,,,,,,,,,,,,,,51,13
M1/2114A,10/04/2025 00:00:00,03:59:00,15,13,2,0,4,,,,,,,,,,,,,,,50,19
M1/2114A,10/04/2025 00:00:00,04:14:00,16,16,2,1,4,,,,,,,,,,,,,,,52,23
M1/2114A,10/04/2025 00:00:00,04:29:00,17,11,0,0,3,,,,,,,,,,,,,,,50,14
M1/2114A,10/04/2025 00:00:00,04:44:00,18,15,3,1,2,,,,,,,,,,,,,,,52,21
M1/2114A,10/04/2025 00:00:00,04:59:00,19,19,1,2,2,,,,,,,,,,,,,,,50,24
M1/2114A,10/04/2025 00:00:00,05:14:00,20,23,4,1,3,,,,,,,,,,,,,,,49,31
M1/2114A,10/04/2025 00:00:00,05:29:00,21,23,1,2,1,,,,,,,,,,,,,,,53,27
M1/2114A,10/04/2025 00:00:00,05:44:00,22,18,3,1,0,,,,,,,,,,,,,,,52,23
M1/2114A,10/04/2025 00:00:00,05:59:00,23,15,1,1,4,,,,,,,,,,,,,,,52,21
M1/2114A,10/04/2025 00:00:00,06:14:00,24,8,3,0,2,,,,,,,,,,,,,,,55,13
M1/2114A,10/04/2025 00:00:00,06:29:00,25,20,3,2,5,,,,,,,,,,,,,,,53,30
M1/2114A,10/04/2025 00:00:00,06:44:00,26,34,1,3,3,,,,,,,,,,,,,,,55,41
M1/2114A,10/04/2025 00:00:00,06:59:00,27,36,6,1,4,,,,,,,,,,,,,,,54,47
M1/2114A,10/04/2025 00:00:00,07:14:00,28,58,4,1,3,,,,,,,,,,,,,,,54,66
M1/2114A,10/04/2025 00:00:00,07:29:00,29,59,10,2,4,,,,,,,,,,,,,,,54,75
M1/2114A,10/04/2025 00:00:00,07:44:00,30,48,2,5,4,,,,,,,,,,,,,,,54,59
M1/2114A,10/04/2025 00:00:00,07:59:00,31,42,4,7,4,,,,,,,,,,,,,,,51,57
M1/2114A,10/04/2025 00:00:00,08:14:00,32,46,4,5,5,,,,,,,,,,,,,,,55,60
M1/2114A,10/04/2025 00:00:00,08:29:00,33,45,12,4,7,,,,,,,,,,,,,,,52,68
M1/2114A,10/04/2025 00:00:00,08:44:00,34,46,8,4,2,,,,,,,,,,,,,,,56,60
M1/2114A,10/04/2025 00:00:00,08:59:00,35,43,8,5,6,,,,,,,,,,,,,,,52,62
M1/2114A,10/04/2025 00:00:00,09:14:00,36,44,8,9,5,,,,,,,,,,,,,,,54,66
M1/2114A,10/04/2025 00:00:00,09:29:00,37,44,11,7,5,,,,,,,,,,,,,,,51,67
M1/2114A,10/04/2025 00:00:00,09:44:00,38,54,8,3,2,,,,,,,,,,,,,,,52,67
M1/2114A,10/04/2025 00:00:00,09:59:00,39,41,7,5,13,,,,,,,,,,,,,,,52,66
M1/2114A,10/04/2025 00:00:00,10:14:00,40,45,12,7,9,,,,,,,,,,,,,,,52,73
M1/2114A,10/04/2025 00:00:00,10:29:00,41,63,8,6,4,,,,,,,,,,,,,,,52,81
M1/2114A,10/04/2025 00:00:00,10:44:00,42,65,12,9,5,,,,,,,,,,,,,,,52,91
M1/2114A,10/04/2025 00:00:00,10:59:00,43,51,9,8,8,,,,,,,,,,,,,,,52,76
M1/2114A,10/04/2025 00:00:00,11:14:00,44,75,9,13,7,,,,,,,,,,,,,,,50,104
M1/2114A,10/04/2025 00:00:00,11:29:00,45,55,13,8,6,,,,,,,,,,,,,,,51,82
M1/2114A,10/04/2025 00:00:00,11:44:00,46,75,20,20,3,,,,,,,,,,,,,,,51,118
M1/2114A,10/04/2025 00:00:00,11:59:00,47,58,18,8,6,,,,,,,,,,,,,,,51,90
M1/2114A,10/04/2025 00:00:00,12:14:00,48,69,18,10,7,,,,,,,,,,,,,,,53,104
M1/2114A,10/04/2025 00:00:00,12:29:00,49,71,15,11,3,,,,,,,,,,,,,,,50,100
M1/2114A,10/04/2025 00:00:00,12:44:00,50,82,16,11,8,,,,,,,,,,,,,,,52,117
M1/2114A,10/04/2025 00:00:00,12:59:00,51,78,25,6,9,,,,,,,,,,,,,,,54,118
M1/2114A,10/04/2025 00:00:00,13:14:00,52,69,14,12,7,,,,,,,,,,,,,,,53,102
M1/2114A,10/04/2025 00:00:00,13:29:00,53,106,19,18,7,,,,,,,,,,,,,,,53,150
M1/2114A,10/04/2025 00:00:00,13:44:00,54,65,18,7,6,,,,,,,,,,,,,,,52,96
M1/2114A,10/04/2025 00:00:00,13:59:00,55,56,14,9,0,,,,,,,,,,,,,,,53,79
M1/2114A,10/04/2025 00:00:00,14:14:00,56,93,24,8,8,,,,,,,,,,,,,,,55,133
M1/2114A,10/04/2025 00:00:00,14:29:00,57,71,16,9,7,,,,,,,,,,,,,,,50,103
M1/2114A,10/04/2025 00:00:00,14:44:00,58,105,31,6,5,,,,,,,,,,,,,,,54,147
M1/2114A,10/04/2025 00:00:00,14:59:00,59,140,22,11,8,,,,,,,,,,,,,,,54,181
M1/2114A,10/04/2025 00:00:00,15:14:00,60,110,13,9,3,,,,,,,,,,,,,,,54,135
M1/2114A,10/04/2025 00:00:00,15:29:00,61,159,29,10,7,,,,,,,,,,,,,,,54,205
M1/2114A,10/04/2025 00:00:00,15:44:00,62,176,36,11,4,,,,,,,,,,,,,,,54,227
M1/2114A,10/04/2025 00:00:00,15:59:00,63,177,34,5,11,,,,,,,,,,,,,,,52,227
M1/2114A,10/04/2025 00:00:00,16:14:00,64,176,33,11,5,,,,,,,,,,,,,,,54,225
M1/2114A,10/04/2025 00:00:00,16:29:00,65,159,33,6,8,,,,,,,,,,,,,,,53,207
M1/2114A,10/04/2025 00:00:00,16:44:00,66,152,25,4,5,,,,,,,,,,,,,,,52,186
M1/2114A,10/04/2025 00:00:00,16:59:00,67,174,35,10,7,,,,,,,,,,,,,,,53,226
M1/2114A,10/04/2025 00:00:00,17:14:00,68,173,44,2,8,,,,,,,,,,,,,,,51,227
M1/2114A,10/04/2025 00:00:00,17:27:00,69,200,29,3,2,,,,,,,,,,,,,,,54,234
M1/2114A,10/04/2025 00:00:00,17:44:00,70,193,38,10,6,,,,,,,,,,,,,,,54,246
M1/2114A,10/04/2025 00:00:00,17:59:00,71,197,18,5,7,,,,,,,,,,,,,,,54,227
M1/2114A,10/04/2025 00:00:00,18:14:00,72,191,12,7,4,,,,,,,,,,,,,,,54,214
M1/2114A,10/04/2025 00:00:00,18:29:00,73,176,17,0,3,,,,,,,,,,,,,,,52,196
M1/2114A,10/04/2025 00:00:00,18:44:00,74,165,15,2,9,,,,,,,,,,,,,,,54,191
M1/2114A,10/04/2025 00:00:00,18:59:00,75,128,13,3,5,,,,,,,,,,,,,,,54,149
M1/2114A,10/04/2025 00:00:00,19:14:00,76,138,13,2,4,,,,,,,,,,,,,,,53,157
M1/2114A,10/04/2025 00:00:00,19:29:00,77,110,16,2,4,,,,,,,,,,,,,,,55,132
M1/2114A,10/04/2025 00:00:00,19:44:00,78,116,10,2,5,,,,,,,,,,,,,,,53,133
M1/2114A,10/04/2025 00:00:00,19:59:00,79,85,8,1,5,,,,,,,,,,,,,,,52,99
M1/2114A,10/04/2025 00:00:00,20:14:00,80,69,5,4,6,,,,,,,,,,,,,,,52,84
M1/2114A,10/04/2025 00:00:00,20:29:00,81,70,11,3,6,,,,,,,,,,,,,,,52,90
M1/2114A,10/04/2025 00:00:00,20:44:00,82,76,8,3,6,,,,,,,,,,,,,,,52,93
M1/2114A,10/04/2025 00:00:00,20:59:00,83,63,3,2,9,,,,,,,,,,,,,,,49,77
M1/2114A,10/04/2025 00:00:00,21:14:00,84,58,4,4,3,,,,,,,,,,,,,,,36,69
M1/2114A,10/04/2025 00:00:00,21:29:00,85,50,10,2,4,,,,,,,,,,,,,,,44,66
M1/2114A,10/04/2025 00:00:00,21:44:00,86,45,10,3,3,,,,,,,,,,,,,,,44,61
M1/2114A,10/04/2025 00:00:00,21:59:00,87,52,8,0,2,,,,,,,,,,,,,,,46,62
M1/2114A,10/04/2025 00:00:00,22:14:00,88,43,4,1,6,,,,,,,,,,,,,,,44,54
M1/2114A,10/04/2025 00:00:00,22:29:00,89,57,8,6,1,,,,,,,,,,,,,,,46,72
M1/2114A,10/04/2025 00:00:00,22:44:00,90,54,3,2,2,,,,,,,,,,,,,,,43,61
M1/2114A,10/04/2025 00:00:00,22:59:00,91,59,8,3,3,,,,,,,,,,,,,,,42,73
M1/2114A,10/04/2025 00:00:00,23:14:00,92,65,9,1,4,,,,,,,,,,,,,,,44,79
M1/2114A,10/04/2025 00:00:00,23:29:00,93,60,8,0,2,,,,,,,,,,,,,,,45,70
M1/2114A,10/04/2025 00:00:00,23:44:00,94,39,0,0,1,,,,,,,,,,,,,,,45,40
M1/2114A,10/04/2025 00:00:00,23:59:00,95,30,8,1,6,,,,,,,,,,,,,,,44,45
M1/2114A,11/04/2025 00:00:00,00:14:00,0,36,6,1,2,,,,,,,,,,,,,,,47,45
M1/2114A,11/04/2025 00:00:00,00:29:00,1,25,5,1,3,,,,,,,,,,,,,,,46,34
M1/2114A,11/04/2025 00:00:00,00:44:00,2,16,3,2,3,,,,,,,,,,,,,,,44,24
M1/2114A,11/04/2025 00:00:00,00:59:00,3,27,4,4,4,,,,,,,,,,,,,,,45,39
M1/2114A,11/04/2025 00:00:00,01:14:00,4,17,3,0,0,,,,,,,,,,,,,,,44,20
M1/2114A,11/04/2025 00:00:00,01:29:00,5,18,2,0,1,,,,,,,,,,,,,,,43,21
M1/2114A,11/04/2025 00:00:00,01:44:00,6,12,1,1,0,,,,,,,,,,,,,,,47,14
M1/2114A,11/04/2025 00:00:00,01:59:00,7,15,1,0,5,,,,,,,,,,,,,,,44,21
M1/2114A,11/04/2025 00:00:00,02:14:00,8,19,5,1,1,,,,,,,,,,,,,,,47,26
M1/2114A,11/04/2025 00:00:00,02:29:00,9,9,4,0,2,,,,,,,,,,,,,,,46,15
M1/2114A,11/04/2025 00:00:00,02:44:00,10,12,2,2,1,,,,,,,,,,,,,,,47,17
M1/2114A,11/04/2025 00:00:00,02:59:00,11,13,1,0,0,,,,,,,,,,,,,,,47,14
M1/2114A,11/04/2025 00:00:00,03:14:00,12,8,0,3,2,,,,,,,,,,,,,,,41,13
M1/2114A,11/04/2025 00:00:00,03:29:00,13,12,0,0,2,,,,,,,,,,,,,,,44,14
M1/2114A,11/04/2025 00:00:00,03:44:00,14,17,2,1,3,,,,,,,,,,,,,,,43,23
M1/2114A,11/04/2025 00:00:00,03:59:00,15,10,1,1,3,,,,,,,,,,,,,,,47,15
M1/2114A,11/04/2025 00:00:00,04:14:00,16,16,3,3,3,,,,,,,,,,,,,,,52,25
M1/2114A,11/04/2025 00:00:00,04:29:00,17,23,3,1,1,,,,,,,,,,,,,,,50,28
M1/2114A,11/04/2025 00:00:00,04:44:00,18,14,1,0,2,,,,,,,,,,,,,,,52,17
M1/2114A,11/04/2025 00:00:00,04:59:00,19,24,2,2,2,,,,,,,,,,,,,,,53,30
M1/2114A,11/04/2025 00:00:00,05:14:00,20,12,2,2,2,,,,,,,,,,,,,,,48,18
M1/2114A,11/04/2025 00:00:00,05:29:00,21,14,3,1,2,,,,,,,,,,,,,,,52,20
M1/2114A,11/04/2025 00:00:00,05:44:00,22,24,0,0,1,,,,,,,,,,,,,,,53,25
M1/2114A,11/04/2025 00:00:00,05:59:00,23,15,4,0,4,,,,,,,,,,,,,,,53,23
M1/2114A,11/04/2025 00:00:00,06:14:00,24,17,3,1,2,,,,,,,,,,,,,,,56,23
M1/2114A,11/04/2025 00:00:00,06:29:00,25,28,8,7,4,,,,,,,,,,,,,,,53,47
M1/2114A,11/04/2025 00:00:00,06:44:00,26,25,2,1,5,,,,,,,,,,,,,,,53,33
M1/2114A,11/04/2025 00:00:00,06:59:00,27,33,5,1,5,,,,,,,,,,,,,,,53,44
M1/2114A,11/04/2025 00:00:00,07:14:00,28,45,6,0,3,,,,,,,,,,,,,,,52,54
M1/2114A,11/04/2025 00:00:00,07:29:00,29,45,7,4,4,,,,,,,,,,,,,,,54,60
M1/2114A,11/04/2025 00:00:00,07:44:00,30,48,7,1,2,,,,,,,,,,,,,,,55,58
M1/2114A,11/04/2025 00:00:00,07:59:00,31,32,7,3,4,,,,,,,,,,,,,,,55,46
M1/2114A,11/04/2025 00:00:00,08:14:00,32,49,9,3,6,,,,,,,,,,,,,,,52,67
M1/2114A,11/04/2025 00:00:00,08:29:00,33,56,10,3,6,,,,,,,,,,,,,,,53,75
M1/2114A,11/04/2025 00:00:00,08:44:00,34,59,10,9,4,,,,,,,,,,,,,,,52,81
M1/2114A,11/04/2025 00:00:00,08:59:00,35,55,12,5,6,,,,,,,,,,,,,,,52,78
M1/2114A,11/04/2025 00:00:00,09:14:00,36,51,14,5,3,,,,,,,,,,,,,,,54,73
M1/2114A,11/04/2025 00:00:00,09:29:00,37,43,12,10,7,,,,,,,,,,,,,,,50,72
M1/2114A,11/04/2025 00:00:00,09:44:00,38,55,14,6,2,,,,,,,,,,,,,,,52,77
M1/2114A,11/04/2025 00:00:00,09:59:00,39,44,12,11,10,,,,,,,,,,,,,,,52,77
M1/2114A,11/04/2025 00:00:00,10:14:00,40,54,8,4,5,,,,,,,,,,,,,,,52,71
M1/2114A,11/04/2025 00:00:00,10:29:00,41,72,16,7,9,,,,,,,,,,,,,,,51,104
M1/2114A,11/04/2025 00:00:00,10:44:00,42,73,23,3,5,,,,,,,,,,,,,,,51,104
M1/2114A,11/04/2025 00:00:00,10:59:00,43,62,12,4,5,,,,,,,,,,,,,,,50,84
M1/2114A,11/04/2025 00:00:00,11:14:00,44,78,16,7,4,,,,,,,,,,,,,,,50,105
M1/2114A,11/04/2025 00:00:00,11:29:00,45,93,9,9,6,,,,,,,,,,,,,,,52,117
M1/2114A,11/04/2025 00:00:00,11:44:00,46,93,20,12,2,,,,,,,,,,,,,,,51,127
M1/2114A,11/04/2025 00:00:00,11:59:00,47,88,19,10,6,,,,,,,,,,,,,,,53,123
M1/2114A,11/04/2025 00:00:00,12:14:00,48,83,19,11,5,,,,,,,,,,,,,,,52,118
M1/2114A,11/04/2025 00:00:00,12:29:00,49,76,25,10,7,,,,,,,,,,,,,,,51,118
M1/2114A,11/04/2025 00:00:00,12:44:00,50,108,18,5,6,,,,,,,,,,,,,,,53,137
M1/2114A,11/04/2025 00:00:00,12:59:00,51,114,24,11,10,,,,,,,,,,,,,,,52,159
M1/2114A,11/04/2025 00:00:00,13:14:00,52,113,15,13,7,,,,,,,,,,,,,,,46,148
M1/2114A,11/04/2025 00:00:00,13:29:00,53,102,16,15,5,,,,,,,,,,,,,,,52,138
M1/2114A,11/04/2025 00:00:00,13:44:00,54,102,35,10,4,,,,,,,,,,,,,,,53,151
M1/2114A,11/04/2025 00:00:00,13:59:00,55,104,31,10,6,,,,,,,,,,,,,,,53,151
M1/2114A,11/04/2025 00:00:00,14:14:00,56,108,22,11,8,,,,,,,,,,,,,,,53,149
M1/2114A,11/04/2025 00:00:00,14:29:00,57,98,27,8,7,,,,,,,,,,,,,,,54,140
M1/2114A,11/04/2025 00:00:00,14:44:00,58,113,20,13,4,,,,,,,,,,,,,,,54,150
M1/2114A,11/04/2025 00:00:00,14:59:00,59,136,30,10,3,,,,,,,,,,,,,,,54,179
M1/2114A,11/04/2025 00:00:00,15:14:00,60,127,22,6,5,,,,,,,,,,,,,,,52,160
M1/2114A,11/04/2025 00:00:00,15:29:00,61,142,24,5,8,,,,,,,,,,,,,,,52,179
M1/2114A,11/04/2025 00:00:00,15:44:00,62,161,25,5,7,,,,,,,,,,,,,,,52,198
M1/2114A,11/04/2025 00:00:00,15:59:00,63,184,32,5,10,,,,,,,,,,,,,,,54,231
M1/2114A,11/04/2025 00:00:00,16:14:00,64,147,30,13,2,,,,,,,,,,,,,,,53,192
M1/2114A,11/04/2025 00:00:00,16:29:00,65,151,30,5,9,,,,,,,,,,,,,,,53,195
M1/2114A,11/04/2025 00:00:00,16:44:00,66,174,41,3,8,,,,,,,,,,,,,,,52,225
M1/2114A,11/04/2025 00:00:00,16:59:00,67,140,25,4,5,,,,,,,,,,,,,,,56,174
M1/2114A,11/04/2025 00:00:00,17:14:00,68,150,24,6,6,,,,,,,,,,,,,,,53,186
M1/2114A,11/04/2025 00:00:00,17:29:00,69,197,26,9,9,,,,,,,,,,,,,,,53,241
M1/2114A,11/04/2025 00:00:00,17:44:00,70,122,21,9,6,,,,,,,,,,,,,,,51,158
M1/2114A,11/04/2025 00:00:00,17:59:00,71,171,13,2,5,,,,,,,,,,,,,,,54,191
M1/2114A,11/04/2025 00:00:00,18:14:00,72,156,17,6,2,,,,,,,,,,,,,,,54,181
M1/2114A,11/04/2025 00:00:00,18:29:00,73,133,15,4,6,,,,,,,,,,,,,,,54,159
M1/2114A,11/04/2025 00:00:00,18:44:00,74,116,11,1,9,,,,,,,,,,,,,,,54,136
M1/2114A,11/04/2025 00:00:00,18:59:00,75,103,13,0,3,,,,,,,,,,,,,,,55,119
M1/2114A,11/04/2025 00:00:00,19:14:00,76,99,13,0,5,,,,,,,,,,,,,,,54,117
M1/2114A,11/04/2025 00:00:00,19:29:00,77,99,5,2,4,,,,,,,,,,,,,,,53,110
M1/2114A,11/04/2025 00:00:00,19:44:00,78,87,11,2,8,,,,,,,,,,,,,,,52,108
M1/2114A,11/04/2025 00:00:00,19:59:00,79,59,9,4,4,,,,,,,,,,,,,,,53,76
M1/2114A,11/04/2025 00:00:00,20:14:00,80,73,5,2,5,,,,,,,,,,,,,,,53,85
M1/2114A,11/04/2025 00:00:00,20:29:00,81,87,8,2,9,,,,,,,,,,,,,,,53,106
M1/2114A,11/04/2025 00:00:00,20:44:00,82,40,8,3,3,,,,,,,,,,,,,,,51,54
M1/2114A,11/04/2025 00:00:00,20:59:00,83,61,6,1,10,,,,,,,,,,,,,,,51,78
M1/2114A,11/04/2025 00:00:00,21:14:00,84,66,3,2,6,,,,,,,,,,,,,,,51,77
M1/2114A,11/04/2025 00:00:00,21:29:00,85,61,3,2,4,,,,,,,,,,,,,,,51,70
M1/2114A,11/04/2025 00:00:00,21:44:00,86,49,6,2,2,,,,,,,,,,,,,,,38,59
M1/2114A,11/04/2025 00:00:00,21:59:00,87,56,5,0,9,,,,,,,,,,,,,,,41,70
M1/2114A,11/04/2025 00:00:00,22:14:00,88,48,8,2,3,,,,,,,,,,,,,,,45,61
M1/2114A,11/04/2025 00:00:00,22:29:00,89,62,3,3,5,,,,,,,,,,,,,,,45,73
M1/2114A,11/04/2025 00:00:00,22:44:00,90,54,7,3,1,,,,,,,,,,,,,,,44,65
M1/2114A,11/04/2025 00:00:00,22:59:00,91,65,4,2,5,,,,,,,,,,,,,,,45,76
M1/2114A,11/04/2025 00:00:00,23:14:00,92,74,10,1,4,,,,,,,,,,,,,,,44,89
M1/2114A,11/04/2025 00:00:00,23:29:00,93,68,6,1,3,,,,,,,,,,,,,,,43,78
M1/2114A,11/04/2025 00:00:00,23:44:00,94,64,9,2,4,,,,,,,,,,,,,,,44,79
M1/2114A,11/04/2025 00:00:00,23:59:00,95,57,3,0,4,,,,,,,,,,,,,,,43,64
M1/2114A,12/04/2025 00:00:00,00:14:00,0,45,4,0,2,,,,,,,,,,,,,,,43,51
M1/2114A,12/04/2025 00:00:00,00:29:00,1,38,0,1,9,,,,,,,,,,,,,,,43,48
M1/2114A,12/04/2025 00:00:00,00:44:00,2,27,3,0,2,,,,,,,,,,,,,,,41,32
M1/2114A,12/04/2025 00:00:00,00:59:00,3,34,4,1,5,,,,,,,,,,,,,,,45,44
M1/2114A,12/04/2025 00:00:00,01:14:00,4,32,3,3,2,,,,,,,,,,,,,,,47,40
M1/2114A,12/04/2025 00:00:00,01:29:00,5,27,5,2,0,,,,,,,,,,,,,,,47,34
M1/2114A,12/04/2025 00:00:00,01:44:00,6,25,2,1,2,,,,,,,,,,,,,,,44,30
M1/2114A,12/04/2025 00:00:00,01:59:00,7,25,1,2,2,,,,,,,,,,,,,,,49,30
M1/2114A,12/04/2025 00:00:00,02:14:00,8,24,1,0,3,,,,,,,,,,,,,,,50,28
M1/2114A,12/04/2025 00:00:00,02:29:00,9,14,1,2,3,,,,,,,,,,,,,,,53,20
M1/2114A,12/04/2025 00:00:00,02:44:00,10,26,1,1,1,,,,,,,,,,,,,,,51,29
M1/2114A,12/04/2025 00:00:00,02:59:00,11,14,2,0,1,,,,,,,,,,,,,,,50,17
M1/2114A,12/04/2025 00:00:00,03:14:00,12,16,1,1,0,,,,,,,,,,,,,,,50,18
M1/2114A,12/04/2025 00:00:00,03:29:00,13,23,2,0,4,,,,,,,,,,,,,,,50,29
M1/2114A,12/04/2025 00:00:00,03:44:00,14,15,5,0,1,,,,,,,,,,,,,,,51,21
M1/2114A,12/04/2025 00:00:00,03:59:00,15,28,5,1,1,,,,,,,,,,,,,,,52,35
M1/2114A,12/04/2025 00:00:00,04:14:00,16,16,1,3,2,,,,,,,,,,,,,,,49,22
M1/2114A,12/04/2025 00:00:00,04:29:00,17,27,0,0,1,,,,,,,,,,,,,,,50,28
M1/2114A,12/04/2025 00:00:00,04:44:00,18,27,1,0,4,,,,,,,,,,,,,,,51,32
M1/2114A,12/04/2025 00:00:00,04:59:00,19,24,3,2,2,,,,,,,,,,,,,,,52,31
M1/2114A,12/04/2025 00:00:00,05:14:00,20,17,0,0,2,,,,,,,,,,,,,,,51,19
M1/2114A,12/04/2025 00:00:00,05:29:00,21,21,2,0,4,,,,,,,,,,,,,,,49,28
M1/2114A,12/04/2025 00:00:00,05:44:00,22,21,2,0,0,,,,,,,,,,,,,,,52,24
M1/2114A,12/04/2025 00:00:00,05:59:00,23,21,1,0,2,,,,,,,,,,,,,,,54,25
M1/2114A,12/04/2025 00:00:00,06:13:00,24,19,2,3,2,,,,,,,,,,,,,,,54,27
M1/2114A,12/04/2025 00:00:00,06:29:00,25,26,2,1,5,,,,,,,,,,,,,,,51,34
M1/2114A,12/04/2025 00:00:00,06:44:00,26,26,1,2,5,,,,,,,,,,,,,,,58,34
M1/2114A,12/04/2025 00:00:00,06:59:00,27,39,1,3,3,,,,,,,,,,,,,,,52,46
M1/2114A,12/04/2025 00:00:00,07:14:00,28,29,3,2,2,,,,,,,,,,,,,,,53,36
M1/2114A,12/04/2025 00:00:00,07:29:00,29,39,2,0,3,,,,,,,,,,,,,,,52,44
M1/2114A,12/04/2025 00:00:00,07:44:00,30,30,3,1,5,,,,,,,,,,,,,,,50,39
M1/2114A,12/04/2025 00:00:00,07:59:00,31,37,3,1,4,,,,,,,,,,,,,,,55,45
M1/2114A,12/04/2025 00:00:00,08:14:00,32,36,2,0,5,,,,,,,,,,,,,,,51,43
M1/2114A,12/04/2025 00:00:00,08:29:00,33,52,4,4,7,,,,,,,,,,,,,,,50,67
M1/2114A,12/04/2025 00:00:00,08:44:00,34,55,2,0,3,,,,,,,,,,,,,,,54,60
M1/2114A,12/04/2025 00:00:00,08:59:00,35,56,5,3,6,,,,,,,,,,,,,,,53,70
M1/2114A,12/04/2025 00:00:00,09:14:00,36,49,8,1,4,,,,,,,,,,,,,,,51,62
M1/2114A,12/04/2025 00:00:00,09:29:00,37,63,3,1,5,,,,,,,,,,,,,,,51,72
M1/2114A,12/04/2025 00:00:00,09:44:00,38,64,12,4,2,,,,,,,,,,,,,,,53,83
M1/2114A,12/04/2025 00:00:00,09:59:00,39,69,9,2,8,,,,,,,,,,,,,,,52,87
M1/2114A,12/04/2025 00:00:00,10:14:00,40,86,8,1,6,,,,,,,,,,,,,,,51,101
M1/2114A,12/04/2025 00:00:00,10:29:00,41,67,6,3,3,,,,,,,,,,,,,,,51,79
M1/2114A,12/04/2025 00:00:00,10:44:00,42,83,7,3,5,,,,,,,,,,,,,,,51,98
M1/2114A,12/04/2025 00:00:00,10:59:00,43,72,8,2,8,,,,,,,,,,,,,,,53,89
M1/2114A,12/04/2025 00:00:00,11:14:00,44,83,5,4,6,,,,,,,,,,,,,,,51,99
M1/2114A,12/04/2025 00:00:00,11:29:00,45,86,7,2,3,,,,,,,,,,,,,,,52,98
M1/2114A,12/04/2025 00:00:00,11:44:00,46,104,9,2,7,,,,,,,,,,,,,,,51,122
M1/2114A,12/04/2025 00:00:00,11:59:00,47,79,2,3,5,,,,,,,,,,,,,,,51,90
M1/2114A,12/04/2025 00:00:00,12:14:00,48,96,8,5,3,,,,,,,,,,,,,,,51,112
M1/2114A,12/04/2025 00:00:00,12:29:00,49,90,10,2,3,,,,,,,,,,,,,,,53,105
M1/2114A,12/04/2025 00:00:00,12:44:00,50,111,12,2,4,,,,,,,,,,,,,,,52,129
M1/2114A,12/04/2025 00:00:00,12:59:00,51,92,10,2,10,,,,,,,,,,,,,,,53,114
M1/2114A,12/04/2025 00:00:00,13:14:00,52,118,13,3,4,,,,,,,,,,,,,,,53,138
M1/2114A,12/04/2025 00:00:00,13:29:00,53,98,15,1,6,,,,,,,,,,,,,,,54,120
M1/2114A,12/04/2025 00:00:00,13:44:00,54,106,10,3,5,,,,,,,,,,,,,,,52,124
M1/2114A,12/04/2025 00:00:00,13:59:00,55,99,12,2,5,,,,,,,,,,,,,,,53,118
M1/2114A,12/04/2025 00:00:00,14:14:00,56,94,11,6,3,,,,,,,,,,,,,,,54,114
M1/2114A,12/04/2025 00:00:00,14:29:00,57,94,7,1,2,,,,,,,,,,,,,,,53,104
M1/2114A,12/04/2025 00:00:00,14:43:00,58,110,13,5,8,,,,,,,,,,,,,,,53,135
M1/2114A,12/04/2025 00:00:00,14:59:00,59,81,14,2,9,,,,,,,,,,,,,,,53,106
M1/2114A,12/04/2025 00:00:00,15:14:00,60,79,6,4,3,,,,,,,,,,,,,,,54,93
M1/2114A,12/04/2025 00:00:00,15:29:00,61,113,9,2,5,,,,,,,,,,,,,,,54,129
M1/2114A,12/04/2025 00:00:00,15:44:00,62,115,13,4,6,,,,,,,,,,,,,,,54,138
M1/2114A,12/04/2025 00:00:00,15:59:00,63,102,3,1,5,,,,,,,,,,,,,,,54,111
M1/2114A,12/04/2025 00:00:00,16:14:00,64,104,10,0,12,,,,,,,,,,,,,,,54,126
M1/2114A,12/04/2025 00:00:00,16:29:00,65,95,7,2,4,,,,,,,,,,,,,,,54,108
M1/2114A,12/04/2025 00:00:00,16:44:00,66,135,3,2,5,,,,,,,,,,,,,,,53,145
M1/2114A,12/04/2025 00:00:00,16:59:00,67,103,6,2,4,,,,,,,,,,,,,,,55,116
M1/2114A,12/04/2025 00:00:00,17:14:00,68,111,7,2,7,,,,,,,,,,,,,,,52,127
M1/2114A,12/04/2025 00:00:00,17:29:00,69,112,9,1,8,,,,,,,,,,,,,,,52,130
M1/2114A,12/04/2025 00:00:00,17:44:00,70,137,8,1,3,,,,,,,,,,,,,,,53,149
M1/2114A,12/04/2025 00:00:00,17:59:00,71,122,6,1,4,,,,,,,,,,,,,,,55,133
M1/2114A,12/04/2025 00:00:00,18:14:00,72,104,7,3,4,,,,,,,,,,,,,,,52,118
M1/2114A,12/04/2025 00:00:00,18:29:00,73,106,5,2,9,,,,,,,,,,,,,,,53,122
M1/2114A,12/04/2025 00:00:00,18:44:00,74,94,11,1,5,,,,,,,,,,,,,,,53,111
M1/2114A,12/04/2025 00:00:00,18:59:00,75,111,5,2,5,,,,,,,,,,,,,,,54,123
M1/2114A,12/04/2025 00:00:00,19:14:00,76,103,2,1,8,,,,,,,,,,,,,,,52,114
M1/2114A,12/04/2025 00:00:00,19:29:00,77,94,7,1,7,,,,,,,,,,,,,,,51,109
M1/2114A,12/04/2025 00:00:00,19:44:00,78,91,2,0,4,,,,,,,,,,,,,,,54,97
M1/2114A,12/04/2025 00:00:00,19:59:00,79,108,2,3,5,,,,,,,,,,,,,,,52,118
M1/2114A,12/04/2025 00:00:00,20:13:00,80,83,2,0,4,,,,,,,,,,,,,,,52,89
M1/2114A,12/04/2025 00:00:00,20:29:00,81,105,3,0,9,,,,,,,,,,,,,,,51,118
M1/2114A,12/04/2025 00:00:00,20:44:00,82,90,5,2,4,,,,,,,,,,,,,,,51,102
M1/2114A,12/04/2025 00:00:00,20:59:00,83,115,14,1,6,,,,,,,,,,,,,,,51,136
M1/2114A,12/04/2025 00:00:00,21:14:00,84,91,6,1,5,,,,,,,,,,,,,,,51,103
M1/2114A,12/04/2025 00:00:00,21:29:00,85,76,8,1,3,,,,,,,,,,,,,,,49,88
M1/2114A,12/04/2025 00:00:00,21:44:00,86,93,2,2,5,,,,,,,,,,,,,,,51,103
M1/2114A,12/04/2025 00:00:00,21:59:00,87,88,6,2,6,,,,,,,,,,,,,,,50,102
M1/2114A,12/04/2025 00:00:00,22:14:00,88,106,4,0,4,,,,,,,,,,,,,,,51,114
M1/2114A,12/04/2025 00:00:00,22:29:00,89,76,7,2,6,,,,,,,,,,,,,,,51,91
M1/2114A,12/04/2025 00:00:00,22:44:00,90,120,5,2,5,,,,,,,,,,,,,,,50,132
M1/2114A,12/04/2025 00:00:00,22:59:00,91,102,4,1,2,,,,,,,,,,,,,,,52,109
M1/2114A,12/04/2025 00:00:00,23:14:00,92,123,4,2,4,,,,,,,,,,,,,,,51,133
M1/2114A,12/04/2025 00:00:00,23:29:00,93,117,5,1,2,,,,,,,,,,,,,,,51,125
M1/2114A,12/04/2025 00:00:00,23:44:00,94,87,9,1,2,,,,,,,,,,,,,,,49,99
M1/2114A,12/04/2025 00:00:00,23:59:00,95,88,5,3,4,,,,,,,,,,,,,,,51,100
M1/2114A,13/04/2025 00:00:00,00:14:00,0,71,8,2,3,,,,,,,,,,,,,,,50,84
M1/2114A,13/04/2025 00:00:00,00:29:00,1,60,4,0,9,,,,,,,,,,,,,,,51,73
M1/2114A,13/04/2025 00:00:00,00:44:00,2,52,4,1,4,,,,,,,,,,,,,,,50,61
M1/2114A,13/04/2025 00:00:00,00:59:00,3,46,4,1,5,,,,,,,,,,,,,,,51,56
M1/2114A,13/04/2025 00:00:00,01:14:00,4,54,0,1,2,,,,,,,,,,,,,,,51,57
M1/2114A,13/04/2025 00:00:00,01:29:00,5,44,3,0,1,,,,,,,,,,,,,,,53,48
M1/2114A,13/04/2025 00:00:00,01:44:00,6,44,0,0,2,,,,,,,,,,,,,,,54,46
M1/2114A,13/04/2025 00:00:00,01:59:00,7,49,2,0,3,,,,,,,,,,,,,,,50,54
M1/2114A,13/04/2025 00:00:00,02:14:00,8,24,2,1,2,,,,,,,,,,,,,,,50,29
M1/2114A,13/04/2025 00:00:00,02:29:00,9,33,0,0,4,,,,,,,,,,,,,,,49,37
M1/2114A,13/04/2025 00:00:00,02:44:00,10,35,2,1,1,,,,,,,,,,,,,,,54,39
M1/2114A,13/04/2025 00:00:00,02:59:00,11,44,2,2,1,,,,,,,,,,,,,,,47,49
M1/2114A,13/04/2025 00:00:00,03:14:00,12,29,1,0,0,,,,,,,,,,,,,,,49,30
M1/2114A,13/04/2025 00:00:00,03:29:00,13,33,1,4,2,,,,,,,,,,,,,,,52,40
M1/2114A,13/04/2025 00:00:00,03:44:00,14,26,3,0,4,,,,,,,,,,,,,,,49,33
M1/2114A,13/04/2025 00:00:00,03:59:00,15,22,3,1,1,,,,,,,,,,,,,,,51,27
M1/2114A,13/04/2025 00:00:00,04:14:00,16,28,0,0,4,,,,,,,,,,,,,,,52,32
M1/2114A,13/04/2025 00:00:00,04:29:00,17,20,2,1,1,,,,,,,,,,,,,,,49,24
M1/2114A,13/04/2025 00:00:00,04:44:00,18,20,0,0,2,,,,,,,,,,,,,,,50,22
M1/2114A,13/04/2025 00:00:00,04:59:00,19,21,4,2,1,,,,,,,,,,,,,,,50,28
M1/2114A,13/04/2025 00:00:00,05:14:00,20,19,1,0,1,,,,,,,,,,,,,,,49,21
M1/2114A,13/04/2025 00:00:00,05:29:00,21,19,1,0,2,,,,,,,,,,,,,,,52,22
M1/2114A,13/04/2025 00:00:00,05:44:00,22,14,0,0,0,,,,,,,,,,,,,,,50,14
M1/2114A,13/04/2025 00:00:00,05:59:00,23,18,1,0,1,,,,,,,,,,,,,,,55,20
M1/2114A,13/04/2025 00:00:00,06:14:00,24,12,1,0,1,,,,,,,,,,,,,,,57,14
M1/2114A,13/04/2025 00:00:00,06:29:00,25,20,0,2,5,,,,,,,,,,,,,,,53,27
M1/2114A,13/04/2025 00:00:00,06:44:00,26,23,0,1,4,,,,,,,,,,,,,,,52,28
M1/2114A,13/04/2025 00:00:00,06:59:00,27,24,1,0,2,,,,,,,,,,,,,,,53,27
M1/2114A,13/04/2025 00:00:00,07:14:00,28,33,2,3,2,,,,,,,,,,,,,,,52,40
M1/2114A,13/04/2025 00:00:00,07:29:00,29,30,3,1,3,,,,,,,,,,,,,,,51,37
M1/2114A,13/04/2025 00:00:00,07:44:00,30,30,2,0,2,,,,,,,,,,,,,,,51,34
M1/2114A,13/04/2025 00:00:00,07:59:00,31,37,2,2,5,,,,,,,,,,,,,,,52,46
M1/2114A,13/04/2025 00:00:00,08:14:00,32,27,2,0,2,,,,,,,,,,,,,,,55,31
M1/2114A,13/04/2025 00:00:00,08:29:00,33,35,2,0,6,,,,,,,,,,,,,,,53,43
M1/2114A,13/04/2025 00:00:00,08:44:00,34,39,2,0,3,,,,,,,,,,,,,,,52,44
M1/2114A,13/04/2025 00:00:00,08:59:00,35,28,4,1,6,,,,,,,,,,,,,,,54,39
M1/2114A,13/04/2025 00:00:00,09:14:00,36,44,3,3,2,,,,,,,,,,,,,,,49,52
M1/2114A,13/04/2025 00:00:00,09:29:00,37,36,4,0,5,,,,,,,,,,,,,,,52,45
M1/2114A,13/04/2025 00:00:00,09:44:00,38,48,4,2,6,,,,,,,,,,,,,,,50,60
M1/2114A,13/04/2025 00:00:00,09:59:00,39,51,4,0,11,,,,,,,,,,,,,,,51,66
M1/2114A,13/04/2025 00:00:00,10:14:00,40,58,4,2,4,,,,,,,,,,,,,,,51,68
M1/2114A,13/04/2025 00:00:00,10:29:00,41,82,3,1,1,,,,,,,,,,,,,,,52,87
M1/2114A,13/04/2025 00:00:00,10:44:00,42,80,5,2,5,,,,,,,,,,,,,,,52,92
M1/2114A,13/04/2025 00:00:00,10:59:00,43,78,3,1,6,,,,,,,,,,,,,,,53,88
M1/2114A,13/04/2025 00:00:00,11:14:00,44,56,2,1,2,,,,,,,,,,,,,,,50,61
M1/2114A,13/04/2025 00:00:00,11:29:00,45,81,8,0,3,,,,,,,,,,,,,,,54,92
M1/2114A,13/04/2025 00:00:00,11:44:00,46,97,3,3,2,,,,,,,,,,,,,,,50,105
M1/2114A,13/04/2025 00:00:00,11:59:00,47,99,8,1,6,,,,,,,,,,,,,,,53,114
M1/2114A,13/04/2025 00:00:00,12:14:00,48,102,7,2,2,,,,,,,,,,,,,,,50,113
M1/2114A,13/04/2025 00:00:00,12:29:00,49,77,7,1,6,,,,,,,,,,,,,,,51,91
M1/2114A,13/04/2025 00:00:00,12:44:00,50,104,7,0,2,,,,,,,,,,,,,,,49,113
M1/2114A,13/04/2025 00:00:00,12:59:00,51,92,9,4,6,,,,,,,,,,,,,,,52,111
M1/2114A,13/04/2025 00:00:00,13:14:00,52,113,6,2,3,,,,,,,,,,,,,,,51,124
M1/2114A,13/04/2025 00:00:00,13:29:00,53,88,10,0,5,,,,,,,,,,,,,,,54,103
M1/2114A,13/04/2025 00:00:00,13:44:00,54,117,3,2,3,,,,,,,,,,,,,,,53,125
M1/2114A,13/04/2025 00:00:00,13:59:00,55,95,7,2,6,,,,,,,,,,,,,,,52,110
M1/2114A,13/04/2025 00:00:00,14:14:00,56,111,7,3,2,,,,,,,,,,,,,,,52,123
M1/2114A,13/04/2025 00:00:00,14:29:00,57,128,11,5,7,,,,,,,,,,,,,,,51,151
M1/2114A,13/04/2025 00:00:00,14:44:00,58,95,4,2,1,,,,,,,,,,,,,,,51,103
M1/2114A,13/04/2025 00:00:00,14:59:00,59,77,8,2,7,,,,,,,,,,,,,,,52,94
M1/2114A,13/04/2025 00:00:00,15:14:00,60,115,7,0,5,,,,,,,,,,,,,,,51,127
M1/2114A,13/04/2025 00:00:00,15:29:00,61,94,7,4,4,,,,,,,,,,,,,,,51,109
M1/2114A,13/04/2025 00:00:00,15:44:00,62,148,4,6,4,,,,,,,,,,,,,,,51,162
M1/2114A,13/04/2025 00:00:00,15:59:00,63,149,6,1,8,,,,,,,,,,,,,,,51,164
M1/2114A,13/04/2025 00:00:00,16:14:00,64,134,9,5,2,,,,,,,,,,,,,,,50,150
M1/2114A,13/04/2025 00:00:00,16:29:00,65,147,4,3,3,,,,,,,,,,,,,,,52,157
M1/2114A,13/04/2025 00:00:00,16:44:00,66,122,10,3,6,,,,,,,,,,,,,,,52,142
M1/2114A,13/04/2025 00:00:00,16:59:00,67,129,4,0,6,,,,,,,,,,,,,,,53,139
M1/2114A,13/04/2025 00:00:00,17:14:00,68,131,5,2,9,,,,,,,,,,,,,,,51,147
M1/2114A,13/04/2025 00:00:00,17:29:00,69,146,4,2,9,,,,,,,,,,,,,,,51,161
M1/2114A,13/04/2025 00:00:00,17:44:00,70,148,11,2,1,,,,,,,,,,,,,,,51,162
M1/2114A,13/04/2025 00:00:00,17:59:00,71,136,6,1,2,,,,,,,,,,,,,,,52,145
M1/2114A,13/04/2025 00:00:00,18:14:00,72,123,6,2,6,,,,,,,,,,,,,,,51,137
M1/2114A,13/04/2025 00:00:00,18:29:00,73,147,9,1,7,,,,,,,,,,,,,,,51,164
M1/2114A,13/04/2025 00:00:00,18:44:00,74,106,3,0,3,,,,,,,,,,,,,,,52,112
M1/2114A,13/04/2025 00:00:00,18:59:00,75,128,1,5,6,,,,,,,,,,,,,,,52,140
M1/2114A,13/04/2025 00:00:00,19:14:00,76,97,2,3,4,,,,,,,,,,,,,,,52,106
M1/2114A,13/04/2025 00:00:00,19:29:00,77,102,4,1,8,,,,,,,,,,,,,,,51,115
M1/2114A,13/04/2025 00:00:00,19:44:00,78,98,5,0,1,,,,,,,,,,,,,,,51,104
M1/2114A,13/04/2025 00:00:00,19:59:00,79,95,3,0,6,,,,,,,,,,,,,,,50,104
M1/2114A,13/04/2025 00:00:00,20:14:00,80,81,5,2,2,,,,,,,,,,,,,,,52,90
M1/2114A,13/04/2025 00:00:00,20:29:00,81,82,5,0,7,,,,,,,,,,,,,,,50,94
M1/2114A,13/04/2025 00:00:00,20:44:00,82,81,7,1,1,,,,,,,,,,,,,,,52,90
M1/2114A,13/04/2025 00:00:00,20:59:00,83,70,3,0,7,,,,,,,,,,,,,,,52,80
M1/2114A,13/04/2025 00:00:00,21:14:00,84,75,7,2,5,,,,,,,,,,,,,,,50,89
M1/2114A,13/04/2025 00:00:00,21:29:00,85,72,4,0,3,,,,,,,,,,,,,,,50,79
M1/2114A,13/04/2025 00:00:00,21:44:00,86,68,5,2,3,,,,,,,,,,,,,,,50,78
M1/2114A,13/04/2025 00:00:00,21:59:00,87,77,2,1,4,,,,,,,,,,,,,,,50,84
M1/2114A,13/04/2025 00:00:00,22:14:00,88,64,5,0,4,,,,,,,,,,,,,,,47,73
M1/2114A,13/04/2025 00:00:00,22:29:00,89,67,6,0,3,,,,,,,,,,,,,,,50,76
M1/2114A,13/04/2025 00:00:00,22:44:00,90,71,5,1,4,,,,,,,,,,,,,,,50,81
M1/2114A,13/04/2025 00:00:00,22:59:00,91,73,7,0,1,,,,,,,,,,,,,,,50,81
M1/2114A,13/04/2025 00:00:00,23:14:00,92,44,7,1,4,,,,,,,,,,,,,,,50,56
M1/2114A,13/04/2025 00:00:00,23:29:00,93,37,0,0,4,,,,,,,,,,,,,,,53,41
M1/2114A,13/04/2025 00:00:00,23:44:00,94,40,4,0,7,,,,,,,,,,,,,,,52,51
M1/2114A,13/04/2025 00:00:00,23:59:00,95,37,1,3,6,,,,,,,,,,,,,,,51,47
M1/2114A,14/04/2025 00:00:00,00:14:00,0,35,3,3,5,,,,,,,,,,,,,,,52,46
M1/2114A,14/04/2025 00:00:00,00:29:00,1,35,2,1,4,,,,,,,,,,,,,,,48,42
M1/2114A,14/04/2025 00:00:00,00:44:00,2,26,3,1,2,,,,,,,,,,,,,,,52,32
M1/2114A,14/04/2025 00:00:00,00:59:00,3,18,2,0,5,,,,,,,,,,,,,,,51,25
M1/2114A,14/04/2025 00:00:00,01:14:00,4,10,0,0,2,,,,,,,,,,,,,,,49,12
M1/2114A,14/04/2025 00:00:00,01:29:00,5,16,0,2,1,,,,,,,,,,,,,,,48,19
M1/2114A,14/04/2025 00:00:00,01:44:00,6,23,0,0,2,,,,,,,,,,,,,,,50,25
M1/2114A,14/04/2025 00:00:00,01:59:00,7,19,1,0,2,,,,,,,,,,,,,,,52,22
M1/2114A,14/04/2025 00:00:00,02:14:00,8,13,1,0,1,,,,,,,,,,,,,,,50,15
M1/2114A,14/04/2025 00:00:00,02:29:00,9,16,2,0,3,,,,,,,,,,,,,,,48,21
M1/2114A,14/04/2025 00:00:00,02:44:00,10,14,1,0,1,,,,,,,,,,,,,,,54,16
M1/2114A,14/04/2025 00:00:00,02:59:00,11,10,0,3,2,,,,,,,,,,,,,,,49,15
M1/2114A,14/04/2025 00:00:00,03:14:00,12,10,1,1,2,,,,,,,,,,,,,,,47,14
M1/2114A,14/04/2025 00:00:00,03:29:00,13,18,0,1,1,,,,,,,,,,,,,,,46,20
M1/2114A,14/04/2025 00:00:00,03:44:00,14,19,3,0,3,,,,,,,,,,,,,,,49,25
M1/2114A,14/04/2025 00:00:00,03:59:00,15,14,3,0,2,,,,,,,,,,,,,,,51,19
M1/2114A,14/04/2025 00:00:00,04:14:00,16,20,3,1,4,,,,,,,,,,,,,,,48,28
M1/2114A,14/04/2025 00:00:00,04:29:00,17,12,1,2,3,,,,,,,,,,,,,,,51,18
M1/2114A,14/04/2025 00:00:00,04:44:00,18,8,0,0,2,,,,,,,,,,,,,,,51,10
M1/2114A,14/04/2025 00:00:00,04:59:00,19,16,0,1,3,,,,,,,,,,,,,,,54,20
M1/2114A,14/04/2025 00:00:00,05:14:00,20,12,2,1,1,,,,,,,,,,,,,,,52,16
M1/2114A,14/04/2025 00:00:00,05:29:00,21,10,2,0,4,,,,,,,,,,,,,,,50,16
M1/2114A,14/04/2025 00:00:00,05:44:00,22,13,2,3,1,,,,,,,,,,,,,,,51,19
M1/2114A,14/04/2025 00:00:00,05:59:00,23,17,1,2,2,,,,,,,,,,,,,,,54,22
M1/2114A,14/04/2025 00:00:00,06:14:00,24,21,4,1,4,,,,,,,,,,,,,,,52,30
M1/2114A,14/04/2025 00:00:00,06:29:00,25,29,3,2,3,,,,,,,,,,,,,,,54,37
M1/2114A,14/04/2025 00:00:00,06:44:00,26,42,1,2,4,,,,,,,,,,,,,,,54,49
M1/2114A,14/04/2025 00:00:00,06:59:00,27,28,3,0,3,,,,,,,,,,,,,,,53,34
M1/2114A,14/04/2025 00:00:00,07:14:00,28,53,7,2,4,,,,,,,,,,,,,,,53,66
M1/2114A,14/04/2025 00:00:00,07:29:00,29,70,4,3,5,,,,,,,,,,,,,,,52,82
M1/2114A,14/04/2025 00:00:00,07:44:00,30,52,3,2,3,,,,,,,,,,,,,,,51,60
M1/2114A,14/04/2025 00:00:00,07:59:00,31,55,6,5,7,,,,,,,,,,,,,,,54,73
M1/2114A,14/04/2025 00:00:00,08:14:00,32,55,4,3,3,,,,,,,,,,,,,,,53,65
M1/2114A,14/04/2025 00:00:00,08:29:00,33,42,3,9,5,,,,,,,,,,,,,,,53,59
M1/2114A,14/04/2025 00:00:00,08:44:00,34,70,3,4,4,,,,,,,,,,,,,,,53,81
M1/2114A,14/04/2025 00:00:00,08:59:00,35,41,5,6,6,,,,,,,,,,,,,,,52,58
M1/2114A,14/04/2025 00:00:00,09:14:00,36,52,9,12,2,,,,,,,,,,,,,,,53,75
M1/2114A,14/04/2025 00:00:00,09:29:00,37,49,9,9,2,,,,,,,,,,,,,,,52,69
M1/2114A,14/04/2025 00:00:00,09:44:00,38,57,23,11,9,,,,,,,,,,,,,,,51,100
M1/2114A,14/04/2025 00:00:00,09:59:00,39,42,9,4,11,,,,,,,,,,,,,,,51,66
M1/2114A,14/04/2025 00:00:00,10:14:00,40,59,15,3,4,,,,,,,,,,,,,,,51,81
M1/2114A,14/04/2025 00:00:00,10:29:00,41,61,5,9,6,,,,,,,,,,,,,,,50,81
M1/2114A,14/04/2025 00:00:00,10:44:00,42,55,13,8,5,,,,,,,,,,,,,,,52,81
M1/2114A,14/04/2025 00:00:00,10:59:00,43,66,15,8,4,,,,,,,,,,,,,,,51,93
M1/2114A,14/04/2025 00:00:00,11:14:00,44,51,11,7,4,,,,,,,,,,,,,,,51,73
M1/2114A,14/04/2025 00:00:00,11:29:00,45,65,11,6,4,,,,,,,,,,,,,,,54,86
M1/2114A,14/04/2025 00:00:00,11:44:00,46,72,12,12,4,,,,,,,,,,,,,,,50,100
M1/2114A,14/04/2025 00:00:00,11:59:00,47,52,14,8,6,,,,,,,,,,,,,,,52,80
M1/2114A,14/04/2025 00:00:00,12:14:00,48,66,12,5,5,,,,,,,,,,,,,,,52,88
M1/2114A,14/04/2025 00:00:00,12:29:00,49,64,16,13,7,,,,,,,,,,,,,,,52,100
M1/2114A,14/04/2025 00:00:00,12:44:00,50,74,13,6,8,,,,,,,,,,,,,,,53,101
M1/2114A,14/04/2025 00:00:00,12:59:00,51,70,19,7,8,,,,,,,,,,,,,,,52,104
M1/2114A,14/04/2025 00:00:00,13:14:00,52,83,13,15,5,,,,,,,,,,,,,,,51,116
M1/2114A,14/04/2025 00:00:00,13:29:00,53,82,22,7,5,,,,,,,,,,,,,,,52,116
M1/2114A,14/04/2025 00:00:00,13:44:00,54,61,21,9,5,,,,,,,,,,,,,,,53,96
M1/2114A,14/04/2025 00:00:00,13:59:00,55,91,17,12,7,,,,,,,,,,,,,,,51,127
M1/2114A,14/04/2025 00:00:00,14:14:00,56,101,25,9,8,,,,,,,,,,,,,,,51,143
M1/2114A,14/04/2025 00:00:00,14:29:00,57,82,13,15,3,,,,,,,,,,,,,,,54,113
M1/2114A,14/04/2025 00:00:00,14:44:00,58,116,24,8,5,,,,,,,,,,,,,,,52,153
M1/2114A,14/04/2025 00:00:00,14:59:00,59,103,17,7,3,,,,,,,,,,,,,,,55,130
M1/2114A,14/04/2025 00:00:00,15:14:00,60,137,18,6,12,,,,,,,,,,,,,,,53,174
M1/2114A,14/04/2025 00:00:00,15:29:00,61,119,39,7,6,,,,,,,,,,,,,,,53,171
M1/2114A,14/04/2025 00:00:00,15:44:00,62,135,24,9,7,,,,,,,,,,,,,,,53,175
M1/2114A,14/04/2025 00:00:00,15:59:00,63,161,35,6,6,,,,,,,,,,,,,,,54,208
M1/2114A,14/04/2025 00:00:00,16:14:00,64,174,38,9,0,,,,,,,,,,,,,,,54,220
M1/2114A,14/04/2025 00:00:00,16:29:00,65,147,32,4,10,,,,,,,,,,,,,,,55,193
M1/2114A,14/04/2025 00:00:00,16:44:00,66,178,35,2,7,,,,,,,,,,,,,,,53,222
M1/2114A,14/04/2025 00:00:00,16:59:00,67,137,23,4,6,,,,,,,,,,,,,,,53,170
M1/2114A,14/04/2025 00:00:00,17:14:00,68,153,28,3,13,,,,,,,,,,,,,,,53,195
M1/2114A,14/04/2025 00:00:00,17:29:00,69,164,35,4,6,,,,,,,,,,,,,,,55,209
M1/2114A,14/04/2025 00:00:00,17:44:00,70,177,31,3,6,,,,,,,,,,,,,,,52,217
M1/2114A,14/04/2025 00:00:00,17:59:00,71,147,19,4,8,,,,,,,,,,,,,,,53,178
M1/2114A,14/04/2025 00:00:00,18:14:00,72,132,14,1,3,,,,,,,,,,,,,,,55,150
M1/2114A,14/04/2025 00:00:00,18:29:00,73,156,9,4,7,,,,,,,,,,,,,,,53,176
M1/2114A,14/04/2025 00:00:00,18:44:00,74,111,10,5,6,,,,,,,,,,,,,,,54,133
M1/2114A,14/04/2025 00:00:00,18:59:00,75,85,8,2,5,,,,,,,,,,,,,,,54,100
M1/2114A,14/04/2025 00:00:00,19:14:00,76,89,11,4,0,,,,,,,,,,,,,,,54,104
M1/2114A,14/04/2025 00:00:00,19:29:00,77,81,8,4,6,,,,,,,,,,,,,,,52,99
M1/2114A,14/04/2025 00:00:00,19:44:00,78,62,11,1,3,,,,,,,,,,,,,,,55,77
M1/2114A,14/04/2025 00:00:00,19:59:00,79,70,4,2,8,,,,,,,,,,,,,,,55,84
M1/2114A,14/04/2025 00:00:00,20:14:00,80,59,7,1,8,,,,,,,,,,,,,,,54,75
M1/2114A,14/04/2025 00:00:00,20:29:00,81,63,3,2,5,,,,,,,,,,,,,,,53,73
M1/2114A,14/04/2025 00:00:00,20:44:00,82,49,3,1,4,,,,,,,,,,,,,,,53,57
M1/2114A,14/04/2025 00:00:00,20:59:00,83,41,5,2,7,,,,,,,,,,,,,,,50,55
M1/2114A,14/04/2025 00:00:00,21:14:00,84,49,3,1,4,,,,,,,,,,,,,,,51,57
M1/2114A,14/04/2025 00:00:00,21:29:00,85,50,4,0,4,,,,,,,,,,,,,,,50,58
M1/2114A,14/04/2025 00:00:00,21:44:00,86,47,5,1,3,,,,,,,,,,,,,,,51,56
M1/2114A,14/04/2025 00:00:00,21:59:00,87,53,5,4,5,,,,,,,,,,,,,,,36,67
M1/2114A,14/04/2025 00:00:00,22:14:00,88,42,5,1,6,,,,,,,,,,,,,,,44,54
M1/2114A,14/04/2025 00:00:00,22:29:00,89,40,7,2,4,,,,,,,,,,,,,,,43,53
M1/2114A,14/04/2025 00:00:00,22:44:00,90,48,7,3,1,,,,,,,,,,,,,,,46,59
M1/2114A,14/04/2025 00:00:00,22:59:00,91,54,6,1,5,,,,,,,,,,,,,,,43,66
M1/2114A,14/04/2025 00:00:00,23:14:00,92,38,3,1,4,,,,,,,,,,,,,,,42,46
M1/2114A,14/04/2025 00:00:00,23:29:00,93,27,2,2,3,,,,,,,,,,,,,,,44,34
M1/2114A,14/04/2025 00:00:00,23:44:00,94,20,7,1,7,,,,,,,,,,,,,,,42,35
M1/2114A,14/04/2025 00:00:00,23:59:00,95,17,4,0,5,,,,,,,,,,,,,,,43,26
M1/2114A,15/04/2025 00:00:00,00:14:00,0,14,1,0,6,,,,,,,,,,,,,,,45,21
M1/2114A,15/04/2025 00:00:00,00:29:00,1,17,2,0,3,,,,,,,,,,,,,,,50,22
M1/2114A,15/04/2025 00:00:00,00:44:00,2,14,2,0,4,,,,,,,,,,,,,,,46,20
M1/2114A,15/04/2025 00:00:00,00:59:00,3,12,2,0,3,,,,,,,,,,,,,,,46,17
M1/2114A,15/04/2025 00:00:00,01:14:00,4,17,4,2,1,,,,,,,,,,,,,,,47,24
M1/2114A,15/04/2025 00:00:00,01:29:00,5,10,3,0,1,,,,,,,,,,,,,,,49,14
M1/2114A,15/04/2025 00:00:00,01:44:00,6,8,3,3,2,,,,,,,,,,,,,,,43,16
M1/2114A,15/04/2025 00:00:00,01:59:00,7,6,6,0,2,,,,,,,,,,,,,,,44,14
M1/2114A,15/04/2025 00:00:00,02:14:00,8,8,4,1,0,,,,,,,,,,,,,,,45,13
M1/2114A,15/04/2025 00:00:00,02:29:00,9,5,1,4,1,,,,,,,,,,,,,,,49,11
M1/2114A,15/04/2025 00:00:00,02:44:00,10,1,4,1,1,,,,,,,,,,,,,,,47,7
M1/2114A,15/04/2025 00:00:00,02:59:00,11,16,2,4,4,,,,,,,,,,,,,,,40,26
M1/2114A,15/04/2025 00:00:00,03:14:00,12,12,5,0,4,,,,,,,,,,,,,,,41,21
M1/2114A,15/04/2025 00:00:00,03:29:00,13,11,2,1,2,,,,,,,,,,,,,,,39,16
M1/2114A,15/04/2025 00:00:00,03:44:00,14,15,0,0,2,,,,,,,,,,,,,,,41,17
M1/2114A,15/04/2025 00:00:00,03:59:00,15,14,3,3,5,,,,,,,,,,,,,,,41,25
M1/2114A,15/04/2025 00:00:00,04:14:00,16,24,1,1,1,,,,,,,,,,,,,,,49,27
M1/2114A,15/04/2025 00:00:00,04:29:00,17,14,3,0,0,,,,,,,,,,,,,,,49,17
M1/2114A,15/04/2025 00:00:00,04:44:00,18,14,0,2,4,,,,,,,,,,,,,,,47,20
M1/2114A,15/04/2025 00:00:00,04:59:00,19,11,2,0,3,,,,,,,,,,,,,,,51,16
M1/2114A,15/04/2025 00:00:00,05:14:00,20,15,3,0,3,,,,,,,,,,,,,,,51,21
M1/2114A,15/04/2025 00:00:00,05:29:00,21,16,3,3,1,,,,,,,,,,,,,,,52,23
M1/2114A,15/04/2025 00:00:00,05:44:00,22,14,3,1,0,,,,,,,,,,,,,,,53,18
M1/2114A,15/04/2025 00:00:00,05:59:00,23,18,1,5,5,,,,,,,,,,,,,,,51,29
M1/2114A,15/04/2025 00:00:00,06:14:00,24,24,1,2,5,,,,,,,,,,,,,,,52,32
M1/2114A,15/04/2025 00:00:00,06:29:00,25,18,0,2,3,,,,,,,,,,,,,,,49,23
M1/2114A,15/04/2025 00:00:00,06:44:00,26,33,1,2,4,,,,,,,,,,,,,,,53,40
M1/2114A,15/04/2025 00:00:00,06:59:00,27,35,5,1,5,,,,,,,,,,,,,,,52,46
M1/2114A,15/04/2025 00:00:00,07:14:00,28,47,8,1,3,,,,,,,,,,,,,,,52,59
M1/2114A,15/04/2025 00:00:00,07:29:00,29,51,4,1,4,,,,,,,,,,,,,,,52,60
M1/2114A,15/04/2025 00:00:00,07:44:00,30,50,4,6,3,,,,,,,,,,,,,,,54,63
M1/2114A,15/04/2025 00:00:00,07:59:00,31,55,5,5,5,,,,,,,,,,,,,,,50,70
M1/2114A,15/04/2025 00:00:00,08:14:00,32,46,3,10,6,,,,,,,,,,,,,,,50,65
M1/2114A,15/04/2025 00:00:00,08:29:00,33,48,6,7,6,,,,,,,,,,,,,,,49,67
M1/2114A,15/04/2025 00:00:00,08:44:00,34,49,5,3,4,,,,,,,,,,,,,,,53,61
M1/2114A,15/04/2025 00:00:00,08:59:00,35,60,9,9,5,,,,,,,,,,,,,,,51,83
M1/2114A,15/04/2025 00:00:00,09:14:00,36,50,12,10,2,,,,,,,,,,,,,,,51,74
M1/2114A,15/04/2025 00:00:00,09:29:00,37,38,18,9,4,,,,,,,,,,,,,,,50,69
M1/2114A,15/04/2025 00:00:00,09:44:00,38,56,13,10,4,,,,,,,,,,,,,,,51,83
M1/2114A,15/04/2025 00:00:00,09:59:00,39,44,14,4,10,,,,,,,,,,,,,,,48,72
M1/2114A,15/04/2025 00:00:00,10:14:00,40,39,10,5,8,,,,,,,,,,,,,,,51,62
M1/2114A,15/04/2025 00:00:00,10:29:00,41,46,9,6,9,,,,,,,,,,,,,,,50,70
M1/2114A,15/04/2025 00:00:00,10:44:00,42,49,10,7,8,,,,,,,,,,,,,,,49,74
M1/2114A,15/04/2025 00:00:00,10:59:00,43,48,8,9,11,,,,,,,,,,,,,,,49,75
M1/2114A,15/04/2025 00:00:00,11:14:00,44,74,9,11,3,,,,,,,,,,,,,,,50,97
M1/2114A,15/04/2025 00:00:00,11:29:00,45,57,15,7,5,,,,,,,,,,,,,,,50,84
M1/2114A,15/04/2025 00:00:00,11:44:00,46,75,14,6,5,,,,,,,,,,,,,,,50,100
M1/2114A,15/04/2025 00:00:00,11:59:00,47,67,8,9,8,,,,,,,,,,,,,,,51,92
M1/2114A,15/04/2025 00:00:00,12:14:00,48,82,11,14,3,,,,,,,,,,,,,,,50,110
M1/2114A,15/04/2025 00:00:00,12:29:00,49,88,19,7,4,,,,,,,,,,,,,,,52,118
M1/2114A,15/04/2025 00:00:00,12:44:00,50,81,19,8,8,,,,,,,,,,,,,,,53,116
M1/2114A,15/04/2025 00:00:00,12:58:00,51,81,21,7,12,,,,,,,,,,,,,,,50,120
M1/2114A,15/04/2025 00:00:00,13:14:00,52,98,34,13,6,,,,,,,,,,,,,,,50,150
M1/2114A,15/04/2025 00:00:00,13:29:00,53,84,23,8,6,,,,,,,,,,,,,,,51,121
M1/2114A,15/04/2025 00:00:00,13:44:00,54,123,21,11,8,,,,,,,,,,,,,,,51,163
M1/2114A,15/04/2025 00:00:00,13:59:00,55,106,25,17,4,,,,,,,,,,,,,,,52,152
M1/2114A,15/04/2025 00:00:00,14:14:00,56,116,25,11,5,,,,,,,,,,,,,,,51,157
M1/2114A,15/04/2025 00:00:00,14:29:00,57,127,28,13,6,,,,,,,,,,,,,,,51,174
M1/2114A,15/04/2025 00:00:00,14:44:00,58,132,25,5,4,,,,,,,,,,,,,,,53,166
M1/2114A,15/04/2025 00:00:00,14:59:00,59,144,23,13,5,,,,,,,,,,,,,,,51,185
M1/2114A,15/04/2025 00:00:00,15:14:00,60,155,28,9,5,,,,,,,,,,,,,,,52,197
M1/2114A,15/04/2025 00:00:00,15:29:00,61,146,28,17,5,,,,,,,,,,,,,,,52,196
M1/2114A,15/04/2025 00:00:00,15:44:00,62,149,27,13,4,,,,,,,,,,,,,,,53,193
M1/2114A,15/04/2025 00:00:00,15:59:00,63,148,37,8,10,,,,,,,,,,,,,,,54,203
M1/2114A,15/04/2025 00:00:00,16:14:00,64,168,35,12,6,,,,,,,,,,,,,,,51,220
M1/2114A,15/04/2025 00:00:00,16:29:00,65,173,45,11,4,,,,,,,,,,,,,,,53,233
M1/2114A,15/04/2025 00:00:00,16:43:00,66,217,40,2,8,,,,,,,,,,,,,,,51,268
M1/2114A,15/04/2025 00:00:00,16:59:00,67,172,21,5,8,,,,,,,,,,,,,,,51,205
M1/2114A,15/04/2025 00:00:00,17:14:00,68,185,29,5,3,,,,,,,,,,,,,,,51,222
M1/2114A,15/04/2025 00:00:00,17:29:00,69,177,29,5,7,,,,,,,,,,,,,,,52,218
M1/2114A,15/04/2025 00:00:00,17:44:00,70,197,20,7,3,,,,,,,,,,,,,,,49,227
M1/2114A,15/04/2025 00:00:00,17:59:00,71,183,14,7,8,,,,,,,,,,,,,,,49,212
M1/2114A,15/04/2025 00:00:00,18:14:00,72,208,14,6,3,,,,,,,,,,,,,,,50,231
M1/2114A,15/04/2025 00:00:00,18:29:00,73,161,19,5,8,,,,,,,,,,,,,,,51,193
M1/2114A,15/04/2025 00:00:00,18:44:00,74,147,12,4,7,,,,,,,,,,,,,,,53,170
M1/2114A,15/04/2025 00:00:00,18:59:00,75,127,15,4,5,,,,,,,,,,,,,,,49,151
M1/2114A,15/04/2025 00:00:00,19:14:00,76,112,10,1,2,,,,,,,,,,,,,,,45,125
M1/2114A,15/04/2025 00:00:00,19:29:00,77,76,6,0,8,,,,,,,,,,,,,,,50,90
M1/2114A,15/04/2025 00:00:00,19:44:00,78,104,4,1,4,,,,,,,,,,,,,,,50,113
M1/2114A,15/04/2025 00:00:00,19:59:00,79,64,8,1,4,,,,,,,,,,,,,,,52,77
M1/2114A,15/04/2025 00:00:00,20:14:00,80,72,8,4,5,,,,,,,,,,,,,,,49,89
M1/2114A,15/04/2025 00:00:00,20:29:00,81,62,7,1,3,,,,,,,,,,,,,,,51,73
M1/2114A,15/04/2025 00:00:00,20:44:00,82,65,5,1,3,,,,,,,,,,,,,,,48,74
M1/2114A,15/04/2025 00:00:00,20:59:00,83,42,8,0,5,,,,,,,,,,,,,,,53,55
M1/2114A,15/04/2025 00:00:00,21:14:00,84,56,6,2,4,,,,,,,,,,,,,,,52,68
M1/2114A,15/04/2025 00:00:00,21:29:00,85,53,4,3,6,,,,,,,,,,,,,,,51,66
M1/2114A,15/04/2025 00:00:00,21:44:00,86,41,9,0,4,,,,,,,,,,,,,,,53,54
M1/2114A,15/04/2025 00:00:00,21:59:00,87,47,4,1,4,,,,,,,,,,,,,,,52,56
M1/2114A,15/04/2025 00:00:00,22:14:00,88,49,4,1,3,,,,,,,,,,,,,,,50,57
M1/2114A,15/04/2025 00:00:00,22:29:00,89,102,9,1,2,,,,,,,,,,,,,,,50,114
M1/2114A,15/04/2025 00:00:00,22:44:00,90,30,0,3,0,,,,,,,,,,,,,,,51,33
M1/2114A,15/04/2025 00:00:00,22:59:00,91,3,1,0,0,,,,,,,,,,,,,,,14,4
M1/2114A,15/04/2025 00:00:00,23:14:00,92,1,1,2,0,,,,,,,,,,,,,,,16,4
M1/2114A,15/04/2025 00:00:00,23:29:00,93,0,0,0,0,,,,,,,,,,,,,,,0,0
M1/2114A,15/04/2025 00:00:00,23:44:00,94,0,0,1,0,,,,,,,,,,,,,,,14,1
M1/2114A,15/04/2025 00:00:00,23:59:00,95,0,0,0,0,,,,,,,,,,,,,,,0,0
M1/2114A,16/04/2025 00:00:00,00:14:00,0,0,0,0,0,,,,,,,,,,,,,,,0,0
M1/2114A,16/04/2025 00:00:00,00:29:00,1,0,0,0,0,,,,,,,,,,,,,,,0,0
M1/2114A,16/04/2025 00:00:00,00:44:00,2,0,1,1,1,,,,,,,,,,,,,,,16,3
M1/2114A,16/04/2025 00:00:00,00:59:00,3,0,0,0,0,,,,,,,,,,,,,,,0,0
M1/2114A,16/04/2025 00:00:00,01:14:00,4,1,0,0,0,,,,,,,,,,,,,,,15,1
M1/2114A,16/04/2025 00:00:00,01:29:00,5,0,0,0,0,,,,,,,,,,,,,,,0,0
M1/2114A,16/04/2025 00:00:00,01:44:00,6,0,0,0,0,,,,,,,,,,,,,,,0,0
M1/2114A,16/04/2025 00:00:00,01:59:00,7,0,0,0,0,,,,,,,,,,,,,,,0,0
M1/2114A,16/04/2025 00:00:00,02:14:00,8,0,1,0,0,,,,,,,,,,,,,,,16,1
M1/2114A,16/04/2025 00:00:00,02:29:00,9,0,0,0,0,,,,,,,,,,,,,,,0,0
M1/2114A,16/04/2025 00:00:00,02:44:00,10,0,0,0,0,,,,,,,,,,,,,,,0,0
M1/2114A,16/04/2025 00:00:00,02:59:00,11,0,0,0,0,,,,,,,,,,,,,,,0,0
M1/2114A,16/04/2025 00:00:00,03:14:00,12,0,0,0,0,,,,,,,,,,,,,,,0,0
M1/2114A,16/04/2025 00:00:00,03:29:00,13,0,0,1,0,,,,,,,,,,,,,,,24,1
M1/2114A,16/04/2025 00:00:00,03:44:00,14,0,0,0,0,,,,,,,,,,,,,,,0,0
M1/2114A,16/04/2025 00:00:00,03:59:00,15,1,1,0,1,,,,,,,,,,,,,,,49,3
M1/2114A,16/04/2025 00:00:00,04:14:00,16,13,0,0,3,,,,,,,,,,,,,,,48,16
M1/2114A,16/04/2025 00:00:00,04:29:00,17,11,2,0,0,,,,,,,,,,,,,,,50,13
M1/2114A,16/04/2025 00:00:00,04:44:00,18,7,0,0,3,,,,,,,,,,,,,,,47,10
M1/2114A,16/04/2025 00:00:00,04:59:00,19,9,0,3,1,,,,,,,,,,,,,,,50,13
M1/2114A,16/04/2025 00:00:00,05:14:00,20,16,2,3,1,,,,,,,,,,,,,,,50,22
M1/2114A,16/04/2025 00:00:00,05:29:00,21,16,2,3,3,,,,,,,,,,,,,,,51,24
M1/2114A,16/04/2025 00:00:00,05:44:00,22,12,5,0,1,,,,,,,,,,,,,,,54,18
M1/2114A,16/04/2025 00:00:00,05:59:00,23,18,5,2,2,,,,,,,,,,,,,,,55,27
M1/2114A,16/04/2025 00:00:00,06:14:00,24,21,4,1,2,,,,,,,,,,,,,,,54,28
M1/2114A,16/04/2025 00:00:00,06:29:00,25,28,4,4,4,,,,,,,,,,,,,,,54,40
M1/2114A,16/04/2025 00:00:00,06:44:00,26,32,7,3,2,,,,,,,,,,,,,,,52,44
M1/2114A,16/04/2025 00:00:00,06:59:00,27,33,2,2,3,,,,,,,,,,,,,,,52,40
M1/2114A,16/04/2025 00:00:00,07:14:00,28,61,4,1,1,,,,,,,,,,,,,,,54,67
M1/2114A,16/04/2025 00:00:00,07:29:00,29,65,8,0,5,,,,,,,,,,,,,,,53,78
M1/2114A,16/04/2025 00:00:00,07:44:00,30,54,7,2,4,,,,,,,,,,,,,,,54,67
M1/2114A,16/04/2025 00:00:00,07:59:00,31,50,9,2,2,,,,,,,,,,,,,,,54,63
M1/2114A,16/04/2025 00:00:00,08:14:00,32,49,8,8,6,,,,,,,,,,,,,,,53,71
M1/2114A,16/04/2025 00:00:00,08:29:00,33,63,6,6,10,,,,,,,,,,,,,,,51,85
M1/2114A,16/04/2025 00:00:00,08:44:00,34,61,9,7,3,,,,,,,,,,,,,,,54,80
M1/2114A,16/04/2025 00:00:00,08:59:00,35,59,9,7,5,,,,,,,,,,,,,,,51,80
M1/2114A,16/04/2025 00:00:00,09:14:00,36,47,8,4,3,,,,,,,,,,,,,,,54,62
M1/2114A,16/04/2025 00:00:00,09:29:00,37,56,15,7,7,,,,,,,,,,,,,,,52,85
M1/2114A,16/04/2025 00:00:00,09:44:00,38,51,12,3,5,,,,,,,,,,,,,,,51,71
M1/2114A,16/04/2025 00:00:00,09:59:00,39,46,16,4,13,,,,,,,,,,,,,,,51,79
M1/2114A,16/04/2025 00:00:00,10:14:00,40,76,15,4,9,,,,,,,,,,,,,,,50,104
M1/2114A,16/04/2025 00:00:00,10:29:00,41,45,14,5,6,,,,,,,,,,,,,,,52,70
M1/2114A,16/04/2025 00:00:00,10:44:00,42,70,12,7,6,,,,,,,,,,,,,,,50,95
M1/2114A,16/04/2025 00:00:00,10:59:00,43,59,10,11,10,,,,,,,,,,,,,,,52,90
M1/2114A,16/04/2025 00:00:00,11:14:00,44,63,14,10,6,,,,,,,,,,,,,,,51,93
M1/2114A,16/04/2025 00:00:00,11:29:00,45,68,16,8,3,,,,,,,,,,,,,,,49,95
M1/2114A,16/04/2025 00:00:00,11:44:00,46,75,11,5,3,,,,,,,,,,,,,,,51,94
M1/2114A,16/04/2025 00:00:00,11:59:00,47,70,18,9,4,,,,,,,,,,,,,,,51,101
M1/2114A,16/04/2025 00:00:00,12:14:00,48,81,17,13,10,,,,,,,,,,,,,,,52,121
M1/2114A,16/04/2025 00:00:00,12:29:00,49,104,15,9,5,,,,,,,,,,,,,,,50,133
M1/2114A,16/04/2025 00:00:00,12:44:00,50,121,21,9,5,,,,,,,,,,,,,,,51,156
M1/2114A,16/04/2025 00:00:00,12:59:00,51,109,16,8,12,,,,,,,,,,,,,,,50,145
M1/2114A,16/04/2025 00:00:00,13:14:00,52,114,28,7,8,,,,,,,,,,,,,,,51,157
M1/2114A,16/04/2025 00:00:00,13:29:00,53,118,27,7,6,,,,,,,,,,,,,,,51,158
M1/2114A,16/04/2025 00:00:00,13:44:00,54,118,17,15,4,,,,,,,,,,,,,,,52,154
M1/2114A,16/04/2025 00:00:00,13:59:00,55,140,32,14,1,,,,,,,,,,,,,,,51,187
M1/2114A,16/04/2025 00:00:00,14:14:00,56,115,28,7,8,,,,,,,,,,,,,,,51,158
M1/2114A,16/04/2025 00:00:00,14:29:00,57,132,21,5,9,,,,,,,,,,,,,,,53,167
M1/2114A,16/04/2025 00:00:00,14:44:00,58,152,29,10,7,,,,,,,,,,,,,,,51,198
M1/2114A,16/04/2025 00:00:00,14:59:00,59,161,28,11,6,,,,,,,,,,,,,,,52,206
M1/2114A,16/04/2025 00:00:00,15:14:00,60,138,27,10,7,,,,,,,,,,,,,,,51,182
M1/2114A,16/04/2025 00:00:00,15:29:00,61,170,34,8,7,,,,,,,,,,,,,,,52,219
M1/2114A,16/04/2025 00:00:00,15:44:00,62,160,29,8,1,,,,,,,,,,,,,,,54,198
M1/2114A,16/04/2025 00:00:00,15:59:00,63,145,42,9,8,,,,,,,,,,,,,,,53,204
M1/2114A,16/04/2025 00:00:00,16:14:00,64,132,35,10,8,,,,,,,,,,,,,,,51,185
M1/2114A,16/04/2025 00:00:00,16:29:00,65,166,37,7,5,,,,,,,,,,,,,,,54,215
M1/2114A,16/04/2025 00:00:00,16:44:00,66,196,35,11,7,,,,,,,,,,,,,,,52,249
M1/2114A,16/04/2025 00:00:00,16:59:00,67,182,23,3,8,,,,,,,,,,,,,,,53,215
M1/2114A,16/04/2025 00:00:00,17:14:00,68,177,31,5,4,,,,,,,,,,,,,,,52,218
M1/2114A,16/04/2025 00:00:00,17:28:00,69,164,21,3,8,,,,,,,,,,,,,,,53,196
M1/2114A,16/04/2025 00:00:00,17:43:00,70,174,21,6,3,,,,,,,,,,,,,,,54,205
M1/2114A,16/04/2025 00:00:00,17:59:00,71,152,20,4,7,,,,,,,,,,,,,,,53,183
M1/2114A,16/04/2025 00:00:00,18:14:00,72,163,13,9,2,,,,,,,,,,,,,,,52,186
M1/2114A,16/04/2025 00:00:00,18:29:00,73,158,17,5,8,,,,,,,,,,,,,,,53,188
M1/2114A,16/04/2025 00:00:00,18:44:00,74,144,21,3,8,,,,,,,,,,,,,,,55,176
M1/2114A,16/04/2025 00:00:00,18:59:00,75,140,10,3,2,,,,,,,,,,,,,,,53,156
M1/2114A,16/04/2025 00:00:00,19:14:00,76,127,11,2,7,,,,,,,,,,,,,,,52,147
M1/2114A,16/04/2025 00:00:00,19:29:00,77,174,7,1,6,,,,,,,,,,,,,,,52,188
M1/2114A,16/04/2025 00:00:00,19:44:00,78,125,12,4,3,,,,,,,,,,,,,,,51,144
M1/2114A,16/04/2025 00:00:00,19:59:00,79,101,9,2,9,,,,,,,,,,,,,,,51,121
M1/2114A,16/04/2025 00:00:00,20:14:00,80,96,1,1,6,,,,,,,,,,,,,,,51,104
M1/2114A,16/04/2025 00:00:00,20:29:00,81,108,5,8,7,,,,,,,,,,,,,,,51,128
M1/2114A,16/04/2025 00:00:00,20:44:00,82,71,4,2,4,,,,,,,,,,,,,,,52,81
M1/2114A,16/04/2025 00:00:00,20:59:00,83,65,2,0,11,,,,,,,,,,,,,,,49,78
M1/2114A,16/04/2025 00:00:00,21:14:00,84,59,9,1,3,,,,,,,,,,,,,,,53,72
M1/2114A,16/04/2025 00:00:00,21:29:00,85,56,8,4,8,,,,,,,,,,,,,,,40,76
M1/2114A,16/04/2025 00:00:00,21:44:00,86,44,6,2,3,,,,,,,,,,,,,,,42,55
M1/2114A,16/04/2025 00:00:00,21:59:00,87,63,10,3,4,,,,,,,,,,,,,,,44,80
M1/2114A,16/04/2025 00:00:00,22:14:00,88,63,11,1,6,,,,,,,,,,,,,,,43,81
M1/2114A,16/04/2025 00:00:00,22:29:00,89,68,14,3,5,,,,,,,,,,,,,,,42,90
M1/2114A,16/04/2025 00:00:00,22:44:00,90,67,2,1,1,,,,,,,,,,,,,,,42,71
M1/2114A,16/04/2025 00:00:00,22:59:00,91,64,3,2,5,,,,,,,,,,,,,,,43,74
M1/2114A,16/04/2025 00:00:00,23:14:00,92,57,4,2,3,,,,,,,,,,,,,,,44,66
M1/2114A,16/04/2025 00:00:00,23:29:00,93,47,4,1,4,,,,,,,,,,,,,,,43,56
M1/2114A,16/04/2025 00:00:00,23:44:00,94,30,2,0,2,,,,,,,,,,,,,,,44,34
M1/2114A,16/04/2025 00:00:00,23:59:00,95,33,0,2,8,,,,,,,,,,,,,,,41,43
M1/2114A,17/04/2025 00:00:00,00:14:00,0,25,5,4,7,,,,,,,,,,,,,,,42,41
M1/2114A,17/04/2025 00:00:00,00:29:00,1,23,5,1,4,,,,,,,,,,,,,,,46,33
M1/2114A,17/04/2025 00:00:00,00:44:00,2,24,2,1,4,,,,,,,,,,,,,,,44,31
M1/2114A,17/04/2025 00:00:00,00:59:00,3,24,4,1,4,,,,,,,,,,,,,,,47,33
M1/2114A,17/04/2025 00:00:00,01:14:00,4,24,0,4,2,,,,,,,,,,,,,,,39,30
M1/2114A,17/04/2025 00:00:00,01:29:00,5,19,3,0,2,,,,,,,,,,,,,,,44,24
M1/2114A,17/04/2025 00:00:00,01:44:00,6,20,4,3,2,,,,,,,,,,,,,,,43,29
M1/2114A,17/04/2025 00:00:00,01:59:00,7,13,3,2,3,,,,,,,,,,,,,,,46,21
M1/2114A,17/04/2025 00:00:00,02:14:00,8,7,3,0,1,,,,,,,,,,,,,,,49,11
M1/2114A,17/04/2025 00:00:00,02:29:00,9,11,2,3,2,,,,,,,,,,,,,,,49,18
M1/2114A,17/04/2025 00:00:00,02:44:00,10,8,1,1,2,,,,,,,,,,,,,,,49,12
M1/2114A,17/04/2025 00:00:00,02:59:00,11,15,5,0,1,,,,,,,,,,,,,,,49,21
M1/2114A,17/04/2025 00:00:00,03:14:00,12,12,1,0,1,,,,,,,,,,,,,,,54,14
M1/2114A,17/04/2025 00:00:00,03:29:00,13,26,3,1,4,,,,,,,,,,,,,,,50,34
M1/2114A,17/04/2025 00:00:00,03:44:00,14,9,1,1,3,,,,,,,,,,,,,,,50,14
M1/2114A,17/04/2025 00:00:00,03:59:00,15,15,1,1,6,,,,,,,,,,,,,,,48,23
M1/2114A,17/04/2025 00:00:00,04:14:00,16,27,2,1,0,,,,,,,,,,,,,,,51,30
M1/2114A,17/04/2025 00:00:00,04:29:00,17,22,5,1,3,,,,,,,,,,,,,,,49,31
M1/2114A,17/04/2025 00:00:00,04:44:00,18,22,1,0,4,,,,,,,,,,,,,,,53,27
M1/2114A,17/04/2025 00:00:00,04:59:00,19,20,3,2,2,,,,,,,,,,,,,,,50,27
M1/2114A,17/04/2025 00:00:00,05:14:00,20,18,2,2,1,,,,,,,,,,,,,,,50,23
M1/2114A,17/04/2025 00:00:00,05:29:00,21,18,4,2,2,,,,,,,,,,,,,,,51,26
M1/2114A,17/04/2025 00:00:00,05:44:00,22,20,4,1,1,,,,,,,,,,,,,,,52,26
M1/2114A,17/04/2025 00:00:00,05:59:00,23,18,1,0,5,,,,,,,,,,,,,,,52,24
M1/2114A,17/04/2025 00:00:00,06:14:00,24,25,3,1,2,,,,,,,,,,,,,,,53,31
M1/2114A,17/04/2025 00:00:00,06:29:00,25,18,5,2,5,,,,,,,,,,,,,,,49,30
M1/2114A,17/04/2025 00:00:00,06:44:00,26,27,1,2,2,,,,,,,,,,,,,,,51,32
M1/2114A,17/04/2025 00:00:00,06:59:00,27,41,2,2,5,,,,,,,,,,,,,,,51,50
M1/2114A,17/04/2025 00:00:00,07:14:00,28,43,4,1,3,,,,,,,,,,,,,,,55,51
M1/2114A,17/04/2025 00:00:00,07:29:00,29,63,4,3,4,,,,,,,,,,,,,,,53,74
M1/2114A,17/04/2025 00:00:00,07:44:00,30,57,5,4,2,,,,,,,,,,,,,,,53,68
M1/2114A,17/04/2025 00:00:00,07:59:00,31,46,10,4,4,,,,,,,,,,,,,,,54,64
M1/2114A,17/04/2025 00:00:00,08:14:00,32,41,5,5,3,,,,,,,,,,,,,,,56,54
M1/2114A,17/04/2025 00:00:00,08:29:00,33,53,11,3,5,,,,,,,,,,,,,,,52,72
M1/2114A,17/04/2025 00:00:00,08:44:00,34,60,9,6,2,,,,,,,,,,,,,,,50,77
M1/2114A,17/04/2025 00:00:00,08:59:00,35,56,8,12,6,,,,,,,,,,,,,,,53,82
M1/2114A,17/04/2025 00:00:00,09:13:00,36,54,11,4,2,,,,,,,,,,,,,,,54,71
M1/2114A,17/04/2025 00:00:00,09:29:00,37,43,12,8,3,,,,,,,,,,,,,,,54,66
M1/2114A,17/04/2025 00:00:00,09:44:00,38,60,13,6,8,,,,,,,,,,,,,,,52,87
M1/2114A,17/04/2025 00:00:00,09:59:00,39,58,14,7,8,,,,,,,,,,,,,,,50,87
M1/2114A,17/04/2025 00:00:00,10:14:00,40,51,15,9,9,,,,,,,,,,,,,,,51,84
M1/2114A,17/04/2025 00:00:00,10:29:00,41,78,16,9,8,,,,,,,,,,,,,,,52,110
M1/2114A,17/04/2025 00:00:00,10:44:00,42,83,10,6,8,,,,,,,,,,,,,,,50,107
M1/2114A,17/04/2025 00:00:00,10:59:00,43,91,16,11,8,,,,,,,,,,,,,,,51,126
M1/2114A,17/04/2025 00:00:00,11:14:00,44,68,13,6,4,,,,,,,,,,,,,,,52,91
M1/2114A,17/04/2025 00:00:00,11:29:00,45,86,21,9,6,,,,,,,,,,,,,,,51,122
M1/2114A,17/04/2025 00:00:00,11:44:00,46,77,7,9,5,,,,,,,,,,,,,,,51,98
M1/2114A,17/04/2025 00:00:00,11:59:00,47,104,16,9,8,,,,,,,,,,,,,,,50,137
M1/2114A,17/04/2025 00:00:00,12:14:00,48,101,20,10,2,,,,,,,,,,,,,,,51,133
M1/2114A,17/04/2025 00:00:00,12:29:00,49,110,25,10,6,,,,,,,,,,,,,,,53,151
M1/2114A,17/04/2025 00:00:00,12:44:00,50,120,22,9,6,,,,,,,,,,,,,,,52,157
M1/2114A,17/04/2025 00:00:00,12:59:00,51,105,32,12,8,,,,,,,,,,,,,,,51,157
M1/2114A,17/04/2025 00:00:00,13:14:00,52,119,29,13,10,,,,,,,,,,,,,,,51,171
M1/2114A,17/04/2025 00:00:00,13:29:00,53,148,36,12,5,,,,,,,,,,,,,,,50,201
M1/2114A,17/04/2025 00:00:00,13:44:00,54,102,37,16,6,,,,,,,,,,,,,,,52,161
M1/2114A,17/04/2025 00:00:00,13:59:00,55,138,28,12,13,,,,,,,,,,,,,,,51,191
M1/2114A,17/04/2025 00:00:00,14:14:00,56,153,38,10,4,,,,,,,,,,,,,,,52,205
M1/2114A,17/04/2025 00:00:00,14:29:00,57,152,36,10,6,,,,,,,,,,,,,,,51,204
M1/2114A,17/04/2025 00:00:00,14:44:00,58,143,27,8,6,,,,,,,,,,,,,,,53,184
M1/2114A,17/04/2025 00:00:00,14:59:00,59,151,26,6,3,,,,,,,,,,,,,,,53,186
M1/2114A,17/04/2025 00:00:00,15:14:00,60,140,29,10,10,,,,,,,,,,,,,,,53,189
M1/2114A,17/04/2025 00:00:00,15:29:00,61,191,27,16,3,,,,,,,,,,,,,,,51,237
M1/2114A,17/04/2025 00:00:00,15:44:00,62,161,23,12,4,,,,,,,,,,,,,,,53,200
M1/2114A,17/04/2025 00:00:00,15:59:00,63,171,34,13,9,,,,,,,,,,,,,,,53,227
M1/2114A,17/04/2025 00:00:00,16:12:00,64,165,22,5,1,,,,,,,,,,,,,,,54,194
M1/2114A,17/04/2025 00:00:00,16:28:00,65,159,24,9,8,,,,,,,,,,,,,,,55,201
M1/2114A,17/04/2025 00:00:00,16:43:00,66,189,26,15,8,,,,,,,,,,,,,,,51,238
M1/2114A,17/04/2025 00:00:00,16:59:00,67,194,29,6,13,,,,,,,,,,,,,,,53,241
M1/2114A,17/04/2025 00:00:00,17:14:00,68,151,29,0,8,,,,,,,,,,,,,,,53,188
M1/2114A,17/04/2025 00:00:00,17:29:00,69,203,24,6,5,,,,,,,,,,,,,,,54,238
M1/2114A,17/04/2025 00:00:00,17:44:00,70,176,26,3,4,,,,,,,,,,,,,,,53,209
M1/2114A,17/04/2025 00:00:00,17:59:00,71,174,26,5,2,,,,,,,,,,,,,,,52,207
M1/2114A,17/04/2025 00:00:00,18:14:00,72,162,20,5,7,,,,,,,,,,,,,,,54,195
M1/2114A,17/04/2025 00:00:00,18:29:00,73,178,20,5,5,,,,,,,,,,,,,,,53,209
M1/2114A,17/04/2025 00:00:00,18:44:00,74,166,15,10,9,,,,,,,,,,,,,,,51,200
M1/2114A,17/04/2025 00:00:00,18:59:00,75,143,17,5,5,,,,,,,,,,,,,,,52,170
M1/2114A,17/04/2025 00:00:00,19:14:00,76,109,13,3,3,,,,,,,,,,,,,,,54,128
M1/2114A,17/04/2025 00:00:00,19:29:00,77,100,10,5,6,,,,,,,,,,,,,,,50,121
M1/2114A,17/04/2025 00:00:00,19:44:00,78,95,8,2,4,,,,,,,,,,,,,,,53,109
M1/2114A,17/04/2025 00:00:00,19:59:00,79,100,6,1,6,,,,,,,,,,,,,,,53,113
M1/2114A,17/04/2025 00:00:00,20:14:00,80,102,6,2,6,,,,,,,,,,,,,,,51,116
M1/2114A,17/04/2025 00:00:00,20:29:00,81,98,3,0,10,,,,,,,,,,,,,,,50,111
M1/2114A,17/04/2025 00:00:00,20:44:00,82,79,12,4,6,,,,,,,,,,,,,,,53,101
M1/2114A,17/04/2025 00:00:00,20:59:00,83,85,7,3,3,,,,,,,,,,,,,,,52,98
M1/2114A,17/04/2025 00:00:00,21:14:00,84,76,4,0,8,,,,,,,,,,,,,,,50,88
M1/2114A,17/04/2025 00:00:00,21:29:00,85,71,10,1,7,,,,,,,,,,,,,,,51,89
M1/2114A,17/04/2025 00:00:00,21:44:00,86,61,5,1,1,,,,,,,,,,,,,,,51,68
M1/2114A,17/04/2025 00:00:00,21:59:00,87,57,6,2,2,,,,,,,,,,,,,,,53,67
M1/2114A,17/04/2025 00:00:00,22:14:00,88,59,2,1,5,,,,,,,,,,,,,,,51,67
M1/2114A,17/04/2025 00:00:00,22:29:00,89,77,4,2,5,,,,,,,,,,,,,,,52,88
M1/2114A,17/04/2025 00:00:00,22:44:00,90,81,3,3,3,,,,,,,,,,,,,,,53,90
M1/2114A,17/04/2025 00:00:00,22:59:00,91,72,4,3,6,,,,,,,,,,,,,,,53,85
M1/2114A,17/04/2025 00:00:00,23:14:00,92,68,4,1,4,,,,,,,,,,,,,,,50,77
M1/2114A,17/04/2025 00:00:00,23:29:00,93,75,1,1,5,,,,,,,,,,,,,,,50,82
M1/2114A,17/04/2025 00:00:00,23:44:00,94,74,3,0,3,,,,,,,,,,,,,,,49,80
M1/2114A,17/04/2025 00:00:00,23:59:00,95,55,1,2,5,,,,,,,,,,,,,,,49,63
M1/2114A,18/04/2025 00:00:00,00:14:00,0,26,5,3,1,,,,,,,,,,,,,,,54,35
M1/2114A,18/04/2025 00:00:00,00:29:00,1,24,1,0,5,,,,,,,,,,,,,,,50,30
M1/2114A,18/04/2025 00:00:00,00:44:00,2,32,2,2,4,,,,,,,,,,,,,,,50,40
M1/2114A,18/04/2025 00:00:00,00:59:00,3,33,2,2,5,,,,,,,,,,,,,,,49,42
M1/2114A,18/04/2025 00:00:00,01:14:00,4,22,2,0,1,,,,,,,,,,,,,,,51,25
M1/2114A,18/04/2025 00:00:00,01:29:00,5,20,3,0,2,,,,,,,,,,,,,,,51,25
M1/2114A,18/04/2025 00:00:00,01:44:00,6,22,0,1,1,,,,,,,,,,,,,,,50,24
M1/2114A,18/04/2025 00:00:00,01:59:00,7,16,1,1,3,,,,,,,,,,,,,,,48,21
M1/2114A,18/04/2025 00:00:00,02:14:00,8,22,2,0,2,,,,,,,,,,,,,,,48,26
M1/2114A,18/04/2025 00:00:00,02:29:00,9,12,1,0,3,,,,,,,,,,,,,,,47,16
M1/2114A,18/04/2025 00:00:00,02:44:00,10,23,3,0,2,,,,,,,,,,,,,,,50,28
M1/2114A,18/04/2025 00:00:00,02:59:00,11,21,2,5,2,,,,,,,,,,,,,,,50,30
M1/2114A,18/04/2025 00:00:00,03:14:00,12,22,5,1,1,,,,,,,,,,,,,,,52,29
M1/2114A,18/04/2025 00:00:00,03:29:00,13,21,1,1,2,,,,,,,,,,,,,,,49,25
M1/2114A,18/04/2025 00:00:00,03:44:00,14,28,3,1,1,,,,,,,,,,,,,,,51,33
M1/2114A,18/04/2025 00:00:00,03:59:00,15,27,3,0,1,,,,,,,,,,,,,,,50,31
M1/2114A,18/04/2025 00:00:00,04:14:00,16,16,0,1,1,,,,,,,,,,,,,,,49,18
M1/2114A,18/04/2025 00:00:00,04:29:00,17,39,2,1,2,,,,,,,,,,,,,,,53,44
M1/2114A,18/04/2025 00:00:00,04:44:00,18,32,4,1,2,,,,,,,,,,,,,,,50,39
M1/2114A,18/04/2025 00:00:00,04:59:00,19,15,1,0,3,,,,,,,,,,,,,,,49,19
M1/2114A,18/04/2025 00:00:00,05:14:00,20,19,0,1,2,,,,,,,,,,,,,,,49,22
M1/2114A,18/04/2025 00:00:00,05:29:00,21,19,2,0,1,,,,,,,,,,,,,,,54,22
M1/2114A,18/04/2025 00:00:00,05:44:00,22,13,2,1,0,,,,,,,,,,,,,,,52,16
M1/2114A,18/04/2025 00:00:00,05:59:00,23,25,1,1,2,,,,,,,,,,,,,,,52,29
M1/2114A,18/04/2025 00:00:00,06:14:00,24,10,3,2,2,,,,,,,,,,,,,,,51,17
M1/2114A,18/04/2025 00:00:00,06:29:00,25,27,7,0,4,,,,,,,,,,,,,,,50,38
M1/2114A,18/04/2025 00:00:00,06:44:00,26,22,1,2,3,,,,,,,,,,,,,,,51,28
M1/2114A,18/04/2025 00:00:00,06:59:00,27,29,4,5,2,,,,,,,,,,,,,,,52,40
M1/2114A,18/04/2025 00:00:00,07:14:00,28,36,2,1,2,,,,,,,,,,,,,,,52,41
M1/2114A,18/04/2025 00:00:00,07:29:00,29,30,7,5,3,,,,,,,,,,,,,,,51,45
M1/2114A,18/04/2025 00:00:00,07:44:00,30,33,5,2,2,,,,,,,,,,,,,,,52,42
M1/2114A,18/04/2025 00:00:00,07:59:00,31,25,3,2,5,,,,,,,,,,,,,,,50,35
M1/2114A,18/04/2025 00:00:00,08:14:00,32,29,3,2,3,,,,,,,,,,,,,,,53,37
M1/2114A,18/04/2025 00:00:00,08:29:00,33,37,3,3,6,,,,,,,,,,,,,,,49,49
M1/2114A,18/04/2025 00:00:00,08:44:00,34,49,4,2,2,,,,,,,,,,,,,,,53,57
M1/2114A,18/04/2025 00:00:00,08:59:00,35,43,1,4,5,,,,,,,,,,,,,,,51,53
M1/2114A,18/04/2025 00:00:00,09:14:00,36,51,5,2,2,,,,,,,,,,,,,,,52,60
M1/2114A,18/04/2025 00:00:00,09:29:00,37,65,6,1,8,,,,,,,,,,,,,,,51,80
M1/2114A,18/04/2025 00:00:00,09:44:00,38,68,4,2,1,,,,,,,,,,,,,,,52,75
M1/2114A,18/04/2025 00:00:00,09:59:00,39,61,5,2,10,,,,,,,,,,,,,,,54,78
M1/2114A,18/04/2025 00:00:00,10:14:00,40,54,5,2,1,,,,,,,,,,,,,,,52,62
M1/2114A,18/04/2025 00:00:00,10:29:00,41,74,5,2,5,,,,,,,,,,,,,,,51,86
M1/2114A,18/04/2025 00:00:00,10:44:00,42,72,5,5,4,,,,,,,,,,,,,,,51,86
M1/2114A,18/04/2025 00:00:00,10:59:00,43,65,6,3,6,,,,,,,,,,,,,,,53,80
M1/2114A,18/04/2025 00:00:00,11:14:00,44,77,6,2,3,,,,,,,,,,,,,,,51,88
M1/2114A,18/04/2025 00:00:00,11:29:00,45,66,8,3,4,,,,,,,,,,,,,,,51,81
M1/2114A,18/04/2025 00:00:00,11:44:00,46,79,6,3,4,,,,,,,,,,,,,,,53,92
M1/2114A,18/04/2025 00:00:00,11:59:00,47,92,10,6,6,,,,,,,,,,,,,,,50,114
M1/2114A,18/04/2025 00:00:00,12:14:00,48,88,6,3,2,,,,,,,,,,,,,,,52,100
M1/2114A,18/04/2025 00:00:00,12:29:00,49,86,12,4,6,,,,,,,,,,,,,,,51,108
M1/2114A,18/04/2025 00:00:00,12:44:00,50,99,8,5,4,,,,,,,,,,,,,,,51,116
M1/2114A,18/04/2025 00:00:00,12:59:00,51,102,6,4,6,,,,,,,,,,,,,,,52,118
M1/2114A,18/04/2025 00:00:00,13:14:00,52,115,14,3,2,,,,,,,,,,,,,,,53,134
M1/2114A,18/04/2025 00:00:00,13:29:00,53,92,9,5,4,,,,,,,,,,,,,,,52,110
M1/2114A,18/04/2025 00:00:00,13:44:00,54,104,10,2,6,,,,,,,,,,,,,,,53,122
M1/2114A,18/04/2025 00:00:00,13:59:00,55,94,9,3,7,,,,,,,,,,,,,,,53,113
M1/2114A,18/04/2025 00:00:00,14:14:00,56,92,10,2,0,,,,,,,,,,,,,,,53,104
M1/2114A,18/04/2025 00:00:00,14:29:00,57,93,10,1,7,,,,,,,,,,,,,,,53,111
M1/2114A,18/04/2025 00:00:00,14:44:00,58,92,15,3,3,,,,,,,,,,,,,,,52,113
M1/2114A,18/04/2025 00:00:00,14:59:00,59,110,9,2,6,,,,,,,,,,,,,,,53,127
M1/2114A,18/04/2025 00:00:00,15:14:00,60,79,6,2,4,,,,,,,,,,,,,,,56,91
M1/2114A,18/04/2025 00:00:00,15:29:00,61,81,7,4,5,,,,,,,,,,,,,,,54,97
M1/2114A,18/04/2025 00:00:00,15:44:00,62,76,7,0,9,,,,,,,,,,,,,,,54,92
M1/2114A,18/04/2025 00:00:00,15:59:00,63,86,10,0,7,,,,,,,,,,,,,,,55,103
M1/2114A,18/04/2025 00:00:00,16:14:00,64,110,6,1,5,,,,,,,,,,,,,,,55,122
M1/2114A,18/04/2025 00:00:00,16:29:00,65,96,10,2,10,,,,,,,,,,,,,,,51,118
M1/2114A,18/04/2025 00:00:00,16:44:00,66,106,10,4,10,,,,,,,,,,,,,,,51,130
M1/2114A,18/04/2025 00:00:00,16:59:00,67,91,10,3,3,,,,,,,,,,,,,,,52,107
M1/2114A,18/04/2025 00:00:00,17:14:00,68,92,15,1,6,,,,,,,,,,,,,,,52,114
M1/2114A,18/04/2025 00:00:00,17:29:00,69,89,7,2,4,,,,,,,,,,,,,,,50,102
M1/2114A,18/04/2025 00:00:00,17:44:00,70,102,3,1,5,,,,,,,,,,,,,,,55,111
M1/2114A,18/04/2025 00:00:00,17:59:00,71,87,3,3,6,,,,,,,,,,,,,,,53,99
M1/2114A,18/04/2025 00:00:00,18:14:00,72,84,3,1,2,,,,,,,,,,,,,,,53,90
M1/2114A,18/04/2025 00:00:00,18:29:00,73,77,4,2,10,,,,,,,,,,,,,,,51,93
M1/2114A,18/04/2025 00:00:00,18:44:00,74,63,8,1,4,,,,,,,,,,,,,,,55,76
M1/2114A,18/04/2025 00:00:00,18:59:00,75,73,4,2,5,,,,,,,,,,,,,,,52,84
M1/2114A,18/04/2025 00:00:00,19:14:00,76,63,4,0,3,,,,,,,,,,,,,,,54,70
M1/2114A,18/04/2025 00:00:00,19:29:00,77,78,4,1,5,,,,,,,,,,,,,,,52,88
M1/2114A,18/04/2025 00:00:00,19:44:00,78,82,5,0,0,,,,,,,,,,,,,,,51,87
M1/2114A,18/04/2025 00:00:00,19:59:00,79,64,1,2,7,,,,,,,,,,,,,,,53,74
M1/2114A,18/04/2025 00:00:00,20:14:00,80,60,6,1,3,,,,,,,,,,,,,,,53,70
M1/2114A,18/04/2025 00:00:00,20:29:00,81,46,4,1,4,,,,,,,,,,,,,,,52,55
M1/2114A,18/04/2025 00:00:00,20:43:00,82,68,4,0,4,,,,,,,,,,,,,,,51,76
M1/2114A,18/04/2025 00:00:00,20:59:00,83,71,2,1,7,,,,,,,,,,,,,,,51,81
M1/2114A,18/04/2025 00:00:00,21:14:00,84,59,2,2,2,,,,,,,,,,,,,,,49,65
M1/2114A,18/04/2025 00:00:00,21:29:00,85,72,4,1,3,,,,,,,,,,,,,,,51,80
M1/2114A,18/04/2025 00:00:00,21:44:00,86,68,3,1,3,,,,,,,,,,,,,,,50,75
M1/2114A,18/04/2025 00:00:00,21:59:00,87,70,2,1,4,,,,,,,,,,,,,,,51,77
M1/2114A,18/04/2025 00:00:00,22:14:00,88,66,7,0,4,,,,,,,,,,,,,,,47,77
M1/2114A,18/04/2025 00:00:00,22:29:00,89,78,4,1,10,,,,,,,,,,,,,,,50,93
M1/2114A,18/04/2025 00:00:00,22:44:00,90,82,3,1,2,,,,,,,,,,,,,,,52,88
M1/2114A,18/04/2025 00:00:00,22:59:00,91,55,3,0,4,,,,,,,,,,,,,,,51,62
M1/2114A,18/04/2025 00:00:00,23:14:00,92,58,4,1,3,,,,,,,,,,,,,,,52,66
M1/2114A,18/04/2025 00:00:00,23:29:00,93,79,2,3,4,,,,,,,,,,,,,,,55,88
M1/2114A,18/04/2025 00:00:00,23:44:00,94,51,4,2,5,,,,,,,,,,,,,,,52,62
M1/2114A,18/04/2025 00:00:00,23:59:00,95,48,1,1,6,,,,,,,,,,,,,,,51,56
M1/2114A,19/04/2025 00:00:00,00:14:00,0,36,3,0,1,,,,,,,,,,,,,,,53,40
M1/2114A,19/04/2025 00:00:00,00:29:00,1,38,2,0,5,,,,,,,,,,,,,,,50,45
M1/2114A,19/04/2025 00:00:00,00:44:00,2,34,5,1,5,,,,,,,,,,,,,,,52,45
M1/2114A,19/04/2025 00:00:00,00:59:00,3,37,2,0,4,,,,,,,,,,,,,,,50,43
M1/2114A,19/04/2025 00:00:00,01:14:00,4,25,1,0,2,,,,,,,,,,,,,,,51,28
M1/2114A,19/04/2025 00:00:00,01:29:00,5,32,2,0,0,,,,,,,,,,,,,,,49,34
M1/2114A,19/04/2025 00:00:00,01:44:00,6,22,0,1,2,,,,,,,,,,,,,,,53,25
M1/2114A,19/04/2025 00:00:00,01:59:00,7,15,3,0,1,,,,,,,,,,,,,,,51,19
M1/2114A,19/04/2025 00:00:00,02:14:00,8,21,0,0,1,,,,,,,,,,,,,,,53,22
M1/2114A,19/04/2025 00:00:00,02:29:00,9,16,0,1,2,,,,,,,,,,,,,,,52,19
M1/2114A,19/04/2025 00:00:00,02:44:00,10,24,0,1,0,,,,,,,,,,,,,,,49,25
M1/2114A,19/04/2025 00:00:00,02:59:00,11,15,1,0,0,,,,,,,,,,,,,,,51,16
M1/2114A,19/04/2025 00:00:00,03:14:00,12,17,1,0,2,,,,,,,,,,,,,,,50,20
M1/2114A,19/04/2025 00:00:00,03:29:00,13,17,1,1,6,,,,,,,,,,,,,,,50,25
M1/2114A,19/04/2025 00:00:00,03:44:00,14,25,2,1,1,,,,,,,,,,,,,,,49,29
M1/2114A,19/04/2025 00:00:00,03:59:00,15,3,1,1,3,,,,,,,,,,,,,,,49,8
M1/2114A,19/04/2025 00:00:00,04:14:00,16,18,2,1,3,,,,,,,,,,,,,,,53,24
M1/2114A,19/04/2025 00:00:00,04:29:00,17,7,2,1,2,,,,,,,,,,,,,,,51,12
M1/2114A,19/04/2025 00:00:00,04:44:00,18,16,1,2,1,,,,,,,,,,,,,,,48,20
M1/2114A,19/04/2025 00:00:00,04:59:00,19,8,3,0,3,,,,,,,,,,,,,,,49,14
M1/2114A,19/04/2025 00:00:00,05:14:00,20,15,3,1,1,,,,,,,,,,,,,,,49,20
M1/2114A,19/04/2025 00:00:00,05:29:00,21,15,1,2,2,,,,,,,,,,,,,,,52,20
M1/2114A,19/04/2025 00:00:00,05:44:00,22,9,2,0,2,,,,,,,,,,,,,,,49,13
M1/2114A,19/04/2025 00:00:00,05:59:00,23,15,1,2,2,,,,,,,,,,,,,,,53,20
M1/2114A,19/04/2025 00:00:00,06:13:00,24,12,2,0,1,,,,,,,,,,,,,,,55,15
M1/2114A,19/04/2025 00:00:00,06:29:00,25,30,3,0,3,,,,,,,,,,,,,,,52,35
M1/2114A,19/04/2025 00:00:00,06:44:00,26,26,5,1,2,,,,,,,,,,,,,,,51,34
M1/2114A,19/04/2025 00:00:00,06:59:00,27,35,0,2,6,,,,,,,,,,,,,,,53,43
M1/2114A,19/04/2025 00:00:00,07:14:00,28,17,0,2,4,,,,,,,,,,,,,,,50,23
M1/2114A,19/04/2025 00:00:00,07:29:00,29,25,2,3,8,,,,,,,,,,,,,,,51,38
M1/2114A,19/04/2025 00:00:00,07:44:00,30,28,0,0,2,,,,,,,,,,,,,,,51,30
M1/2114A,19/04/2025 00:00:00,07:59:00,31,24,0,2,4,,,,,,,,,,,,,,,53,30
M1/2114A,19/04/2025 00:00:00,08:14:00,32,28,4,0,4,,,,,,,,,,,,,,,52,36
M1/2114A,19/04/2025 00:00:00,08:29:00,33,42,5,2,7,,,,,,,,,,,,,,,52,56
M1/2114A,19/04/2025 00:00:00,08:44:00,34,37,4,1,3,,,,,,,,,,,,,,,52,45
M1/2114A,19/04/2025 00:00:00,08:59:00,35,48,5,3,4,,,,,,,,,,,,,,,51,60
M1/2114A,19/04/2025 00:00:00,09:14:00,36,40,5,2,3,,,,,,,,,,,,,,,50,50
M1/2114A,19/04/2025 00:00:00,09:29:00,37,46,7,0,7,,,,,,,,,,,,,,,53,60
M1/2114A,19/04/2025 00:00:00,09:44:00,38,57,8,5,6,,,,,,,,,,,,,,,51,76
M1/2114A,19/04/2025 00:00:00,09:59:00,39,47,10,0,9,,,,,,,,,,,,,,,51,66
M1/2114A,19/04/2025 00:00:00,10:14:00,40,60,5,0,3,,,,,,,,,,,,,,,50,68
M1/2114A,19/04/2025 00:00:00,10:29:00,41,67,5,1,6,,,,,,,,,,,,,,,52,79
M1/2114A,19/04/2025 00:00:00,10:44:00,42,77,1,2,3,,,,,,,,,,,,,,,52,83
M1/2114A,19/04/2025 00:00:00,10:59:00,43,69,6,1,9,,,,,,,,,,,,,,,51,85
M1/2114A,19/04/2025 00:00:00,11:14:00,44,67,8,2,2,,,,,,,,,,,,,,,54,79
M1/2114A,19/04/2025 00:00:00,11:29:00,45,73,9,6,8,,,,,,,,,,,,,,,51,96
M1/2114A,19/04/2025 00:00:00,11:44:00,46,68,5,3,4,,,,,,,,,,,,,,,51,80
M1/2114A,19/04/2025 00:00:00,11:59:00,47,72,6,2,7,,,,,,,,,,,,,,,52,87
M1/2114A,19/04/2025 00:00:00,12:14:00,48,89,6,2,1,,,,,,,,,,,,,,,52,98
M1/2114A,19/04/2025 00:00:00,12:29:00,49,74,7,2,5,,,,,,,,,,,,,,,54,88
M1/2114A,19/04/2025 00:00:00,12:44:00,50,85,6,1,5,,,,,,,,,,,,,,,52,97
M1/2114A,19/04/2025 00:00:00,12:59:00,51,78,11,3,8,,,,,,,,,,,,,,,52,100
M1/2114A,19/04/2025 00:00:00,13:14:00,52,88,9,5,4,,,,,,,,,,,,,,,52,106
M1/2114A,19/04/2025 00:00:00,13:29:00,53,96,9,0,10,,,,,,,,,,,,,,,53,115
M1/2114A,19/04/2025 00:00:00,13:44:00,54,79,2,0,1,,,,,,,,,,,,,,,55,82
M1/2114A,19/04/2025 00:00:00,13:59:00,55,94,8,3,6,,,,,,,,,,,,,,,51,111
M1/2114A,19/04/2025 00:00:00,14:14:00,56,92,6,5,3,,,,,,,,,,,,,,,53,106
M1/2114A,19/04/2025 00:00:00,14:29:00,57,89,8,3,5,,,,,,,,,,,,,,,50,105
M1/2114A,19/04/2025 00:00:00,14:44:00,58,90,2,2,5,,,,,,,,,,,,,,,52,99
M1/2114A,19/04/2025 00:00:00,14:59:00,59,82,8,3,6,,,,,,,,,,,,,,,51,99
M1/2114A,19/04/2025 00:00:00,15:14:00,60,70,5,1,4,,,,,,,,,,,,,,,52,80
M1/2114A,19/04/2025 00:00:00,15:29:00,61,70,8,3,4,,,,,,,,,,,,,,,53,85
M1/2114A,19/04/2025 00:00:00,15:44:00,62,99,6,2,3,,,,,,,,,,,,,,,53,110
M1/2114A,19/04/2025 00:00:00,15:59:00,63,90,12,2,9,,,,,,,,,,,,,,,52,113
M1/2114A,19/04/2025 00:00:00,16:14:00,64,102,2,1,3,,,,,,,,,,,,,,,54,108
M1/2114A,19/04/2025 00:00:00,16:29:00,65,102,5,2,7,,,,,,,,,,,,,,,53,116
M1/2114A,19/04/2025 00:00:00,16:44:00,66,119,4,1,1,,,,,,,,,,,,,,,53,125
M1/2114A,19/04/2025 00:00:00,16:59:00,67,130,4,2,9,,,,,,,,,,,,,,,53,145
M1/2114A,19/04/2025 00:00:00,17:14:00,68,79,1,3,2,,,,,,,,,,,,,,,55,85
M1/2114A,19/04/2025 00:00:00,17:29:00,69,101,5,3,5,,,,,,,,,,,,,,,53,114
M1/2114A,19/04/2025 00:00:00,17:44:00,70,104,6,0,5,,,,,,,,,,,,,,,53,115
M1/2114A,19/04/2025 00:00:00,17:59:00,71,96,8,3,7,,,,,,,,,,,,,,,52,114
M1/2114A,19/04/2025 00:00:00,18:14:00,72,99,4,0,2,,,,,,,,,,,,,,,53,105
M1/2114A,19/04/2025 00:00:00,18:29:00,73,86,10,0,4,,,,,,,,,,,,,,,54,100
M1/2114A,19/04/2025 00:00:00,18:44:00,74,80,2,1,7,,,,,,,,,,,,,,,55,90
M1/2114A,19/04/2025 00:00:00,18:59:00,75,105,5,1,4,,,,,,,,,,,,,,,53,115
M1/2114A,19/04/2025 00:00:00,19:14:00,76,102,6,3,4,,,,,,,,,,,,,,,52,115
M1/2114A,19/04/2025 00:00:00,19:29:00,77,90,4,0,5,,,,,,,,,,,,,,,53,99
M1/2114A,19/04/2025 00:00:00,19:44:00,78,91,4,1,8,,,,,,,,,,,,,,,50,104
M1/2114A,19/04/2025 00:00:00,19:59:00,79,86,3,0,6,,,,,,,,,,,,,,,52,95
M1/2114A,19/04/2025 00:00:00,20:14:00,80,86,6,0,5,,,,,,,,,,,,,,,52,97
M1/2114A,19/04/2025 00:00:00,20:29:00,81,93,5,2,7,,,,,,,,,,,,,,,51,107
M1/2114A,19/04/2025 00:00:00,20:44:00,82,84,5,3,3,,,,,,,,,,,,,,,52,95
M1/2114A,19/04/2025 00:00:00,20:59:00,83,73,4,1,5,,,,,,,,,,,,,,,52,83
M1/2114A,19/04/2025 00:00:00,21:14:00,84,73,4,0,6,,,,,,,,,,,,,,,50,83
M1/2114A,19/04/2025 00:00:00,21:29:00,85,76,2,0,1,,,,,,,,,,,,,,,51,79
M1/2114A,19/04/2025 00:00:00,21:44:00,86,67,5,0,4,,,,,,,,,,,,,,,51,76
M1/2114A,19/04/2025 00:00:00,21:59:00,87,79,7,1,7,,,,,,,,,,,,,,,50,94
M1/2114A,19/04/2025 00:00:00,22:14:00,88,78,5,0,6,,,,,,,,,,,,,,,49,89
M1/2114A,19/04/2025 00:00:00,22:29:00,89,116,4,1,7,,,,,,,,,,,,,,,49,128
M1/2114A,19/04/2025 00:00:00,22:44:00,90,112,5,1,5,,,,,,,,,,,,,,,51,123
M1/2114A,19/04/2025 00:00:00,22:59:00,91,114,5,1,4,,,,,,,,,,,,,,,53,124
M1/2114A,19/04/2025 00:00:00,23:14:00,92,101,2,1,5,,,,,,,,,,,,,,,50,109
M1/2114A,19/04/2025 00:00:00,23:29:00,93,94,4,1,3,,,,,,,,,,,,,,,52,102
M1/2114A,19/04/2025 00:00:00,23:44:00,94,79,5,2,1,,,,,,,,,,,,,,,51,87
M1/2114A,19/04/2025 00:00:00,23:59:00,95,42,2,0,5,,,,,,,,,,,,,,,50,49
M1/2114A,20/04/2025 00:00:00,00:14:00,0,49,5,0,2,,,,,,,,,,,,,,,49,56
M1/2114A,20/04/2025 00:00:00,00:29:00,1,52,0,1,8,,,,,,,,,,,,,,,47,61
M1/2114A,20/04/2025 00:00:00,00:44:00,2,58,1,0,4,,,,,,,,,,,,,,,52,63
M1/2114A,20/04/2025 00:00:00,00:59:00,3,51,0,1,3,,,,,,,,,,,,,,,52,55
M1/2114A,20/04/2025 00:00:00,01:14:00,4,33,0,0,0,,,,,,,,,,,,,,,51,33
M1/2114A,20/04/2025 00:00:00,01:29:00,5,32,0,0,0,,,,,,,,,,,,,,,51,32
M1/2114A,20/04/2025 00:00:00,01:44:00,6,32,1,0,2,,,,,,,,,,,,,,,51,35
M1/2114A,20/04/2025 00:00:00,01:59:00,7,27,0,2,2,,,,,,,,,,,,,,,51,31
M1/2114A,20/04/2025 00:00:00,02:14:00,8,30,0,2,3,,,,,,,,,,,,,,,47,35
M1/2114A,20/04/2025 00:00:00,02:29:00,9,27,2,0,4,,,,,,,,,,,,,,,53,33
M1/2114A,20/04/2025 00:00:00,02:44:00,10,20,3,2,0,,,,,,,,,,,,,,,48,25
M1/2114A,20/04/2025 00:00:00,02:59:00,11,31,1,0,1,,,,,,,,,,,,,,,52,33
M1/2114A,20/04/2025 00:00:00,03:14:00,12,20,2,0,0,,,,,,,,,,,,,,,50,22
M1/2114A,20/04/2025 00:00:00,03:29:00,13,28,1,0,5,,,,,,,,,,,,,,,49,34
M1/2114A,20/04/2025 00:00:00,03:44:00,14,17,4,0,2,,,,,,,,,,,,,,,48,23
M1/2114A,20/04/2025 00:00:00,03:59:00,15,22,2,0,1,,,,,,,,,,,,,,,52,25
M1/2114A,20/04/2025 00:00:00,04:14:00,16,21,2,0,1,,,,,,,,,,,,,,,51,24
M1/2114A,20/04/2025 00:00:00,04:29:00,17,17,1,0,1,,,,,,,,,,,,,,,52,19
M1/2114A,20/04/2025 00:00:00,04:44:00,18,16,1,1,1,,,,,,,,,,,,,,,46,19
M1/2114A,20/04/2025 00:00:00,04:59:00,19,14,2,0,2,,,,,,,,,,,,,,,53,18
M1/2114A,20/04/2025 00:00:00,05:14:00,20,16,0,2,1,,,,,,,,,,,,,,,49,19
M1/2114A,20/04/2025 00:00:00,05:29:00,21,15,0,1,1,,,,,,,,,,,,,,,49,17
M1/2114A,20/04/2025 00:00:00,05:44:00,22,18,1,0,1,,,,,,,,,,,,,,,53,20
M1/2114A,20/04/2025 00:00:00,05:59:00,23,15,0,0,1,,,,,,,,,,,,,,,50,16
M1/2114A,20/04/2025 00:00:00,06:14:00,24,17,1,0,3,,,,,,,,,,,,,,,51,21
M1/2114A,20/04/2025 00:00:00,06:29:00,25,22,2,0,2,,,,,,,,,,,,,,,52,26
M1/2114A,20/04/2025 00:00:00,06:44:00,26,16,1,1,2,,,,,,,,,,,,,,,53,20
M1/2114A,20/04/2025 00:00:00,06:59:00,27,22,4,1,3,,,,,,,,,,,,,,,52,30
M1/2114A,20/04/2025 00:00:00,07:14:00,28,20,0,0,2,,,,,,,,,,,,,,,49,22
M1/2114A,20/04/2025 00:00:00,07:29:00,29,28,2,0,4,,,,,,,,,,,,,,,51,34
M1/2114A,20/04/2025 00:00:00,07:44:00,30,25,3,0,4,,,,,,,,,,,,,,,53,32
M1/2114A,20/04/2025 00:00:00,07:59:00,31,33,1,1,3,,,,,,,,,,,,,,,52,38
M1/2114A,20/04/2025 00:00:00,08:14:00,32,25,1,0,7,,,,,,,,,,,,,,,51,33
M1/2114A,20/04/2025 00:00:00,08:29:00,33,26,2,0,6,,,,,,,,,,,,,,,53,34
M1/2114A,20/04/2025 00:00:00,08:44:00,34,34,3,1,2,,,,,,,,,,,,,,,51,40
M1/2114A,20/04/2025 00:00:00,08:59:00,35,29,1,0,4,,,,,,,,,,,,,,,51,34
M1/2114A,20/04/2025 00:00:00,09:14:00,36,27,2,2,3,,,,,,,,,,,,,,,51,34
M1/2114A,20/04/2025 00:00:00,09:29:00,37,53,2,0,5,,,,,,,,,,,,,,,54,60
M1/2114A,20/04/2025 00:00:00,09:44:00,38,37,6,1,1,,,,,,,,,,,,,,,50,45
M1/2114A,20/04/2025 00:00:00,09:59:00,39,54,3,0,12,,,,,,,,,,,,,,,51,69
M1/2114A,20/04/2025 00:00:00,10:14:00,40,38,2,0,1,,,,,,,,,,,,,,,55,41
M1/2114A,20/04/2025 00:00:00,10:29:00,41,62,4,3,4,,,,,,,,,,,,,,,51,73
M1/2114A,20/04/2025 00:00:00,10:44:00,42,59,8,2,2,,,,,,,,,,,,,,,51,71
M1/2114A,20/04/2025 00:00:00,10:59:00,43,68,4,3,6,,,,,,,,,,,,,,,52,81
M1/2114A,20/04/2025 00:00:00,11:14:00,44,54,3,0,1,,,,,,,,,,,,,,,51,58
M1/2114A,20/04/2025 00:00:00,11:29:00,45,78,4,0,4,,,,,,,,,,,,,,,53,86
M1/2114A,20/04/2025 00:00:00,11:44:00,46,74,7,1,5,,,,,,,,,,,,,,,52,87
M1/2114A,20/04/2025 00:00:00,11:59:00,47,88,7,0,6,,,,,,,,,,,,,,,52,101
M1/2114A,20/04/2025 00:00:00,12:14:00,48,73,5,0,1,,,,,,,,,,,,,,,52,79
M1/2114A,20/04/2025 00:00:00,12:29:00,49,91,4,5,6,,,,,,,,,,,,,,,52,106
M1/2114A,20/04/2025 00:00:00,12:44:00,50,97,10,2,4,,,,,,,,,,,,,,,50,113
M1/2114A,20/04/2025 00:00:00,12:59:00,51,87,6,1,8,,,,,,,,,,,,,,,50,102
M1/2114A,20/04/2025 00:00:00,13:14:00,52,94,7,2,3,,,,,,,,,,,,,,,51,106
M1/2114A,20/04/2025 00:00:00,13:29:00,53,120,8,0,7,,,,,,,,,,,,,,,53,135
M1/2114A,20/04/2025 00:00:00,13:44:00,54,89,12,2,2,,,,,,,,,,,,,,,52,105
M1/2114A,20/04/2025 00:00:00,13:59:00,55,88,4,1,6,,,,,,,,,,,,,,,52,99
M1/2114A,20/04/2025 00:00:00,14:14:00,56,101,5,1,2,,,,,,,,,,,,,,,52,109
M1/2114A,20/04/2025 00:00:00,14:29:00,57,81,2,0,4,,,,,,,,,,,,,,,50,87
M1/2114A,20/04/2025 00:00:00,14:44:00,58,84,11,1,6,,,,,,,,,,,,,,,52,102
M1/2114A,20/04/2025 00:00:00,14:59:00,59,97,5,0,8,,,,,,,,,,,,,,,53,110
M1/2114A,20/04/2025 00:00:00,15:14:00,60,100,5,1,4,,,,,,,,,,,,,,,53,110
M1/2114A,20/04/2025 00:00:00,15:29:00,61,87,6,2,2,,,,,,,,,,,,,,,54,97
M1/2114A,20/04/2025 00:00:00,15:44:00,62,89,4,1,2,,,,,,,,,,,,,,,53,96
M1/2114A,20/04/2025 00:00:00,15:59:00,63,101,7,3,4,,,,,,,,,,,,,,,51,115
M1/2114A,20/04/2025 00:00:00,16:14:00,64,90,2,0,3,,,,,,,,,,,,,,,51,95
M1/2114A,20/04/2025 00:00:00,16:29:00,65,89,3,0,9,,,,,,,,,,,,,,,52,101
M1/2114A,20/04/2025 00:00:00,16:44:00,66,101,3,2,8,,,,,,,,,,,,,,,52,114
M1/2114A,20/04/2025 00:00:00,16:59:00,67,106,5,0,8,,,,,,,,,,,,,,,52,119
M1/2114A,20/04/2025 00:00:00,17:13:00,68,94,3,0,1,,,,,,,,,,,,,,,53,99
M1/2114A,20/04/2025 00:00:00,17:29:00,69,87,6,1,6,,,,,,,,,,,,,,,53,100
M1/2114A,20/04/2025 00:00:00,17:44:00,70,107,7,1,5,,,,,,,,,,,,,,,52,120
M1/2114A,20/04/2025 00:00:00,17:59:00,71,116,5,1,6,,,,,,,,,,,,,,,51,128
M1/2114A,20/04/2025 00:00:00,18:14:00,72,95,1,0,0,,,,,,,,,,,,,,,54,96
M1/2114A,20/04/2025 00:00:00,18:29:00,73,90,4,0,8,,,,,,,,,,,,,,,53,102
M1/2114A,20/04/2025 00:00:00,18:44:00,74,95,2,3,3,,,,,,,,,,,,,,,51,103
M1/2114A,20/04/2025 00:00:00,18:59:00,75,86,7,3,5,,,,,,,,,,,,,,,54,101
M1/2114A,20/04/2025 00:00:00,19:14:00,76,98,4,1,1,,,,,,,,,,,,,,,53,104
M1/2114A,20/04/2025 00:00:00,19:29:00,77,88,2,1,5,,,,,,,,,,,,,,,53,96
M1/2114A,20/04/2025 00:00:00,19:44:00,78,77,3,1,3,,,,,,,,,,,,,,,53,84
M1/2114A,20/04/2025 00:00:00,19:59:00,79,85,2,0,3,,,,,,,,,,,,,,,52,90
M1/2114A,20/04/2025 00:00:00,20:14:00,80,79,4,0,5,,,,,,,,,,,,,,,51,88
M1/2114A,20/04/2025 00:00:00,20:29:00,81,82,3,0,4,,,,,,,,,,,,,,,52,89
M1/2114A,20/04/2025 00:00:00,20:44:00,82,100,4,1,2,,,,,,,,,,,,,,,52,107
M1/2114A,20/04/2025 00:00:00,20:59:00,83,71,4,3,6,,,,,,,,,,,,,,,50,84
M1/2114A,20/04/2025 00:00:00,21:14:00,84,78,5,1,2,,,,,,,,,,,,,,,51,86
M1/2114A,20/04/2025 00:00:00,21:29:00,85,87,2,1,3,,,,,,,,,,,,,,,50,93
M1/2114A,20/04/2025 00:00:00,21:44:00,86,69,5,0,3,,,,,,,,,,,,,,,52,77
M1/2114A,20/04/2025 00:00:00,21:59:00,87,60,3,0,1,,,,,,,,,,,,,,,50,64
M1/2114A,20/04/2025 00:00:00,22:14:00,88,61,2,0,10,,,,,,,,,,,,,,,51,73
M1/2114A,20/04/2025 00:00:00,22:29:00,89,59,2,1,4,,,,,,,,,,,,,,,51,66
M1/2114A,20/04/2025 00:00:00,22:44:00,90,51,1,0,0,,,,,,,,,,,,,,,52,52
M1/2114A,20/04/2025 00:00:00,22:59:00,91,54,2,1,4,,,,,,,,,,,,,,,50,61
M1/2114A,20/04/2025 00:00:00,23:14:00,92,58,1,0,4,,,,,,,,,,,,,,,51,63
M1/2114A,20/04/2025 00:00:00,23:29:00,93,67,0,1,3,,,,,,,,,,,,,,,51,71
M1/2114A,20/04/2025 00:00:00,23:44:00,94,51,1,1,3,,,,,,,,,,,,,,,50,56
M1/2114A,20/04/2025 00:00:00,23:59:00,95,35,2,0,4,,,,,,,,,,,,,,,51,41
M1/2114A,21/04/2025 00:00:00,00:14:00,0,43,0,0,3,,,,,,,,,,,,,,,52,46
M1/2114A,21/04/2025 00:00:00,00:29:00,1,28,1,2,3,,,,,,,,,,,,,,,51,34
M1/2114A,21/04/2025 00:00:00,00:44:00,2,20,2,0,5,,,,,,,,,,,,,,,50,27
M1/2114A,21/04/2025 00:00:00,00:59:00,3,31,3,0,2,,,,,,,,,,,,,,,50,36
M1/2114A,21/04/2025 00:00:00,01:14:00,4,25,1,0,2,,,,,,,,,,,,,,,54,28
M1/2114A,21/04/2025 00:00:00,01:29:00,5,17,1,0,2,,,,,,,,,,,,,,,51,20
M1/2114A,21/04/2025 00:00:00,01:44:00,6,14,1,1,1,,,,,,,,,,,,,,,50,17
M1/2114A,21/04/2025 00:00:00,01:59:00,7,17,1,0,1,,,,,,,,,,,,,,,48,19
M1/2114A,21/04/2025 00:00:00,02:14:00,8,15,2,0,2,,,,,,,,,,,,,,,50,19
M1/2114A,21/04/2025 00:00:00,02:29:00,9,14,3,0,2,,,,,,,,,,,,,,,51,19
M1/2114A,21/04/2025 00:00:00,02:44:00,10,11,0,0,1,,,,,,,,,,,,,,,47,12
M1/2114A,21/04/2025 00:00:00,02:59:00,11,8,0,1,2,,,,,,,,,,,,,,,49,11
M1/2114A,21/04/2025 00:00:00,03:14:00,12,12,2,1,2,,,,,,,,,,,,,,,46,17
M1/2114A,21/04/2025 00:00:00,03:29:00,13,23,0,1,2,,,,,,,,,,,,,,,53,26
M1/2114A,21/04/2025 00:00:00,03:44:00,14,17,0,0,0,,,,,,,,,,,,,,,52,17
M1/2114A,21/04/2025 00:00:00,03:59:00,15,10,3,0,2,,,,,,,,,,,,,,,51,15
M1/2114A,21/04/2025 00:00:00,04:14:00,16,17,3,0,2,,,,,,,,,,,,,,,51,22
M1/2114A,21/04/2025 00:00:00,04:29:00,17,15,0,0,1,,,,,,,,,,,,,,,48,16
M1/2114A,21/04/2025 00:00:00,04:44:00,18,8,0,1,1,,,,,,,,,,,,,,,49,10
M1/2114A,21/04/2025 00:00:00,04:59:00,19,5,1,0,3,,,,,,,,,,,,,,,50,9
M1/2114A,21/04/2025 00:00:00,05:14:00,20,9,1,0,1,,,,,,,,,,,,,,,50,11
M1/2114A,21/04/2025 00:00:00,05:29:00,21,4,2,0,2,,,,,,,,,,,,,,,46,8
M1/2114A,21/04/2025 00:00:00,05:44:00,22,17,0,1,0,,,,,,,,,,,,,,,51,18
M1/2114A,21/04/2025 00:00:00,05:59:00,23,12,1,0,2,,,,,,,,,,,,,,,51,15
M1/2114A,21/04/2025 00:00:00,06:14:00,24,12,0,0,1,,,,,,,,,,,,,,,50,13
M1/2114A,21/04/2025 00:00:00,06:29:00,25,14,2,1,2,,,,,,,,,,,,,,,51,19
M1/2114A,21/04/2025 00:00:00,06:44:00,26,21,1,3,4,,,,,,,,,,,,,,,49,29
M1/2114A,21/04/2025 00:00:00,06:59:00,27,17,1,1,4,,,,,,,,,,,,,,,49,23
M1/2114A,21/04/2025 00:00:00,07:14:00,28,21,1,0,3,,,,,,,,,,,,,,,48,26
M1/2114A,21/04/2025 00:00:00,07:29:00,29,22,3,3,3,,,,,,,,,,,,,,,49,31
M1/2114A,21/04/2025 00:00:00,07:44:00,30,20,1,2,4,,,,,,,,,,,,,,,50,27
M1/2114A,21/04/2025 00:00:00,07:59:00,31,29,3,1,2,,,,,,,,,,,,,,,51,35
M1/2114A,21/04/2025 00:00:00,08:14:00,32,20,0,2,9,,,,,,,,,,,,,,,48,31
M1/2114A,21/04/2025 00:00:00,08:29:00,33,37,0,1,6,,,,,,,,,,,,,,,50,44
M1/2114A,21/04/2025 00:00:00,08:44:00,34,39,2,5,3,,,,,,,,,,,,,,,51,49
M1/2114A,21/04/2025 00:00:00,08:59:00,35,37,3,2,5,,,,,,,,,,,,,,,52,47
M1/2114A,21/04/2025 00:00:00,09:14:00,36,30,1,3,2,,,,,,,,,,,,,,,51,36
M1/2114A,21/04/2025 00:00:00,09:29:00,37,46,4,1,5,,,,,,,,,,,,,,,52,56
M1/2114A,21/04/2025 00:00:00,09:44:00,38,45,6,0,1,,,,,,,,,,,,,,,51,52
M1/2114A,21/04/2025 00:00:00,09:59:00,39,51,3,5,10,,,,,,,,,,,,,,,51,69
M1/2114A,21/04/2025 00:00:00,10:14:00,40,53,6,0,4,,,,,,,,,,,,,,,52,63
M1/2114A,21/04/2025 00:00:00,10:29:00,41,74,5,2,9,,,,,,,,,,,,,,,51,90
M1/2114A,21/04/2025 00:00:00,10:44:00,42,54,6,1,4,,,,,,,,,,,,,,,52,65
M1/2114A,21/04/2025 00:00:00,10:59:00,43,56,2,1,7,,,,,,,,,,,,,,,50,66
M1/2114A,21/04/2025 00:00:00,11:14:00,44,66,1,1,2,,,,,,,,,,,,,,,51,70
M1/2114A,21/04/2025 00:00:00,11:29:00,45,67,3,2,4,,,,,,,,,,,,,,,51,76
M1/2114A,21/04/2025 00:00:00,11:44:00,46,76,5,3,2,,,,,,,,,,,,,,,51,86
M1/2114A,21/04/2025 00:00:00,11:59:00,47,78,6,3,6,,,,,,,,,,,,,,,51,93
M1/2114A,21/04/2025 00:00:00,12:14:00,48,56,10,2,0,,,,,,,,,,,,,,,54,68
M1/2114A,21/04/2025 00:00:00,12:29:00,49,81,11,2,7,,,,,,,,,,,,,,,51,101
M1/2114A,21/04/2025 00:00:00,12:44:00,50,72,6,3,0,,,,,,,,,,,,,,,51,81
M1/2114A,21/04/2025 00:00:00,12:59:00,51,83,6,2,9,,,,,,,,,,,,,,,50,100
M1/2114A,21/04/2025 00:00:00,13:14:00,52,83,6,1,1,,,,,,,,,,,,,,,52,91
M1/2114A,21/04/2025 00:00:00,13:29:00,53,98,6,1,10,,,,,,,,,,,,,,,52,115
M1/2114A,21/04/2025 00:00:00,13:44:00,54,89,9,4,3,,,,,,,,,,,,,,,49,105
M1/2114A,21/04/2025 00:00:00,13:59:00,55,107,7,2,7,,,,,,,,,,,,,,,52,123
M1/2114A,21/04/2025 00:00:00,14:14:00,56,102,12,3,2,,,,,,,,,,,,,,,53,119
M1/2114A,21/04/2025 00:00:00,14:29:00,57,86,5,1,4,,,,,,,,,,,,,,,53,96
M1/2114A,21/04/2025 00:00:00,14:44:00,58,89,8,0,7,,,,,,,,,,,,,,,53,104
M1/2114A,21/04/2025 00:00:00,14:59:00,59,103,7,1,3,,,,,,,,,,,,,,,51,114
M1/2114A,21/04/2025 00:00:00,15:14:00,60,96,5,3,4,,,,,,,,,,,,,,,54,108
M1/2114A,21/04/2025 00:00:00,15:29:00,61,100,8,2,5,,,,,,,,,,,,,,,51,115
M1/2114A,21/04/2025 00:00:00,15:44:00,62,111,12,1,5,,,,,,,,,,,,,,,53,129
M1/2114A,21/04/2025 00:00:00,15:59:00,63,110,9,0,5,,,,,,,,,,,,,,,52,124
M1/2114A,21/04/2025 00:00:00,16:14:00,64,94,3,3,4,,,,,,,,,,,,,,,52,104
M1/2114A,21/04/2025 00:00:00,16:29:00,65,139,9,2,8,,,,,,,,,,,,,,,52,158
M1/2114A,21/04/2025 00:00:00,16:44:00,66,109,3,0,8,,,,,,,,,,,,,,,53,120
M1/2114A,21/04/2025 00:00:00,16:59:00,67,87,6,1,5,,,,,,,,,,,,,,,52,99
M1/2114A,21/04/2025 00:00:00,17:14:00,68,103,7,1,2,,,,,,,,,,,,,,,51,113
M1/2114A,21/04/2025 00:00:00,17:29:00,69,108,3,1,8,,,,,,,,,,,,,,,51,120
M1/2114A,21/04/2025 00:00:00,17:44:00,70,94,9,1,8,,,,,,,,,,,,,,,53,112
M1/2114A,21/04/2025 00:00:00,17:59:00,71,100,9,1,7,,,,,,,,,,,,,,,52,117
M1/2114A,21/04/2025 00:00:00,18:14:00,72,90,7,2,4,,,,,,,,,,,,,,,51,103
M1/2114A,21/04/2025 00:00:00,18:29:00,73,94,1,2,7,,,,,,,,,,,,,,,52,104
M1/2114A,21/04/2025 00:00:00,18:44:00,74,105,4,2,5,,,,,,,,,,,,,,,53,117
M1/2114A,21/04/2025 00:00:00,18:59:00,75,75,8,2,9,,,,,,,,,,,,,,,53,94
M1/2114A,21/04/2025 00:00:00,19:14:00,76,72,4,2,2,,,,,,,,,,,,,,,51,80
M1/2114A,21/04/2025 00:00:00,19:29:00,77,68,1,1,5,,,,,,,,,,,,,,,53,75
M1/2114A,21/04/2025 00:00:00,19:44:00,78,81,6,1,2,,,,,,,,,,,,,,,52,90
M1/2114A,21/04/2025 00:00:00,19:59:00,79,71,2,0,4,,,,,,,,,,,,,,,52,77
M1/2114A,21/04/2025 00:00:00,20:14:00,80,78,4,2,8,,,,,,,,,,,,,,,52,92
M1/2114A,21/04/2025 00:00:00,20:29:00,81,73,3,0,4,,,,,,,,,,,,,,,52,80
M1/2114A,21/04/2025 00:00:00,20:44:00,82,49,4,1,4,,,,,,,,,,,,,,,50,58
M1/2114A,21/04/2025 00:00:00,20:59:00,83,90,3,0,8,,,,,,,,,,,,,,,48,101
M1/2114A,21/04/2025 00:00:00,21:14:00,84,62,3,1,2,,,,,,,,,,,,,,,49,68
M1/2114A,21/04/2025 00:00:00,21:29:00,85,69,4,1,3,,,,,,,,,,,,,,,51,77
M1/2114A,21/04/2025 00:00:00,21:44:00,86,58,4,0,3,,,,,,,,,,,,,,,52,65
M1/2114A,21/04/2025 00:00:00,21:59:00,87,51,6,0,5,,,,,,,,,,,,,,,51,62
M1/2114A,21/04/2025 00:00:00,22:14:00,88,57,3,1,3,,,,,,,,,,,,,,,50,64
M1/2114A,21/04/2025 00:00:00,22:29:00,89,58,4,0,6,,,,,,,,,,,,,,,51,68
M1/2114A,21/04/2025 00:00:00,22:44:00,90,52,5,0,5,,,,,,,,,,,,,,,51,62
M1/2114A,21/04/2025 00:00:00,22:59:00,91,78,5,1,5,,,,,,,,,,,,,,,52,89
M1/2114A,21/04/2025 00:00:00,23:14:00,92,59,5,1,7,,,,,,,,,,,,,,,51,72
M1/2114A,21/04/2025 00:00:00,23:29:00,93,39,1,2,4,,,,,,,,,,,,,,,49,46
M1/2114A,21/04/2025 00:00:00,23:44:00,94,49,3,2,2,,,,,,,,,,,,,,,50,56
M1/2114A,21/04/2025 00:00:00,23:59:00,95,36,4,1,4,,,,,,,,,,,,,,,53,45
M1/2114A,22/04/2025 00:00:00,00:14:00,0,23,2,1,5,,,,,,,,,,,,,,,51,31
M1/2114A,22/04/2025 00:00:00,00:29:00,1,31,3,1,4,,,,,,,,,,,,,,,49,39
M1/2114A,22/04/2025 00:00:00,00:44:00,2,19,3,0,4,,,,,,,,,,,,,,,52,26
M1/2114A,22/04/2025 00:00:00,00:59:00,3,22,4,0,3,,,,,,,,,,,,,,,49,29
M1/2114A,22/04/2025 00:00:00,01:14:00,4,17,4,0,1,,,,,,,,,,,,,,,49,22
M1/2114A,22/04/2025 00:00:00,01:29:00,5,17,5,0,0,,,,,,,,,,,,,,,49,22
M1/2114A,22/04/2025 00:00:00,01:44:00,6,16,0,0,1,,,,,,,,,,,,,,,47,17
M1/2114A,22/04/2025 00:00:00,01:59:00,7,14,3,1,1,,,,,,,,,,,,,,,48,19
M1/2114A,22/04/2025 00:00:00,02:14:00,8,14,2,0,2,,,,,,,,,,,,,,,49,18
M1/2114A,22/04/2025 00:00:00,02:29:00,9,8,0,1,2,,,,,,,,,,,,,,,50,11
M1/2114A,22/04/2025 00:00:00,02:44:00,10,5,2,1,1,,,,,,,,,,,,,,,48,9
M1/2114A,22/04/2025 00:00:00,02:59:00,11,9,0,1,3,,,,,,,,,,,,,,,47,13
M1/2114A,22/04/2025 00:00:00,03:14:00,12,9,0,0,4,,,,,,,,,,,,,,,47,13
M1/2114A,22/04/2025 00:00:00,03:29:00,13,18,0,1,3,,,,,,,,,,,,,,,50,22
M1/2114A,22/04/2025 00:00:00,03:44:00,14,9,0,1,3,,,,,,,,,,,,,,,48,13
M1/2114A,22/04/2025 00:00:00,03:59:00,15,5,1,0,2,,,,,,,,,,,,,,,51,8
M1/2114A,22/04/2025 00:00:00,04:14:00,16,12,3,0,2,,,,,,,,,,,,,,,48,17
M1/2114A,22/04/2025 00:00:00,04:29:00,17,8,2,1,3,,,,,,,,,,,,,,,52,14
M1/2114A,22/04/2025 00:00:00,04:44:00,18,12,2,3,2,,,,,,,,,,,,,,,50,19
M1/2114A,22/04/2025 00:00:00,04:59:00,19,11,2,1,5,,,,,,,,,,,,,,,48,19
M1/2114A,22/04/2025 00:00:00,05:14:00,20,18,2,0,1,,,,,,,,,,,,,,,49,21
M1/2114A,22/04/2025 00:00:00,05:29:00,21,15,3,2,1,,,,,,,,,,,,,,,50,21
M1/2114A,22/04/2025 00:00:00,05:44:00,22,21,2,0,1,,,,,,,,,,,,,,,52,24
M1/2114A,22/04/2025 00:00:00,05:59:00,23,19,2,2,7,,,,,,,,,,,,,,,53,30
M1/2114A,22/04/2025 00:00:00,06:14:00,24,17,2,0,1,,,,,,,,,,,,,,,53,20
M1/2114A,22/04/2025 00:00:00,06:29:00,25,28,2,0,4,,,,,,,,,,,,,,,55,34
M1/2114A,22/04/2025 00:00:00,06:44:00,26,40,1,1,4,,,,,,,,,,,,,,,51,46
M1/2114A,22/04/2025 00:00:00,06:59:00,27,37,4,0,3,,,,,,,,,,,,,,,53,44
M1/2114A,22/04/2025 00:00:00,07:14:00,28,52,1,3,1,,,,,,,,,,,,,,,53,57
M1/2114A,22/04/2025 00:00:00,07:29:00,29,59,4,3,4,,,,,,,,,,,,,,,51,70
M1/2114A,22/04/2025 00:00:00,07:44:00,30,64,6,6,4,,,,,,,,,,,,,,,54,80
M1/2114A,22/04/2025 00:00:00,07:59:00,31,61,4,5,5,,,,,,,,,,,,,,,54,75
M1/2114A,22/04/2025 00:00:00,08:14:00,32,61,5,5,4,,,,,,,,,,,,,,,54,75
M1/2114A,22/04/2025 00:00:00,08:29:00,33,70,6,2,7,,,,,,,,,,,,,,,52,85
M1/2114A,22/04/2025 00:00:00,08:44:00,34,65,5,4,3,,,,,,,,,,,,,,,55,77
M1/2114A,22/04/2025 00:00:00,08:59:00,35,54,3,5,6,,,,,,,,,,,,,,,51,68
M1/2114A,22/04/2025 00:00:00,09:14:00,36,50,11,8,2,,,,,,,,,,,,,,,51,71
M1/2114A,22/04/2025 00:00:00,09:29:00,37,45,9,2,3,,,,,,,,,,,,,,,52,59
M1/2114A,22/04/2025 00:00:00,09:44:00,38,41,16,8,7,,,,,,,,,,,,,,,52,72
M1/2114A,22/04/2025 00:00:00,09:59:00,39,40,3,8,6,,,,,,,,,,,,,,,51,57
M1/2114A,22/04/2025 00:00:00,10:14:00,40,49,13,3,6,,,,,,,,,,,,,,,49,71
M1/2114A,22/04/2025 00:00:00,10:29:00,41,50,5,7,8,,,,,,,,,,,,,,,51,70
M1/2114A,22/04/2025 00:00:00,10:44:00,42,67,12,7,3,,,,,,,,,,,,,,,51,89
M1/2114A,22/04/2025 00:00:00,10:59:00,43,64,12,5,7,,,,,,,,,,,,,,,52,88
M1/2114A,22/04/2025 00:00:00,11:14:00,44,63,13,11,5,,,,,,,,,,,,,,,52,92
M1/2114A,22/04/2025 00:00:00,11:29:00,45,71,10,9,8,,,,,,,,,,,,,,,52,98
M1/2114A,22/04/2025 00:00:00,11:44:00,46,72,10,12,3,,,,,,,,,,,,,,,50,97
M1/2114A,22/04/2025 00:00:00,11:59:00,47,50,25,9,4,,,,,,,,,,,,,,,52,88
M1/2114A,22/04/2025 00:00:00,12:14:00,48,78,13,8,4,,,,,,,,,,,,,,,51,103
M1/2114A,22/04/2025 00:00:00,12:29:00,49,77,17,11,4,,,,,,,,,,,,,,,51,109
M1/2114A,22/04/2025 00:00:00,12:44:00,50,59,16,6,5,,,,,,,,,,,,,,,53,86
M1/2114A,22/04/2025 00:00:00,12:59:00,51,69,16,6,10,,,,,,,,,,,,,,,52,101
M1/2114A,22/04/2025 00:00:00,13:14:00,52,93,16,7,10,,,,,,,,,,,,,,,53,126
M1/2114A,22/04/2025 00:00:00,13:29:00,53,78,24,11,7,,,,,,,,,,,,,,,52,120
M1/2114A,22/04/2025 00:00:00,13:44:00,54,102,27,14,4,,,,,,,,,,,,,,,51,147
M1/2114A,22/04/2025 00:00:00,13:59:00,55,79,26,12,5,,,,,,,,,,,,,,,54,122
M1/2114A,22/04/2025 00:00:00,14:14:00,56,93,20,7,7,,,,,,,,,,,,,,,52,127
M1/2114A,22/04/2025 00:00:00,14:29:00,57,110,22,6,5,,,,,,,,,,,,,,,51,143
M1/2114A,22/04/2025 00:00:00,14:44:00,58,125,17,12,4,,,,,,,,,,,,,,,53,158
M1/2114A,22/04/2025 00:00:00,14:59:00,59,124,29,9,12,,,,,,,,,,,,,,,53,174
M1/2114A,22/04/2025 00:00:00,15:14:00,60,113,23,8,5,,,,,,,,,,,,,,,54,149
M1/2114A,22/04/2025 00:00:00,15:29:00,61,128,27,8,7,,,,,,,,,,,,,,,53,170
M1/2114A,22/04/2025 00:00:00,15:44:00,62,155,34,11,2,,,,,,,,,,,,,,,52,202
M1/2114A,22/04/2025 00:00:00,15:59:00,63,138,31,7,7,,,,,,,,,,,,,,,54,183
M1/2114A,22/04/2025 00:00:00,16:14:00,64,165,37,10,6,,,,,,,,,,,,,,,53,218
M1/2114A,22/04/2025 00:00:00,16:29:00,65,161,40,8,13,,,,,,,,,,,,,,,52,222
M1/2114A,22/04/2025 00:00:00,16:44:00,66,174,23,7,10,,,,,,,,,,,,,,,54,214
M1/2114A,22/04/2025 00:00:00,16:59:00,67,99,11,6,6,,,,,,,,,,,,,,,55,122
M1/2114A,22/04/2025 00:00:00,17:14:00,68,106,18,4,2,,,,,,,,,,,,,,,55,130
M1/2114A,22/04/2025 00:00:00,17:29:00,69,97,11,2,2,,,,,,,,,,,,,,,55,112
M1/2114A,22/04/2025 00:00:00,17:44:00,70,115,15,3,8,,,,,,,,,,,,,,,54,141
M1/2114A,22/04/2025 00:00:00,17:59:00,71,152,12,3,4,,,,,,,,,,,,,,,55,171
M1/2114A,22/04/2025 00:00:00,18:14:00,72,161,20,0,4,,,,,,,,,,,,,,,52,185
M1/2114A,22/04/2025 00:00:00,18:29:00,73,156,12,1,5,,,,,,,,,,,,,,,55,175
M1/2114A,22/04/2025 00:00:00,18:44:00,74,137,7,3,3,,,,,,,,,,,,,,,55,150
M1/2114A,22/04/2025 00:00:00,18:59:00,75,98,10,2,3,,,,,,,,,,,,,,,56,113
M1/2114A,22/04/2025 00:00:00,19:14:00,76,101,9,4,3,,,,,,,,,,,,,,,54,117
M1/2114A,22/04/2025 00:00:00,19:29:00,77,90,5,2,9,,,,,,,,,,,,,,,54,105
M1/2114A,22/04/2025 00:00:00,19:44:00,78,78,7,2,5,,,,,,,,,,,,,,,52,92
M1/2114A,22/04/2025 00:00:00,19:59:00,79,85,2,0,6,,,,,,,,,,,,,,,53,93
M1/2114A,22/04/2025 00:00:00,20:14:00,80,75,6,4,9,,,,,,,,,,,,,,,53,94
M1/2114A,22/04/2025 00:00:00,20:29:00,81,71,6,1,3,,,,,,,,,,,,,,,51,81
M1/2114A,22/04/2025 00:00:00,20:44:00,82,64,10,2,4,,,,,,,,,,,,,,,54,80
M1/2114A,22/04/2025 00:00:00,20:59:00,83,62,3,2,6,,,,,,,,,,,,,,,52,73
M1/2114A,22/04/2025 00:00:00,21:14:00,84,43,3,1,3,,,,,,,,,,,,,,,50,50
M1/2114A,22/04/2025 00:00:00,21:29:00,85,68,5,2,6,,,,,,,,,,,,,,,50,81
M1/2114A,22/04/2025 00:00:00,21:44:00,86,50,10,1,5,,,,,,,,,,,,,,,42,66
M1/2114A,22/04/2025 00:00:00,21:59:00,87,42,8,2,4,,,,,,,,,,,,,,,43,56
M1/2114A,22/04/2025 00:00:00,22:14:00,88,40,8,0,4,,,,,,,,,,,,,,,45,52
M1/2114A,22/04/2025 00:00:00,22:29:00,89,44,11,3,9,,,,,,,,,,,,,,,41,67
M1/2114A,22/04/2025 00:00:00,22:44:00,90,52,8,0,1,,,,,,,,,,,,,,,46,61
M1/2114A,22/04/2025 00:00:00,22:59:00,91,48,11,2,7,,,,,,,,,,,,,,,45,68
M1/2114A,22/04/2025 00:00:00,23:14:00,92,45,5,1,3,,,,,,,,,,,,,,,46,54
M1/2114A,22/04/2025 00:00:00,23:29:00,93,39,3,1,3,,,,,,,,,,,,,,,43,46
M1/2114A,22/04/2025 00:00:00,23:44:00,94,24,3,2,2,,,,,,,,,,,,,,,47,31
M1/2114A,22/04/2025 00:00:00,23:59:00,95,32,3,1,8,,,,,,,,,,,,,,,42,44
M1/2114A,23/04/2025 00:00:00,00:14:00,0,27,4,0,4,,,,,,,,,,,,,,,49,35
M1/2114A,23/04/2025 00:00:00,00:29:00,1,19,3,0,4,,,,,,,,,,,,,,,47,26
M1/2114A,23/04/2025 00:00:00,00:44:00,2,23,2,0,6,,,,,,,,,,,,,,,42,31
M1/2114A,23/04/2025 00:00:00,00:59:00,3,40,7,3,4,,,,,,,,,,,,,,,41,54
M1/2114A,23/04/2025 00:00:00,01:14:00,4,21,4,2,5,,,,,,,,,,,,,,,44,32
M1/2114A,23/04/2025 00:00:00,01:29:00,5,24,6,1,4,,,,,,,,,,,,,,,44,35
M1/2114A,23/04/2025 00:00:00,01:44:00,6,31,3,2,7,,,,,,,,,,,,,,,41,43
M1/2114A,23/04/2025 00:00:00,01:59:00,7,11,2,2,4,,,,,,,,,,,,,,,44,19
M1/2114A,23/04/2025 00:00:00,02:14:00,8,9,2,3,0,,,,,,,,,,,,,,,44,14
M1/2114A,23/04/2025 00:00:00,02:29:00,9,12,2,1,3,,,,,,,,,,,,,,,46,18
M1/2114A,23/04/2025 00:00:00,02:44:00,10,8,4,1,2,,,,,,,,,,,,,,,40,15
M1/2114A,23/04/2025 00:00:00,02:59:00,11,8,0,1,1,,,,,,,,,,,,,,,46,10
M1/2114A,23/04/2025 00:00:00,03:14:00,12,10,2,2,2,,,,,,,,,,,,,,,40,16
M1/2114A,23/04/2025 00:00:00,03:29:00,13,17,0,1,1,,,,,,,,,,,,,,,45,19
M1/2114A,23/04/2025 00:00:00,03:44:00,14,12,1,0,3,,,,,,,,,,,,,,,44,16
M1/2114A,23/04/2025 00:00:00,03:59:00,15,12,1,1,2,,,,,,,,,,,,,,,46,16
M1/2114A,23/04/2025 00:00:00,04:14:00,16,15,2,2,2,,,,,,,,,,,,,,,45,21
M1/2114A,23/04/2025 00:00:00,04:29:00,17,15,0,1,3,,,,,,,,,,,,,,,48,19
M1/2114A,23/04/2025 00:00:00,04:44:00,18,12,0,2,2,,,,,,,,,,,,,,,48,16
M1/2114A,23/04/2025 00:00:00,04:59:00,19,15,1,0,4,,,,,,,,,,,,,,,48,20
M1/2114A,23/04/2025 00:00:00,05:14:00,20,14,4,1,1,,,,,,,,,,,,,,,47,20
M1/2114A,23/04/2025 00:00:00,05:29:00,21,8,1,0,2,,,,,,,,,,,,,,,48,11
M1/2114A,23/04/2025 00:00:00,05:44:00,22,19,6,0,2,,,,,,,,,,,,,,,50,27
M1/2114A,23/04/2025 00:00:00,05:59:00,23,14,3,1,3,,,,,,,,,,,,,,,52,21
M1/2114A,23/04/2025 00:00:00,06:14:00,24,21,1,2,2,,,,,,,,,,,,,,,47,26
M1/2114A,23/04/2025 00:00:00,06:29:00,25,18,6,0,4,,,,,,,,,,,,,,,49,28
M1/2114A,23/04/2025 00:00:00,06:44:00,26,39,2,7,5,,,,,,,,,,,,,,,50,53
M1/2114A,23/04/2025 00:00:00,06:59:00,27,46,7,2,4,,,,,,,,,,,,,,,53,59
M1/2114A,23/04/2025 00:00:00,07:14:00,28,45,4,1,1,,,,,,,,,,,,,,,52,51
M1/2114A,23/04/2025 00:00:00,07:29:00,29,53,4,3,5,,,,,,,,,,,,,,,50,65
M1/2114A,23/04/2025 00:00:00,07:44:00,30,59,4,4,5,,,,,,,,,,,,,,,50,72
M1/2114A,23/04/2025 00:00:00,07:59:00,31,57,8,3,6,,,,,,,,,,,,,,,53,74
M1/2114A,23/04/2025 00:00:00,08:14:00,32,47,9,9,7,,,,,,,,,,,,,,,52,72
M1/2114A,23/04/2025 00:00:00,08:29:00,33,72,3,4,6,,,,,,,,,,,,,,,52,85
M1/2114A,23/04/2025 00:00:00,08:44:00,34,69,3,4,6,,,,,,,,,,,,,,,51,82
M1/2114A,23/04/2025 00:00:00,08:59:00,35,51,9,6,7,,,,,,,,,,,,,,,52,73
M1/2114A,23/04/2025 00:00:00,09:14:00,36,47,7,7,1,,,,,,,,,,,,,,,51,62
M1/2114A,23/04/2025 00:00:00,09:29:00,37,51,10,10,3,,,,,,,,,,,,,,,53,74
M1/2114A,23/04/2025 00:00:00,09:44:00,38,46,20,10,5,,,,,,,,,,,,,,,52,81
M1/2114A,23/04/2025 00:00:00,09:59:00,39,44,13,6,11,,,,,,,,,,,,,,,50,74
M1/2114A,23/04/2025 00:00:00,10:14:00,40,53,10,3,8,,,,,,,,,,,,,,,51,73
M1/2114A,23/04/2025 00:00:00,10:29:00,41,51,10,11,7,,,,,,,,,,,,,,,51,79
M1/2114A,23/04/2025 00:00:00,10:44:00,42,56,11,5,4,,,,,,,,,,,,,,,50,76
M1/2114A,23/04/2025 00:00:00,10:59:00,43,59,16,5,8,,,,,,,,,,,,,,,51,88
M1/2114A,23/04/2025 00:00:00,11:14:00,44,61,10,8,7,,,,,,,,,,,,,,,53,86
M1/2114A,23/04/2025 00:00:00,11:29:00,45,44,12,6,4,,,,,,,,,,,,,,,53,66
M1/2114A,23/04/2025 00:00:00,11:44:00,46,49,13,12,3,,,,,,,,,,,,,,,52,77
M1/2114A,23/04/2025 00:00:00,11:59:00,47,64,10,11,7,,,,,,,,,,,,,,,50,92
M1/2114A,23/04/2025 00:00:00,12:14:00,48,69,19,13,5,,,,,,,,,,,,,,,51,106
M1/2114A,23/04/2025 00:00:00,12:29:00,49,65,15,10,9,,,,,,,,,,,,,,,49,99
M1/2114A,23/04/2025 00:00:00,12:44:00,50,82,13,7,5,,,,,,,,,,,,,,,51,107
M1/2114A,23/04/2025 00:00:00,12:59:00,51,77,15,7,10,,,,,,,,,,,,,,,51,109
M1/2114A,23/04/2025 00:00:00,13:14:00,52,95,10,8,13,,,,,,,,,,,,,,,50,125
M1/2114A,23/04/2025 00:00:00,13:25:00,53,83,10,7,3,,,,,,,,,,,,,,,52,103
M1/2114A,23/04/2025 00:00:00,13:44:00,54,87,17,10,10,,,,,,,,,,,,,,,51,124
M1/2114A,23/04/2025 00:00:00,13:59:00,55,78,19,7,5,,,,,,,,,,,,,,,50,109
M1/2114A,23/04/2025 00:00:00,14:14:00,56,107,19,15,6,,,,,,,,,,,,,,,49,147
M1/2114A,23/04/2025 00:00:00,14:29:00,57,117,16,5,4,,,,,,,,,,,,,,,51,142
M1/2114A,23/04/2025 00:00:00,14:44:00,58,104,35,12,8,,,,,,,,,,,,,,,53,159
M1/2114A,23/04/2025 00:00:00,14:59:00,59,105,25,10,4,,,,,,,,,,,,,,,54,144
M1/2114A,23/04/2025 00:00:00,15:14:00,60,117,39,16,8,,,,,,,,,,,,,,,51,180
M1/2114A,23/04/2025 00:00:00,15:29:00,61,148,26,12,7,,,,,,,,,,,,,,,51,193
M1/2114A,23/04/2025 00:00:00,15:44:00,62,133,33,15,3,,,,,,,,,,,,,,,53,184
M1/2114A,23/04/2025 00:00:00,15:59:00,63,170,37,9,5,,,,,,,,,,,,,,,51,221
M1/2114A,23/04/2025 00:00:00,16:14:00,64,153,36,14,10,,,,,,,,,,,,,,,51,213
M1/2114A,23/04/2025 00:00:00,16:29:00,65,187,42,6,12,,,,,,,,,,,,,,,52,247
M1/2114A,23/04/2025 00:00:00,16:44:00,66,203,44,7,7,,,,,,,,,,,,,,,51,261
M1/2114A,23/04/2025 00:00:00,16:59:00,67,200,41,11,9,,,,,,,,,,,,,,,52,260
M1/2114A,23/04/2025 00:00:00,17:14:00,68,174,29,5,11,,,,,,,,,,,,,,,53,219
M1/2114A,23/04/2025 00:00:00,17:29:00,69,151,28,10,9,,,,,,,,,,,,,,,51,198
M1/2114A,23/04/2025 00:00:00,17:44:00,70,165,28,6,5,,,,,,,,,,,,,,,53,204
M1/2114A,23/04/2025 00:00:00,17:59:00,71,156,21,3,9,,,,,,,,,,,,,,,54,190
M1/2114A,23/04/2025 00:00:00,18:14:00,72,128,16,8,5,,,,,,,,,,,,,,,53,157
M1/2114A,23/04/2025 00:00:00,18:29:00,73,148,18,2,8,,,,,,,,,,,,,,,55,176
M1/2114A,23/04/2025 00:00:00,18:44:00,74,143,13,9,9,,,,,,,,,,,,,,,54,174
M1/2114A,23/04/2025 00:00:00,18:59:00,75,128,9,4,3,,,,,,,,,,,,,,,55,144
M1/2114A,23/04/2025 00:00:00,19:14:00,76,83,6,3,5,,,,,,,,,,,,,,,57,97
M1/2114A,23/04/2025 00:00:00,19:29:00,77,72,8,6,7,,,,,,,,,,,,,,,53,93
M1/2114A,23/04/2025 00:00:00,19:44:00,78,78,5,3,5,,,,,,,,,,,,,,,55,91
M1/2114A,23/04/2025 00:00:00,19:59:00,79,64,12,2,6,,,,,,,,,,,,,,,53,84
M1/2114A,23/04/2025 00:00:00,20:14:00,80,61,6,4,5,,,,,,,,,,,,,,,52,76
M1/2114A,23/04/2025 00:00:00,20:29:00,81,79,7,2,7,,,,,,,,,,,,,,,51,95
M1/2114A,23/04/2025 00:00:00,20:44:00,82,66,5,2,3,,,,,,,,,,,,,,,50,76
M1/2114A,23/04/2025 00:00:00,20:59:00,83,75,7,2,5,,,,,,,,,,,,,,,34,89
M1/2114A,23/04/2025 00:00:00,21:14:00,84,47,3,3,5,,,,,,,,,,,,,,,41,58
M1/2114A,23/04/2025 00:00:00,21:29:00,85,49,9,2,6,,,,,,,,,,,,,,,45,66
M1/2114A,23/04/2025 00:00:00,21:44:00,86,50,6,2,4,,,,,,,,,,,,,,,44,62
M1/2114A,23/04/2025 00:00:00,21:59:00,87,44,5,4,5,,,,,,,,,,,,,,,45,58
M1/2114A,23/04/2025 00:00:00,22:13:00,88,51,8,2,2,,,,,,,,,,,,,,,45,63
M1/2114A,23/04/2025 00:00:00,22:29:00,89,59,9,2,7,,,,,,,,,,,,,,,44,77
M1/2114A,23/04/2025 00:00:00,22:44:00,90,69,4,1,3,,,,,,,,,,,,,,,44,77
M1/2114A,23/04/2025 00:00:00,22:59:00,91,82,5,3,5,,,,,,,,,,,,,,,46,95
M1/2114A,23/04/2025 00:00:00,23:14:00,92,76,8,2,2,,,,,,,,,,,,,,,44,88
M1/2114A,23/04/2025 00:00:00,23:29:00,93,52,3,1,1,,,,,,,,,,,,,,,45,57
M1/2114A,23/04/2025 00:00:00,23:44:00,94,47,6,1,2,,,,,,,,,,,,,,,45,56
M1/2114A,23/04/2025 00:00:00,23:59:00,95,27,2,3,3,,,,,,,,,,,,,,,47,35
M1/2114A,24/04/2025 00:00:00,00:14:00,0,30,4,0,5,,,,,,,,,,,,,,,45,39
M1/2114A,24/04/2025 00:00:00,00:29:00,1,16,2,1,5,,,,,,,,,,,,,,,46,24
M1/2114A,24/04/2025 00:00:00,00:44:00,2,20,2,4,5,,,,,,,,,,,,,,,46,31
M1/2114A,24/04/2025 00:00:00,00:59:00,3,31,4,1,3,,,,,,,,,,,,,,,44,39
M1/2114A,24/04/2025 00:00:00,01:14:00,4,16,3,0,2,,,,,,,,,,,,,,,47,21
M1/2114A,24/04/2025 00:00:00,01:29:00,5,13,1,1,2,,,,,,,,,,,,,,,46,17
M1/2114A,24/04/2025 00:00:00,01:44:00,6,15,4,2,1,,,,,,,,,,,,,,,44,22
M1/2114A,24/04/2025 00:00:00,01:59:00,7,13,2,0,4,,,,,,,,,,,,,,,43,19
M1/2114A,24/04/2025 00:00:00,02:14:00,8,11,4,1,2,,,,,,,,,,,,,,,43,18
M1/2114A,24/04/2025 00:00:00,02:29:00,9,14,1,0,3,,,,,,,,,,,,,,,44,18
M1/2114A,24/04/2025 00:00:00,02:44:00,10,15,0,1,3,,,,,,,,,,,,,,,39,19
M1/2114A,24/04/2025 00:00:00,02:59:00,11,16,2,0,2,,,,,,,,,,,,,,,50,20
M1/2114A,24/04/2025 00:00:00,03:14:00,12,11,1,2,3,,,,,,,,,,,,,,,45,17
M1/2114A,24/04/2025 00:00:00,03:29:00,13,10,2,5,2,,,,,,,,,,,,,,,49,19
M1/2114A,24/04/2025 00:00:00,03:44:00,14,10,2,1,3,,,,,,,,,,,,,,,51,16
M1/2114A,24/04/2025 00:00:00,03:59:00,15,15,0,1,3,,,,,,,,,,,,,,,47,19
M1/2114A,24/04/2025 00:00:00,04:14:00,16,8,0,4,1,,,,,,,,,,,,,,,53,13
M1/2114A,24/04/2025 00:00:00,04:29:00,17,11,3,0,2,,,,,,,,,,,,,,,53,16
M1/2114A,24/04/2025 00:00:00,04:44:00,18,15,2,1,0,,,,,,,,,,,,,,,50,18
M1/2114A,24/04/2025 00:00:00,04:59:00,19,10,1,0,4,,,,,,,,,,,,,,,50,15
M1/2114A,24/04/2025 00:00:00,05:14:00,20,14,0,0,2,,,,,,,,,,,,,,,51,16
M1/2114A,24/04/2025 00:00:00,05:29:00,21,17,5,3,2,,,,,,,,,,,,,,,52,27
M1/2114A,24/04/2025 00:00:00,05:44:00,22,24,4,1,1,,,,,,,,,,,,,,,52,30
M1/2114A,24/04/2025 00:00:00,05:59:00,23,16,0,3,4,,,,,,,,,,,,,,,52,23
M1/2114A,24/04/2025 00:00:00,06:14:00,24,20,1,0,6,,,,,,,,,,,,,,,51,27
M1/2114A,24/04/2025 00:00:00,06:29:00,25,22,5,1,2,,,,,,,,,,,,,,,53,30
M1/2114A,24/04/2025 00:00:00,06:44:00,26,39,4,1,3,,,,,,,,,,,,,,,53,47
M1/2114A,24/04/2025 00:00:00,06:59:00,27,36,2,3,6,,,,,,,,,,,,,,,52,47
M1/2114A,24/04/2025 00:00:00,07:14:00,28,44,2,1,3,,,,,,,,,,,,,,,55,50
M1/2114A,24/04/2025 00:00:00,07:29:00,29,49,4,1,3,,,,,,,,,,,,,,,55,57
M1/2114A,24/04/2025 00:00:00,07:44:00,30,56,3,1,7,,,,,,,,,,,,,,,55,67
M1/2114A,24/04/2025 00:00:00,07:59:00,31,59,8,2,5,,,,,,,,,,,,,,,54,74
M1/2114A,24/04/2025 00:00:00,08:14:00,32,58,10,6,4,,,,,,,,,,,,,,,54,78
M1/2114A,24/04/2025 00:00:00,08:29:00,33,71,7,6,6,,,,,,,,,,,,,,,52,90
M1/2114A,24/04/2025 00:00:00,08:44:00,34,63,3,8,6,,,,,,,,,,,,,,,52,80
M1/2114A,24/04/2025 00:00:00,08:59:00,35,52,12,9,4,,,,,,,,,,,,,,,51,77
M1/2114A,24/04/2025 00:00:00,09:14:00,36,59,5,4,6,,,,,,,,,,,,,,,53,74
M1/2114A,24/04/2025 00:00:00,09:29:00,37,50,14,6,8,,,,,,,,,,,,,,,52,78
M1/2114A,24/04/2025 00:00:00,09:44:00,38,61,12,10,5,,,,,,,,,,,,,,,52,88
M1/2114A,24/04/2025 00:00:00,09:59:00,39,41,7,8,9,,,,,,,,,,,,,,,50,65
M1/2114A,24/04/2025 00:00:00,10:14:00,40,40,10,4,5,,,,,,,,,,,,,,,53,59
M1/2114A,24/04/2025 00:00:00,10:29:00,41,47,11,5,6,,,,,,,,,,,,,,,50,69
M1/2114A,24/04/2025 00:00:00,10:44:00,42,47,8,6,6,,,,,,,,,,,,,,,50,67
M1/2114A,24/04/2025 00:00:00,10:59:00,43,54,12,8,6,,,,,,,,,,,,,,,53,79
M1/2114A,24/04/2025 00:00:00,11:14:00,44,58,11,9,4,,,,,,,,,,,,,,,53,82
M1/2114A,24/04/2025 00:00:00,11:29:00,45,59,16,5,9,,,,,,,,,,,,,,,52,89
M1/2114A,24/04/2025 00:00:00,11:44:00,46,67,13,10,4,,,,,,,,,,,,,,,52,94
M1/2114A,24/04/2025 00:00:00,11:59:00,47,77,20,9,6,,,,,,,,,,,,,,,49,112
M1/2114A,24/04/2025 00:00:00,12:14:00,48,76,21,11,5,,,,,,,,,,,,,,,52,113
M1/2114A,24/04/2025 00:00:00,12:29:00,49,74,12,12,10,,,,,,,,,,,,,,,51,108
M1/2114A,24/04/2025 00:00:00,12:44:00,50,83,18,13,11,,,,,,,,,,,,,,,51,125
M1/2114A,24/04/2025 00:00:00,12:59:00,51,80,20,9,7,,,,,,,,,,,,,,,51,116
M1/2114A,24/04/2025 00:00:00,13:14:00,52,88,14,15,10,,,,,,,,,,,,,,,52,127
M1/2114A,24/04/2025 00:00:00,13:29:00,53,89,25,13,4,,,,,,,,,,,,,,,52,131
M1/2114A,24/04/2025 00:00:00,13:44:00,54,107,25,11,7,,,,,,,,,,,,,,,53,150
M1/2114A,24/04/2025 00:00:00,13:59:00,55,84,31,16,9,,,,,,,,,,,,,,,52,140
M1/2114A,24/04/2025 00:00:00,14:14:00,56,88,21,9,6,,,,,,,,,,,,,,,52,124
M1/2114A,24/04/2025 00:00:00,14:29:00,57,105,22,8,1,,,,,,,,,,,,,,,52,136
M1/2114A,24/04/2025 00:00:00,14:44:00,58,136,23,12,5,,,,,,,,,,,,,,,53,176
M1/2114A,24/04/2025 00:00:00,14:59:00,59,110,28,16,4,,,,,,,,,,,,,,,53,158
M1/2114A,24/04/2025 00:00:00,15:14:00,60,98,27,3,10,,,,,,,,,,,,,,,54,138
M1/2114A,24/04/2025 00:00:00,15:29:00,61,155,23,8,3,,,,,,,,,,,,,,,55,189
M1/2114A,24/04/2025 00:00:00,15:44:00,62,155,22,14,5,,,,,,,,,,,,,,,52,196
M1/2114A,24/04/2025 00:00:00,15:59:00,63,152,37,7,6,,,,,,,,,,,,,,,54,202
M1/2114A,24/04/2025 00:00:00,16:14:00,64,185,34,8,9,,,,,,,,,,,,,,,52,236
M1/2114A,24/04/2025 00:00:00,16:29:00,65,178,31,11,6,,,,,,,,,,,,,,,51,226
M1/2114A,24/04/2025 00:00:00,16:44:00,66,195,28,4,10,,,,,,,,,,,,,,,53,237
M1/2114A,24/04/2025 00:00:00,16:59:00,67,201,27,12,7,,,,,,,,,,,,,,,54,247
M1/2114A,24/04/2025 00:00:00,17:14:00,68,177,30,5,15,,,,,,,,,,,,,,,52,227
M1/2114A,24/04/2025 00:00:00,17:29:00,69,164,26,5,9,,,,,,,,,,,,,,,53,204
M1/2114A,24/04/2025 00:00:00,17:44:00,70,198,37,8,5,,,,,,,,,,,,,,,53,248
M1/2114A,24/04/2025 00:00:00,17:59:00,71,187,14,7,8,,,,,,,,,,,,,,,51,216
M1/2114A,24/04/2025 00:00:00,18:14:00,72,154,24,1,4,,,,,,,,,,,,,,,54,183
M1/2114A,24/04/2025 00:00:00,18:29:00,73,182,15,5,6,,,,,,,,,,,,,,,54,209
M1/2114A,24/04/2025 00:00:00,18:44:00,74,150,14,8,6,,,,,,,,,,,,,,,53,178
M1/2114A,24/04/2025 00:00:00,18:59:00,75,125,12,4,6,,,,,,,,,,,,,,,55,147
M1/2114A,24/04/2025 00:00:00,19:14:00,76,138,10,4,3,,,,,,,,,,,,,,,54,155
M1/2114A,24/04/2025 00:00:00,19:29:00,77,98,5,4,0,,,,,,,,,,,,,,,54,107
M1/2114A,24/04/2025 00:00:00,19:44:00,78,90,8,2,8,,,,,,,,,,,,,,,51,108
M1/2114A,24/04/2025 00:00:00,19:59:00,79,90,5,3,4,,,,,,,,,,,,,,,52,102
M1/2114A,24/04/2025 00:00:00,20:14:00,80,82,8,2,8,,,,,,,,,,,,,,,53,100
M1/2114A,24/04/2025 00:00:00,20:29:00,81,76,5,1,5,,,,,,,,,,,,,,,54,87
M1/2114A,24/04/2025 00:00:00,20:44:00,82,71,8,2,1,,,,,,,,,,,,,,,51,82
M1/2114A,24/04/2025 00:00:00,20:59:00,83,62,7,0,10,,,,,,,,,,,,,,,49,79
M1/2114A,24/04/2025 00:00:00,21:14:00,84,63,1,4,1,,,,,,,,,,,,,,,42,69
M1/2114A,24/04/2025 00:00:00,21:29:00,85,54,5,1,6,,,,,,,,,,,,,,,42,66
M1/2114A,24/04/2025 00:00:00,21:44:00,86,75,6,5,7,,,,,,,,,,,,,,,45,93
M1/2114A,24/04/2025 00:00:00,21:59:00,87,56,10,4,2,,,,,,,,,,,,,,,42,72
M1/2114A,24/04/2025 00:00:00,22:14:00,88,46,8,2,4,,,,,,,,,,,,,,,45,60
M1/2114A,24/04/2025 00:00:00,22:29:00,89,60,7,4,3,,,,,,,,,,,,,,,43,74
M1/2114A,24/04/2025 00:00:00,22:44:00,90,61,3,0,1,,,,,,,,,,,,,,,44,65
M1/2114A,24/04/2025 00:00:00,22:59:00,91,47,8,2,6,,,,,,,,,,,,,,,42,63
M1/2114A,24/04/2025 00:00:00,23:14:00,92,51,8,3,3,,,,,,,,,,,,,,,45,65
M1/2114A,24/04/2025 00:00:00,23:29:00,93,62,4,0,3,,,,,,,,,,,,,,,43,69
M1/2114A,24/04/2025 00:00:00,23:44:00,94,54,6,0,2,,,,,,,,,,,,,,,43,62
M1/2114A,24/04/2025 00:00:00,23:59:00,95,40,4,2,7,,,,,,,,,,,,,,,45,53
M1/2114A,25/04/2025 00:00:00,00:14:00,0,35,2,2,3,,,,,,,,,,,,,,,46,42
M1/2114A,25/04/2025 00:00:00,00:29:00,1,21,2,0,5,,,,,,,,,,,,,,,43,28
M1/2114A,25/04/2025 00:00:00,00:44:00,2,23,6,0,5,,,,,,,,,,,,,,,45,34
M1/2114A,25/04/2025 00:00:00,00:59:00,3,35,4,0,7,,,,,,,,,,,,,,,45,46
M1/2114A,25/04/2025 00:00:00,01:14:00,4,30,6,1,3,,,,,,,,,,,,,,,44,40
M1/2114A,25/04/2025 00:00:00,01:29:00,5,22,0,0,2,,,,,,,,,,,,,,,49,24
M1/2114A,25/04/2025 00:00:00,01:44:00,6,16,2,0,3,,,,,,,,,,,,,,,43,21
M1/2114A,25/04/2025 00:00:00,01:59:00,7,15,4,2,2,,,,,,,,,,,,,,,46,23
M1/2114A,25/04/2025 00:00:00,02:14:00,8,14,3,2,4,,,,,,,,,,,,,,,43,23
M1/2114A,25/04/2025 00:00:00,02:29:00,9,9,2,1,2,,,,,,,,,,,,,,,46,14
M1/2114A,25/04/2025 00:00:00,02:44:00,10,17,0,1,0,,,,,,,,,,,,,,,48,18
M1/2114A,25/04/2025 00:00:00,02:59:00,11,20,0,0,2,,,,,,,,,,,,,,,48,22
M1/2114A,25/04/2025 00:00:00,03:14:00,12,9,3,4,3,,,,,,,,,,,,,,,45,19
M1/2114A,25/04/2025 00:00:00,03:29:00,13,14,3,4,5,,,,,,,,,,,,,,,45,26
M1/2114A,25/04/2025 00:00:00,03:44:00,14,20,2,1,1,,,,,,,,,,,,,,,47,24
M1/2114A,25/04/2025 00:00:00,03:59:00,15,17,2,1,2,,,,,,,,,,,,,,,48,22
M1/2114A,25/04/2025 00:00:00,04:14:00,16,13,4,0,3,,,,,,,,,,,,,,,49,20
M1/2114A,25/04/2025 00:00:00,04:29:00,17,16,2,4,6,,,,,,,,,,,,,,,49,28
M1/2114A,25/04/2025 00:00:00,04:44:00,18,15,1,1,2,,,,,,,,,,,,,,,49,19
M1/2114A,25/04/2025 00:00:00,04:59:00,19,13,0,1,4,,,,,,,,,,,,,,,50,18
M1/2114A,25/04/2025 00:00:00,05:14:00,20,18,3,2,9,,,,,,,,,,,,,,,49,32
M1/2114A,25/04/2025 00:00:00,05:29:00,21,14,3,1,1,,,,,,,,,,,,,,,53,19
M1/2114A,25/04/2025 00:00:00,05:44:00,22,20,6,1,0,,,,,,,,,,,,,,,53,27
M1/2114A,25/04/2025 00:00:00,05:59:00,23,21,2,0,5,,,,,,,,,,,,,,,53,28
M1/2114A,25/04/2025 00:00:00,06:14:00,24,23,3,2,1,,,,,,,,,,,,,,,52,29
M1/2114A,25/04/2025 00:00:00,06:29:00,25,27,5,2,3,,,,,,,,,,,,,,,53,37
M1/2114A,25/04/2025 00:00:00,06:44:00,26,42,6,2,5,,,,,,,,,,,,,,,52,55
M1/2114A,25/04/2025 00:00:00,06:59:00,27,44,2,0,4,,,,,,,,,,,,,,,55,50
M1/2114A,25/04/2025 00:00:00,07:14:00,28,53,2,3,7,,,,,,,,,,,,,,,54,65
M1/2114A,25/04/2025 00:00:00,07:29:00,29,59,4,4,3,,,,,,,,,,,,,,,53,70
M1/2114A,25/04/2025 00:00:00,07:44:00,30,51,5,7,2,,,,,,,,,,,,,,,53,65
M1/2114A,25/04/2025 00:00:00,07:59:00,31,51,6,1,8,,,,,,,,,,,,,,,54,66
M1/2114A,25/04/2025 00:00:00,08:14:00,32,41,8,2,6,,,,,,,,,,,,,,,53,57
M1/2114A,25/04/2025 00:00:00,08:29:00,33,51,7,9,7,,,,,,,,,,,,,,,53,74
M1/2114A,25/04/2025 00:00:00,08:44:00,34,59,8,1,5,,,,,,,,,,,,,,,54,73
M1/2114A,25/04/2025 00:00:00,08:59:00,35,53,3,8,1,,,,,,,,,,,,,,,52,65
M1/2114A,25/04/2025 00:00:00,09:13:00,36,49,10,3,4,,,,,,,,,,,,,,,53,66
M1/2114A,25/04/2025 00:00:00,09:29:00,37,54,11,12,3,,,,,,,,,,,,,,,51,80
M1/2114A,25/04/2025 00:00:00,09:44:00,38,59,17,8,12,,,,,,,,,,,,,,,51,96
M1/2114A,25/04/2025 00:00:00,09:59:00,39,45,16,14,9,,,,,,,,,,,,,,,51,84
M1/2114A,25/04/2025 00:00:00,10:14:00,40,41,15,8,10,,,,,,,,,,,,,,,52,74
M1/2114A,25/04/2025 00:00:00,10:29:00,41,60,18,10,9,,,,,,,,,,,,,,,52,97
M1/2114A,25/04/2025 00:00:00,10:44:00,42,62,10,5,7,,,,,,,,,,,,,,,52,84
M1/2114A,25/04/2025 00:00:00,10:59:00,43,64,13,6,8,,,,,,,,,,,,,,,50,91
M1/2114A,25/04/2025 00:00:00,11:14:00,44,64,15,11,3,,,,,,,,,,,,,,,52,93
M1/2114A,25/04/2025 00:00:00,11:29:00,45,51,18,11,5,,,,,,,,,,,,,,,50,85
M1/2114A,25/04/2025 00:00:00,11:44:00,46,67,13,14,3,,,,,,,,,,,,,,,53,97
M1/2114A,25/04/2025 00:00:00,11:59:00,47,81,19,9,4,,,,,,,,,,,,,,,52,113
M1/2114A,25/04/2025 00:00:00,12:14:00,48,94,15,9,6,,,,,,,,,,,,,,,53,124
M1/2114A,25/04/2025 00:00:00,12:29:00,49,77,17,6,5,,,,,,,,,,,,,,,52,105
M1/2114A,25/04/2025 00:00:00,12:44:00,50,75,15,12,10,,,,,,,,,,,,,,,49,112
M1/2114A,25/04/2025 00:00:00,12:59:00,51,84,17,10,8,,,,,,,,,,,,,,,53,119
M1/2114A,25/04/2025 00:00:00,13:14:00,52,86,12,10,6,,,,,,,,,,,,,,,53,114
M1/2114A,25/04/2025 00:00:00,13:29:00,53,103,27,8,7,,,,,,,,,,,,,,,53,145
M1/2114A,25/04/2025 00:00:00,13:44:00,54,98,16,9,9,,,,,,,,,,,,,,,55,132
M1/2114A,25/04/2025 00:00:00,13:59:00,55,108,26,12,5,,,,,,,,,,,,,,,52,151
M1/2114A,25/04/2025 00:00:00,14:14:00,56,108,36,12,8,,,,,,,,,,,,,,,54,164
M1/2114A,25/04/2025 00:00:00,14:29:00,57,108,25,8,4,,,,,,,,,,,,,,,53,145
M1/2114A,25/04/2025 00:00:00,14:44:00,58,108,33,12,7,,,,,,,,,,,,,,,53,160
M1/2114A,25/04/2025 00:00:00,14:59:00,59,124,22,14,4,,,,,,,,,,,,,,,52,164
M1/2114A,25/04/2025 00:00:00,15:14:00,60,128,30,7,9,,,,,,,,,,,,,,,52,174
M1/2114A,25/04/2025 00:00:00,15:29:00,61,146,31,2,12,,,,,,,,,,,,,,,53,191
M1/2114A,25/04/2025 00:00:00,15:44:00,62,151,27,11,7,,,,,,,,,,,,,,,54,196
M1/2114A,25/04/2025 00:00:00,15:59:00,63,170,20,10,4,,,,,,,,,,,,,,,53,204
M1/2114A,25/04/2025 00:00:00,16:14:00,64,135,44,9,7,,,,,,,,,,,,,,,55,195
M1/2114A,25/04/2025 00:00:00,16:29:00,65,178,31,5,8,,,,,,,,,,,,,,,54,222
M1/2114A,25/04/2025 00:00:00,16:44:00,66,186,26,5,10,,,,,,,,,,,,,,,53,227
M1/2114A,25/04/2025 00:00:00,16:59:00,67,181,35,10,8,,,,,,,,,,,,,,,53,234
M1/2114A,25/04/2025 00:00:00,17:14:00,68,216,35,5,9,,,,,,,,,,,,,,,53,265
M1/2114A,25/04/2025 00:00:00,17:29:00,69,184,43,9,8,,,,,,,,,,,,,,,54,244
M1/2114A,25/04/2025 00:00:00,17:44:00,70,192,22,10,9,,,,,,,,,,,,,,,52,233
M1/2114A,25/04/2025 00:00:00,17:59:00,71,160,22,2,6,,,,,,,,,,,,,,,52,190
M1/2114A,25/04/2025 00:00:00,18:14:00,72,187,22,3,5,,,,,,,,,,,,,,,53,217
M1/2114A,25/04/2025 00:00:00,18:29:00,73,132,12,2,3,,,,,,,,,,,,,,,56,149
M1/2114A,25/04/2025 00:00:00,18:44:00,74,143,10,5,9,,,,,,,,,,,,,,,53,167
M1/2114A,25/04/2025 00:00:00,18:59:00,75,133,9,5,6,,,,,,,,,,,,,,,54,153
M1/2114A,25/04/2025 00:00:00,19:14:00,76,116,3,2,1,,,,,,,,,,,,,,,55,122
M1/2114A,25/04/2025 00:00:00,19:29:00,77,97,8,4,7,,,,,,,,,,,,,,,53,116
M1/2114A,25/04/2025 00:00:00,19:44:00,78,78,3,3,3,,,,,,,,,,,,,,,55,87
M1/2114A,25/04/2025 00:00:00,19:59:00,79,69,11,4,6,,,,,,,,,,,,,,,51,90
M1/2114A,25/04/2025 00:00:00,20:14:00,80,59,5,0,8,,,,,,,,,,,,,,,54,72
M1/2114A,25/04/2025 00:00:00,20:29:00,81,73,6,0,7,,,,,,,,,,,,,,,53,86
M1/2114A,25/04/2025 00:00:00,20:44:00,82,59,3,0,1,,,,,,,,,,,,,,,54,63
M1/2114A,25/04/2025 00:00:00,20:59:00,83,60,6,1,11,,,,,,,,,,,,,,,36,78
M1/2114A,25/04/2025 00:00:00,21:14:00,84,65,9,0,4,,,,,,,,,,,,,,,43,78
M1/2114A,25/04/2025 00:00:00,21:29:00,85,43,6,3,2,,,,,,,,,,,,,,,44,54
M1/2114A,25/04/2025 00:00:00,21:44:00,86,45,6,2,5,,,,,,,,,,,,,,,42,58
M1/2114A,25/04/2025 00:00:00,21:59:00,87,54,7,2,5,,,,,,,,,,,,,,,41,68
M1/2114A,25/04/2025 00:00:00,22:14:00,88,59,4,4,5,,,,,,,,,,,,,,,46,72
M1/2114A,25/04/2025 00:00:00,22:29:00,89,85,10,3,2,,,,,,,,,,,,,,,46,100
M1/2114A,25/04/2025 00:00:00,22:44:00,90,89,8,2,2,,,,,,,,,,,,,,,45,101
M1/2114A,25/04/2025 00:00:00,22:59:00,91,76,5,3,7,,,,,,,,,,,,,,,44,91
M1/2114A,25/04/2025 00:00:00,23:14:00,92,66,7,4,2,,,,,,,,,,,,,,,43,79
M1/2114A,25/04/2025 00:00:00,23:29:00,93,66,4,2,3,,,,,,,,,,,,,,,45,75
M1/2114A,25/04/2025 00:00:00,23:44:00,94,53,1,1,5,,,,,,,,,,,,,,,44,60
M1/2114A,25/04/2025 00:00:00,23:59:00,95,49,8,1,3,,,,,,,,,,,,,,,46,61
M1/2114A,26/04/2025 00:00:00,00:14:00,0,36,1,3,5,,,,,,,,,,,,,,,42,45
M1/2114A,26/04/2025 00:00:00,00:29:00,1,32,1,1,3,,,,,,,,,,,,,,,46,37
M1/2114A,26/04/2025 00:00:00,00:44:00,2,26,6,1,8,,,,,,,,,,,,,,,45,41
M1/2114A,26/04/2025 00:00:00,00:59:00,3,35,6,3,4,,,,,,,,,,,,,,,43,48
M1/2114A,26/04/2025 00:00:00,01:14:00,4,27,1,0,0,,,,,,,,,,,,,,,48,28
M1/2114A,26/04/2025 00:00:00,01:29:00,5,21,2,0,1,,,,,,,,,,,,,,,41,24
M1/2114A,26/04/2025 00:00:00,01:44:00,6,19,1,0,2,,,,,,,,,,,,,,,44,22
M1/2114A,26/04/2025 00:00:00,01:59:00,7,22,6,2,3,,,,,,,,,,,,,,,44,33
M1/2114A,26/04/2025 00:00:00,02:14:00,8,13,1,0,2,,,,,,,,,,,,,,,45,16
M1/2114A,26/04/2025 00:00:00,02:29:00,9,25,2,0,2,,,,,,,,,,,,,,,45,29
M1/2114A,26/04/2025 00:00:00,02:44:00,10,19,3,0,0,,,,,,,,,,,,,,,47,22
M1/2114A,26/04/2025 00:00:00,02:59:00,11,21,0,0,1,,,,,,,,,,,,,,,43,22
M1/2114A,26/04/2025 00:00:00,03:14:00,12,21,1,2,1,,,,,,,,,,,,,,,49,25
M1/2114A,26/04/2025 00:00:00,03:29:00,13,15,1,3,3,,,,,,,,,,,,,,,46,22
M1/2114A,26/04/2025 00:00:00,03:44:00,14,21,0,0,2,,,,,,,,,,,,,,,48,23
M1/2114A,26/04/2025 00:00:00,03:59:00,15,21,2,3,2,,,,,,,,,,,,,,,48,28
M1/2114A,26/04/2025 00:00:00,04:14:00,16,16,2,0,2,,,,,,,,,,,,,,,49,20
M1/2114A,26/04/2025 00:00:00,04:29:00,17,13,0,2,2,,,,,,,,,,,,,,,51,17
M1/2114A,26/04/2025 00:00:00,04:44:00,18,12,0,1,4,,,,,,,,,,,,,,,45,17
M1/2114A,26/04/2025 00:00:00,04:59:00,19,12,0,2,3,,,,,,,,,,,,,,,50,17
M1/2114A,26/04/2025 00:00:00,05:14:00,20,12,1,2,2,,,,,,,,,,,,,,,51,17
M1/2114A,26/04/2025 00:00:00,05:29:00,21,8,3,0,1,,,,,,,,,,,,,,,51,12
M1/2114A,26/04/2025 00:00:00,05:44:00,22,16,2,0,2,,,,,,,,,,,,,,,53,20
M1/2114A,26/04/2025 00:00:00,05:59:00,23,17,2,0,4,,,,,,,,,,,,,,,52,23
M1/2114A,26/04/2025 00:00:00,06:14:00,24,14,5,3,1,,,,,,,,,,,,,,,52,23
M1/2114A,26/04/2025 00:00:00,06:29:00,25,22,1,0,3,,,,,,,,,,,,,,,51,26
M1/2114A,26/04/2025 00:00:00,06:44:00,26,25,0,2,5,,,,,,,,,,,,,,,53,32
M1/2114A,26/04/2025 00:00:00,06:59:00,27,21,3,1,5,,,,,,,,,,,,,,,53,30
M1/2114A,26/04/2025 00:00:00,07:14:00,28,27,3,1,1,,,,,,,,,,,,,,,53,32
M1/2114A,26/04/2025 00:00:00,07:29:00,29,36,3,3,6,,,,,,,,,,,,,,,51,48
M1/2114A,26/04/2025 00:00:00,07:44:00,30,37,3,0,5,,,,,,,,,,,,,,,54,45
M1/2114A,26/04/2025 00:00:00,07:59:00,31,25,3,3,6,,,,,,,,,,,,,,,51,37
M1/2114A,26/04/2025 00:00:00,08:14:00,32,40,2,2,8,,,,,,,,,,,,,,,51,52
M1/2114A,26/04/2025 00:00:00,08:29:00,33,41,5,2,6,,,,,,,,,,,,,,,54,54
M1/2114A,26/04/2025 00:00:00,08:44:00,34,41,2,0,1,,,,,,,,,,,,,,,55,44
M1/2114A,26/04/2025 00:00:00,08:59:00,35,58,3,2,6,,,,,,,,,,,,,,,52,69
M1/2114A,26/04/2025 00:00:00,09:14:00,36,36,6,3,3,,,,,,,,,,,,,,,51,48
M1/2114A,26/04/2025 00:00:00,09:29:00,37,33,5,2,5,,,,,,,,,,,,,,,52,45
M1/2114A,26/04/2025 00:00:00,09:44:00,38,48,2,5,3,,,,,,,,,,,,,,,50,58
M1/2114A,26/04/2025 00:00:00,09:59:00,39,50,4,6,12,,,,,,,,,,,,,,,52,72
M1/2114A,26/04/2025 00:00:00,10:14:00,40,61,17,4,2,,,,,,,,,,,,,,,52,84
M1/2114A,26/04/2025 00:00:00,10:29:00,41,67,9,5,5,,,,,,,,,,,,,,,51,86
M1/2114A,26/04/2025 00:00:00,10:44:00,42,59,13,0,4,,,,,,,,,,,,,,,51,76
M1/2114A,26/04/2025 00:00:00,10:59:00,43,68,8,3,9,,,,,,,,,,,,,,,51,88
M1/2114A,26/04/2025 00:00:00,11:14:00,44,61,14,4,2,,,,,,,,,,,,,,,52,81
M1/2114A,26/04/2025 00:00:00,11:29:00,45,83,8,3,7,,,,,,,,,,,,,,,53,101
M1/2114A,26/04/2025 00:00:00,11:44:00,46,60,4,1,4,,,,,,,,,,,,,,,51,69
M1/2114A,26/04/2025 00:00:00,11:59:00,47,63,7,7,9,,,,,,,,,,,,,,,51,86
M1/2114A,26/04/2025 00:00:00,12:14:00,48,76,11,2,2,,,,,,,,,,,,,,,52,91
M1/2114A,26/04/2025 00:00:00,12:29:00,49,75,16,2,5,,,,,,,,,,,,,,,52,98
M1/2114A,26/04/2025 00:00:00,12:44:00,50,79,9,3,4,,,,,,,,,,,,,,,53,95
M1/2114A,26/04/2025 00:00:00,12:59:00,51,115,11,3,4,,,,,,,,,,,,,,,49,133
M1/2114A,26/04/2025 00:00:00,13:14:00,52,92,19,3,10,,,,,,,,,,,,,,,52,124
M1/2114A,26/04/2025 00:00:00,13:29:00,53,111,17,4,5,,,,,,,,,,,,,,,52,137
M1/2114A,26/04/2025 00:00:00,13:44:00,54,109,16,1,7,,,,,,,,,,,,,,,53,133
M1/2114A,26/04/2025 00:00:00,13:59:00,55,92,8,2,4,,,,,,,,,,,,,,,53,106
M1/2114A,26/04/2025 00:00:00,14:14:00,56,109,8,1,4,,,,,,,,,,,,,,,51,122
M1/2114A,26/04/2025 00:00:00,14:29:00,57,102,11,1,5,,,,,,,,,,,,,,,53,119
M1/2114A,26/04/2025 00:00:00,14:44:00,58,121,3,2,5,,,,,,,,,,,,,,,53,131
M1/2114A,26/04/2025 00:00:00,14:59:00,59,114,7,3,6,,,,,,,,,,,,,,,51,130
M1/2114A,26/04/2025 00:00:00,15:14:00,60,115,11,1,3,,,,,,,,,,,,,,,54,130
M1/2114A,26/04/2025 00:00:00,15:29:00,61,111,15,4,8,,,,,,,,,,,,,,,52,138
M1/2114A,26/04/2025 00:00:00,15:44:00,62,93,11,1,5,,,,,,,,,,,,,,,55,110
M1/2114A,26/04/2025 00:00:00,15:59:00,63,93,7,1,6,,,,,,,,,,,,,,,52,107
M1/2114A,26/04/2025 00:00:00,16:14:00,64,105,9,1,3,,,,,,,,,,,,,,,52,118
M1/2114A,26/04/2025 00:00:00,16:29:00,65,92,5,4,11,,,,,,,,,,,,,,,53,112
M1/2114A,26/04/2025 00:00:00,16:44:00,66,94,15,2,6,,,,,,,,,,,,,,,53,117
M1/2114A,26/04/2025 00:00:00,16:59:00,67,111,15,1,11,,,,,,,,,,,,,,,53,138
M1/2114A,26/04/2025 00:00:00,17:14:00,68,91,9,3,6,,,,,,,,,,,,,,,54,109
M1/2114A,26/04/2025 00:00:00,17:29:00,69,98,4,1,6,,,,,,,,,,,,,,,54,109
M1/2114A,26/04/2025 00:00:00,17:44:00,70,96,10,1,3,,,,,,,,,,,,,,,54,110
M1/2114A,26/04/2025 00:00:00,17:59:00,71,114,7,0,6,,,,,,,,,,,,,,,52,127
M1/2114A,26/04/2025 00:00:00,18:14:00,72,107,14,2,3,,,,,,,,,,,,,,,53,126
M1/2114A,26/04/2025 00:00:00,18:29:00,73,108,6,2,10,,,,,,,,,,,,,,,51,126
M1/2114A,26/04/2025 00:00:00,18:44:00,74,75,3,6,0,,,,,,,,,,,,,,,53,84
M1/2114A,26/04/2025 00:00:00,18:59:00,75,86,5,1,6,,,,,,,,,,,,,,,53,98
M1/2114A,26/04/2025 00:00:00,19:14:00,76,82,7,0,3,,,,,,,,,,,,,,,52,92
M1/2114A,26/04/2025 00:00:00,19:29:00,77,95,2,0,3,,,,,,,,,,,,,,,54,100
M1/2114A,26/04/2025 00:00:00,19:44:00,78,84,5,1,4,,,,,,,,,,,,,,,53,94
M1/2114A,26/04/2025 00:00:00,19:59:00,79,82,11,1,4,,,,,,,,,,,,,,,53,98
M1/2114A,26/04/2025 00:00:00,20:14:00,80,75,4,1,5,,,,,,,,,,,,,,,53,85
M1/2114A,26/04/2025 00:00:00,20:29:00,81,84,6,2,7,,,,,,,,,,,,,,,50,99
M1/2114A,26/04/2025 00:00:00,20:44:00,82,82,7,1,1,,,,,,,,,,,,,,,51,91
M1/2114A,26/04/2025 00:00:00,20:59:00,83,88,6,2,5,,,,,,,,,,,,,,,52,101
M1/2114A,26/04/2025 00:00:00,21:14:00,84,74,2,1,7,,,,,,,,,,,,,,,52,84
M1/2114A,26/04/2025 00:00:00,21:29:00,85,57,6,2,4,,,,,,,,,,,,,,,51,69
M1/2114A,26/04/2025 00:00:00,21:44:00,86,81,9,0,3,,,,,,,,,,,,,,,51,93
M1/2114A,26/04/2025 00:00:00,21:59:00,87,75,5,1,3,,,,,,,,,,,,,,,55,84
M1/2114A,26/04/2025 00:00:00,22:14:00,88,65,12,1,11,,,,,,,,,,,,,,,51,89
M1/2114A,26/04/2025 00:00:00,22:29:00,89,82,3,0,2,,,,,,,,,,,,,,,50,87
M1/2114A,26/04/2025 00:00:00,22:44:00,90,78,3,3,5,,,,,,,,,,,,,,,50,89
M1/2114A,26/04/2025 00:00:00,22:59:00,91,82,4,1,4,,,,,,,,,,,,,,,51,91
M1/2114A,26/04/2025 00:00:00,23:14:00,92,75,3,2,5,,,,,,,,,,,,,,,52,85
M1/2114A,26/04/2025 00:00:00,23:29:00,93,102,10,2,3,,,,,,,,,,,,,,,50,117
M1/2114A,26/04/2025 00:00:00,23:44:00,94,69,4,1,3,,,,,,,,,,,,,,,51,77
M1/2114A,26/04/2025 00:00:00,23:59:00,95,68,3,2,2,,,,,,,,,,,,,,,51,75
M1/2114A,27/04/2025 00:00:00,00:14:00,0,57,2,1,2,,,,,,,,,,,,,,,53,62
M1/2114A,27/04/2025 00:00:00,00:29:00,1,50,7,0,7,,,,,,,,,,,,,,,51,64
M1/2114A,27/04/2025 00:00:00,00:44:00,2,64,3,0,3,,,,,,,,,,,,,,,49,70
M1/2114A,27/04/2025 00:00:00,00:59:00,3,60,4,3,4,,,,,,,,,,,,,,,52,71
M1/2114A,27/04/2025 00:00:00,01:14:00,4,60,2,2,2,,,,,,,,,,,,,,,52,66
M1/2114A,27/04/2025 00:00:00,01:29:00,5,66,4,0,1,,,,,,,,,,,,,,,52,71
M1/2114A,27/04/2025 00:00:00,01:44:00,6,48,0,0,3,,,,,,,,,,,,,,,51,51
M1/2114A,27/04/2025 00:00:00,01:59:00,7,38,1,0,1,,,,,,,,,,,,,,,53,40
M1/2114A,27/04/2025 00:00:00,02:14:00,8,42,2,0,0,,,,,,,,,,,,,,,53,44
M1/2114A,27/04/2025 00:00:00,02:29:00,9,37,2,2,2,,,,,,,,,,,,,,,50,43
M1/2114A,27/04/2025 00:00:00,02:44:00,10,50,6,0,3,,,,,,,,,,,,,,,51,59
M1/2114A,27/04/2025 00:00:00,02:59:00,11,31,2,1,1,,,,,,,,,,,,,,,51,35
M1/2114A,27/04/2025 00:00:00,03:14:00,12,26,4,1,3,,,,,,,,,,,,,,,50,34
M1/2114A,27/04/2025 00:00:00,03:29:00,13,31,1,3,2,,,,,,,,,,,,,,,49,37
M1/2114A,27/04/2025 00:00:00,03:44:00,14,23,0,0,2,,,,,,,,,,,,,,,51,25
M1/2114A,27/04/2025 00:00:00,03:59:00,15,30,3,1,1,,,,,,,,,,,,,,,51,35
M1/2114A,27/04/2025 00:00:00,04:14:00,16,24,1,1,1,,,,,,,,,,,,,,,49,27
M1/2114A,27/04/2025 00:00:00,04:29:00,17,31,2,0,2,,,,,,,,,,,,,,,50,35
M1/2114A,27/04/2025 00:00:00,04:44:00,18,30,1,1,1,,,,,,,,,,,,,,,51,33
M1/2114A,27/04/2025 00:00:00,04:59:00,19,25,1,0,3,,,,,,,,,,,,,,,51,29
M1/2114A,27/04/2025 00:00:00,05:14:00,20,24,1,0,0,,,,,,,,,,,,,,,51,25
M1/2114A,27/04/2025 00:00:00,05:29:00,21,14,2,0,2,,,,,,,,,,,,,,,54,18
M1/2114A,27/04/2025 00:00:00,05:44:00,22,17,0,0,1,,,,,,,,,,,,,,,56,18
M1/2114A,27/04/2025 00:00:00,05:59:00,23,23,1,0,3,,,,,,,,,,,,,,,52,27
M1/2114A,27/04/2025 00:00:00,06:14:00,24,19,0,0,0,,,,,,,,,,,,,,,50,19
M1/2114A,27/04/2025 00:00:00,06:29:00,25,28,2,0,3,,,,,,,,,,,,,,,51,33
M1/2114A,27/04/2025 00:00:00,06:44:00,26,30,1,1,3,,,,,,,,,,,,,,,51,35
M1/2114A,27/04/2025 00:00:00,06:59:00,27,42,1,1,2,,,,,,,,,,,,,,,53,46
M1/2114A,27/04/2025 00:00:00,07:14:00,28,28,3,0,4,,,,,,,,,,,,,,,50,35
M1/2114A,27/04/2025 00:00:00,07:29:00,29,40,0,1,3,,,,,,,,,,,,,,,55,44
M1/2114A,27/04/2025 00:00:00,07:44:00,30,24,3,1,2,,,,,,,,,,,,,,,50,30
M1/2114A,27/04/2025 00:00:00,07:59:00,31,30,4,0,4,,,,,,,,,,,,,,,48,38
M1/2114A,27/04/2025 00:00:00,08:14:00,32,25,1,0,7,,,,,,,,,,,,,,,52,33
M1/2114A,27/04/2025 00:00:00,08:29:00,33,42,3,1,7,,,,,,,,,,,,,,,52,53
M1/2114A,27/04/2025 00:00:00,08:44:00,34,41,4,0,2,,,,,,,,,,,,,,,50,47
M1/2114A,27/04/2025 00:00:00,08:59:00,35,44,2,2,5,,,,,,,,,,,,,,,52,53
M1/2114A,27/04/2025 00:00:00,09:14:00,36,49,5,5,2,,,,,,,,,,,,,,,49,61
M1/2114A,27/04/2025 00:00:00,09:29:00,37,53,7,2,7,,,,,,,,,,,,,,,53,69
M1/2114A,27/04/2025 00:00:00,09:44:00,38,50,4,0,3,,,,,,,,,,,,,,,53,57
M1/2114A,27/04/2025 00:00:00,09:59:00,39,44,4,1,10,,,,,,,,,,,,,,,50,59
M1/2114A,27/04/2025 00:00:00,10:14:00,40,50,4,0,4,,,,,,,,,,,,,,,53,58
M1/2114A,27/04/2025 00:00:00,10:29:00,41,64,14,2,4,,,,,,,,,,,,,,,52,84
M1/2114A,27/04/2025 00:00:00,10:44:00,42,73,3,1,3,,,,,,,,,,,,,,,52,80
M1/2114A,27/04/2025 00:00:00,10:59:00,43,57,5,0,8,,,,,,,,,,,,,,,52,70
M1/2114A,27/04/2025 00:00:00,11:14:00,44,69,10,1,2,,,,,,,,,,,,,,,52,82
M1/2114A,27/04/2025 00:00:00,11:29:00,45,83,5,1,6,,,,,,,,,,,,,,,52,95
M1/2114A,27/04/2025 00:00:00,11:44:00,46,86,6,1,1,,,,,,,,,,,,,,,51,94
M1/2114A,27/04/2025 00:00:00,11:59:00,47,73,4,2,8,,,,,,,,,,,,,,,53,87
M1/2114A,27/04/2025 00:00:00,12:14:00,48,86,5,4,1,,,,,,,,,,,,,,,52,96
M1/2114A,27/04/2025 00:00:00,12:29:00,49,78,5,1,4,,,,,,,,,,,,,,,49,88
M1/2114A,27/04/2025 00:00:00,12:44:00,50,94,11,2,3,,,,,,,,,,,,,,,52,110
M1/2114A,27/04/2025 00:00:00,12:59:00,51,87,2,0,3,,,,,,,,,,,,,,,54,92
M1/2114A,27/04/2025 00:00:00,13:14:00,52,106,6,1,8,,,,,,,,,,,,,,,51,121
M1/2114A,27/04/2025 00:00:00,13:29:00,53,88,5,2,3,,,,,,,,,,,,,,,51,98
M1/2114A,27/04/2025 00:00:00,13:44:00,54,101,6,1,7,,,,,,,,,,,,,,,53,115
M1/2114A,27/04/2025 00:00:00,13:59:00,55,103,11,2,4,,,,,,,,,,,,,,,52,120
M1/2114A,27/04/2025 00:00:00,14:14:00,56,94,5,2,1,,,,,,,,,,,,,,,50,102
M1/2114A,27/04/2025 00:00:00,14:29:00,57,110,10,1,5,,,,,,,,,,,,,,,53,126
M1/2114A,27/04/2025 00:00:00,14:44:00,58,97,10,1,2,,,,,,,,,,,,,,,53,110
M1/2114A,27/04/2025 00:00:00,14:59:00,59,108,5,1,7,,,,,,,,,,,,,,,51,121
M1/2114A,27/04/2025 00:00:00,15:14:00,60,114,7,2,2,,,,,,,,,,,,,,,52,125
M1/2114A,27/04/2025 00:00:00,15:29:00,61,104,3,4,5,,,,,,,,,,,,,,,54,116
M1/2114A,27/04/2025 00:00:00,15:44:00,62,106,8,4,3,,,,,,,,,,,,,,,53,121
M1/2114A,27/04/2025 00:00:00,15:59:00,63,102,10,1,7,,,,,,,,,,,,,,,53,120
M1/2114A,27/04/2025 00:00:00,16:14:00,64,141,10,1,6,,,,,,,,,,,,,,,51,158
M1/2114A,27/04/2025 00:00:00,16:29:00,65,133,8,3,4,,,,,,,,,,,,,,,52,148
M1/2114A,27/04/2025 00:00:00,16:43:00,66,160,6,2,6,,,,,,,,,,,,,,,52,175
M1/2114A,27/04/2025 00:00:00,16:59:00,67,117,6,1,9,,,,,,,,,,,,,,,52,133
M1/2114A,27/04/2025 00:00:00,17:14:00,68,122,6,2,1,,,,,,,,,,,,,,,54,131
M1/2114A,27/04/2025 00:00:00,17:29:00,69,125,8,2,8,,,,,,,,,,,,,,,53,143
M1/2114A,27/04/2025 00:00:00,17:44:00,70,141,5,1,3,,,,,,,,,,,,,,,52,150
M1/2114A,27/04/2025 00:00:00,17:59:00,71,150,7,3,5,,,,,,,,,,,,,,,52,165
M1/2114A,27/04/2025 00:00:00,18:14:00,72,121,3,4,4,,,,,,,,,,,,,,,52,132
M1/2114A,27/04/2025 00:00:00,18:29:00,73,115,4,2,7,,,,,,,,,,,,,,,53,128
M1/2114A,27/04/2025 00:00:00,18:44:00,74,128,2,0,6,,,,,,,,,,,,,,,53,136
M1/2114A,27/04/2025 00:00:00,18:59:00,75,139,8,3,3,,,,,,,,,,,,,,,52,153
M1/2114A,27/04/2025 00:00:00,19:14:00,76,127,6,2,5,,,,,,,,,,,,,,,53,140
M1/2114A,27/04/2025 00:00:00,19:29:00,77,137,6,2,4,,,,,,,,,,,,,,,52,149
M1/2114A,27/04/2025 00:00:00,19:44:00,78,121,4,2,5,,,,,,,,,,,,,,,49,132
M1/2114A,27/04/2025 00:00:00,19:59:00,79,118,6,3,7,,,,,,,,,,,,,,,51,134
M1/2114A,27/04/2025 00:00:00,20:14:00,80,115,8,3,4,,,,,,,,,,,,,,,51,130
M1/2114A,27/04/2025 00:00:00,20:29:00,81,89,4,0,5,,,,,,,,,,,,,,,53,98
M1/2114A,27/04/2025 00:00:00,20:44:00,82,82,5,0,6,,,,,,,,,,,,,,,50,93
M1/2114A,27/04/2025 00:00:00,20:59:00,83,67,5,1,6,,,,,,,,,,,,,,,51,79
M1/2114A,27/04/2025 00:00:00,21:14:00,84,74,4,2,6,,,,,,,,,,,,,,,51,86
M1/2114A,27/04/2025 00:00:00,21:29:00,85,91,6,2,5,,,,,,,,,,,,,,,50,104
M1/2114A,27/04/2025 00:00:00,21:44:00,86,84,2,1,3,,,,,,,,,,,,,,,50,90
M1/2114A,27/04/2025 00:00:00,21:59:00,87,81,6,0,2,,,,,,,,,,,,,,,50,89
M1/2114A,27/04/2025 00:00:00,22:14:00,88,64,6,1,5,,,,,,,,,,,,,,,51,76
M1/2114A,27/04/2025 00:00:00,22:29:00,89,73,12,3,13,,,,,,,,,,,,,,,51,101
M1/2114A,27/04/2025 00:00:00,22:44:00,90,67,2,1,1,,,,,,,,,,,,,,,51,71
M1/2114A,27/04/2025 00:00:00,22:59:00,91,61,5,0,8,,,,,,,,,,,,,,,49,74
M1/2114A,27/04/2025 00:00:00,23:14:00,92,54,6,1,4,,,,,,,,,,,,,,,51,65
M1/2114A,27/04/2025 00:00:00,23:29:00,93,42,3,2,2,,,,,,,,,,,,,,,54,49
M1/2114A,27/04/2025 00:00:00,23:44:00,94,45,2,1,5,,,,,,,,,,,,,,,50,53
M1/2114A,27/04/2025 00:00:00,23:59:00,95,41,3,1,7,,,,,,,,,,,,,,,51,52
M1/2114A,28/04/2025 00:00:00,00:14:00,0,38,1,1,5,,,,,,,,,,,,,,,50,45
M1/2114A,28/04/2025 00:00:00,00:29:00,1,18,2,1,5,,,,,,,,,,,,,,,50,26
M1/2114A,28/04/2025 00:00:00,00:44:00,2,28,5,0,2,,,,,,,,,,,,,,,53,35
M1/2114A,28/04/2025 00:00:00,00:59:00,3,30,4,0,5,,,,,,,,,,,,,,,51,39
M1/2114A,28/04/2025 00:00:00,01:14:00,4,22,1,1,0,,,,,,,,,,,,,,,51,24
M1/2114A,28/04/2025 00:00:00,01:29:00,5,15,0,0,0,,,,,,,,,,,,,,,53,15
M1/2114A,28/04/2025 00:00:00,01:44:00,6,14,1,0,1,,,,,,,,,,,,,,,52,16
M1/2114A,28/04/2025 00:00:00,01:59:00,7,11,1,0,2,,,,,,,,,,,,,,,49,14
M1/2114A,28/04/2025 00:00:00,02:14:00,8,13,4,0,0,,,,,,,,,,,,,,,55,17
M1/2114A,28/04/2025 00:00:00,02:29:00,9,13,3,2,2,,,,,,,,,,,,,,,56,20
M1/2114A,28/04/2025 00:00:00,02:44:00,10,11,2,2,4,,,,,,,,,,,,,,,53,19
M1/2114A,28/04/2025 00:00:00,02:59:00,11,9,1,3,2,,,,,,,,,,,,,,,48,15
M1/2114A,28/04/2025 00:00:00,03:14:00,12,11,0,1,3,,,,,,,,,,,,,,,47,15
M1/2114A,28/04/2025 00:00:00,03:29:00,13,10,0,1,1,,,,,,,,,,,,,,,50,12
M1/2114A,28/04/2025 00:00:00,03:44:00,14,12,2,1,2,,,,,,,,,,,,,,,52,17
M1/2114A,28/04/2025 00:00:00,03:59:00,15,11,2,1,4,,,,,,,,,,,,,,,49,18
M1/2114A,28/04/2025 00:00:00,04:14:00,16,17,2,0,1,,,,,,,,,,,,,,,54,20
M1/2114A,28/04/2025 00:00:00,04:29:00,17,20,3,1,0,,,,,,,,,,,,,,,54,24
M1/2114A,28/04/2025 00:00:00,04:44:00,18,20,1,1,2,,,,,,,,,,,,,,,52,24
M1/2114A,28/04/2025 00:00:00,04:59:00,19,9,3,0,4,,,,,,,,,,,,,,,48,16
M1/2114A,28/04/2025 00:00:00,05:14:00,20,14,3,1,2,,,,,,,,,,,,,,,47,20
M1/2114A,28/04/2025 00:00:00,05:29:00,21,18,2,2,2,,,,,,,,,,,,,,,52,24
M1/2114A,28/04/2025 00:00:00,05:44:00,22,15,2,0,0,,,,,,,,,,,,,,,53,17
M1/2114A,28/04/2025 00:00:00,05:59:00,23,21,1,1,3,,,,,,,,,,,,,,,51,26
M1/2114A,28/04/2025 00:00:00,06:14:00,24,28,1,0,1,,,,,,,,,,,,,,,55,30
M1/2114A,28/04/2025 00:00:00,06:29:00,25,35,2,1,5,,,,,,,,,,,,,,,52,43
M1/2114A,28/04/2025 00:00:00,06:44:00,26,33,2,0,4,,,,,,,,,,,,,,,52,39
M1/2114A,28/04/2025 00:00:00,06:59:00,27,44,4,4,6,,,,,,,,,,,,,,,52,58
M1/2114A,28/04/2025 00:00:00,07:14:00,28,62,4,1,3,,,,,,,,,,,,,,,54,70
M1/2114A,28/04/2025 00:00:00,07:29:00,29,75,7,0,3,,,,,,,,,,,,,,,54,85
M1/2114A,28/04/2025 00:00:00,07:44:00,30,67,5,3,4,,,,,,,,,,,,,,,54,79
M1/2114A,28/04/2025 00:00:00,07:59:00,31,56,5,6,3,,,,,,,,,,,,,,,57,71
M1/2114A,28/04/2025 00:00:00,08:14:00,32,57,9,3,3,,,,,,,,,,,,,,,52,72
M1/2114A,28/04/2025 00:00:00,08:29:00,33,79,5,6,7,,,,,,,,,,,,,,,54,97
M1/2114A,28/04/2025 00:00:00,08:44:00,34,64,7,6,2,,,,,,,,,,,,,,,54,79
M1/2114A,28/04/2025 00:00:00,08:59:00,35,59,9,8,6,,,,,,,,,,,,,,,54,81
M1/2114A,28/04/2025 00:00:00,09:14:00,36,53,11,4,5,,,,,,,,,,,,,,,53,73
M1/2114A,28/04/2025 00:00:00,09:29:00,37,58,11,9,5,,,,,,,,,,,,,,,51,83
M1/2114A,28/04/2025 00:00:00,09:44:00,38,70,18,11,6,,,,,,,,,,,,,,,51,105
M1/2114A,28/04/2025 00:00:00,09:59:00,39,52,11,9,11,,,,,,,,,,,,,,,51,83
M1/2114A,28/04/2025 00:00:00,10:14:00,40,37,7,5,7,,,,,,,,,,,,,,,50,56
M1/2114A,28/04/2025 00:00:00,10:29:00,41,63,13,12,7,,,,,,,,,,,,,,,49,95
M1/2114A,28/04/2025 00:00:00,10:44:00,42,64,4,4,3,,,,,,,,,,,,,,,53,75
M1/2114A,28/04/2025 00:00:00,10:59:00,43,57,14,8,7,,,,,,,,,,,,,,,53,86
M1/2114A,28/04/2025 00:00:00,11:14:00,44,67,14,9,5,,,,,,,,,,,,,,,53,95
M1/2114A,28/04/2025 00:00:00,11:29:00,45,72,8,10,3,,,,,,,,,,,,,,,51,92
M1/2114A,28/04/2025 00:00:00,11:44:00,46,75,9,9,8,,,,,,,,,,,,,,,54,101
M1/2114A,28/04/2025 00:00:00,11:59:00,47,72,15,12,4,,,,,,,,,,,,,,,53,103
M1/2114A,28/04/2025 00:00:00,12:14:00,48,74,19,11,3,,,,,,,,,,,,,,,51,107
M1/2114A,28/04/2025 00:00:00,12:29:00,49,78,17,8,2,,,,,,,,,,,,,,,53,105
M1/2114A,28/04/2025 00:00:00,12:44:00,50,79,19,7,7,,,,,,,,,,,,,,,51,112
M1/2114A,28/04/2025 00:00:00,12:59:00,51,66,17,9,5,,,,,,,,,,,,,,,52,97
M1/2114A,28/04/2025 00:00:00,13:14:00,52,101,21,15,7,,,,,,,,,,,,,,,53,144
M1/2114A,28/04/2025 00:00:00,13:29:00,53,95,25,13,8,,,,,,,,,,,,,,,52,141
M1/2114A,28/04/2025 00:00:00,13:44:00,54,100,22,11,7,,,,,,,,,,,,,,,52,140
M1/2114A,28/04/2025 00:00:00,13:59:00,55,95,23,13,7,,,,,,,,,,,,,,,53,138
M1/2114A,28/04/2025 00:00:00,14:14:00,56,75,17,7,3,,,,,,,,,,,,,,,54,102
M1/2114A,28/04/2025 00:00:00,14:29:00,57,102,22,11,5,,,,,,,,,,,,,,,53,140
M1/2114A,28/04/2025 00:00:00,14:44:00,58,104,26,14,8,,,,,,,,,,,,,,,52,152
M1/2114A,28/04/2025 00:00:00,14:59:00,59,124,38,10,5,,,,,,,,,,,,,,,54,177
M1/2114A,28/04/2025 00:00:00,15:14:00,60,135,23,8,6,,,,,,,,,,,,,,,53,172
M1/2114A,28/04/2025 00:00:00,15:29:00,61,142,25,11,6,,,,,,,,,,,,,,,54,184
M1/2114A,28/04/2025 00:00:00,15:44:00,62,137,25,13,6,,,,,,,,,,,,,,,53,181
M1/2114A,28/04/2025 00:00:00,15:59:00,63,158,34,16,4,,,,,,,,,,,,,,,53,212
M1/2114A,28/04/2025 00:00:00,16:14:00,64,180,24,11,9,,,,,,,,,,,,,,,54,223
M1/2114A,28/04/2025 00:00:00,16:29:00,65,192,30,10,8,,,,,,,,,,,,,,,53,240
M1/2114A,28/04/2025 00:00:00,16:44:00,66,187,29,12,8,,,,,,,,,,,,,,,53,236
M1/2114A,28/04/2025 00:00:00,16:59:00,67,210,31,8,7,,,,,,,,,,,,,,,53,256
M1/2114A,28/04/2025 00:00:00,17:14:00,68,165,29,6,11,,,,,,,,,,,,,,,53,211
M1/2114A,28/04/2025 00:00:00,17:29:00,69,160,32,9,9,,,,,,,,,,,,,,,54,210
M1/2114A,28/04/2025 00:00:00,17:44:00,70,149,31,4,11,,,,,,,,,,,,,,,53,195
M1/2114A,28/04/2025 00:00:00,17:59:00,71,143,22,5,7,,,,,,,,,,,,,,,54,177
M1/2114A,28/04/2025 00:00:00,18:14:00,72,172,16,3,2,,,,,,,,,,,,,,,54,193
M1/2114A,28/04/2025 00:00:00,18:29:00,73,171,16,4,5,,,,,,,,,,,,,,,54,196
M1/2114A,28/04/2025 00:00:00,18:43:00,74,151,12,5,6,,,,,,,,,,,,,,,54,175
M1/2114A,28/04/2025 00:00:00,18:59:00,75,117,9,2,6,,,,,,,,,,,,,,,58,134
M1/2114A,28/04/2025 00:00:00,19:14:00,76,109,4,3,3,,,,,,,,,,,,,,,55,119
M1/2114A,28/04/2025 00:00:00,19:29:00,77,85,6,4,5,,,,,,,,,,,,,,,55,100
M1/2114A,28/04/2025 00:00:00,19:44:00,78,78,15,2,4,,,,,,,,,,,,,,,54,99
M1/2114A,28/04/2025 00:00:00,19:59:00,79,76,7,0,6,,,,,,,,,,,,,,,53,89
M1/2114A,28/04/2025 00:00:00,20:14:00,80,58,10,2,6,,,,,,,,,,,,,,,54,76
M1/2114A,28/04/2025 00:00:00,20:29:00,81,72,6,5,10,,,,,,,,,,,,,,,55,93
M1/2114A,28/04/2025 00:00:00,20:44:00,82,56,4,2,2,,,,,,,,,,,,,,,53,64
M1/2114A,28/04/2025 00:00:00,20:59:00,83,38,8,3,6,,,,,,,,,,,,,,,51,55
M1/2114A,28/04/2025 00:00:00,21:14:00,84,49,3,2,2,,,,,,,,,,,,,,,53,56
M1/2114A,28/04/2025 00:00:00,21:29:00,85,44,6,2,4,,,,,,,,,,,,,,,51,56
M1/2114A,28/04/2025 00:00:00,21:44:00,86,39,4,1,5,,,,,,,,,,,,,,,51,49
M1/2114A,28/04/2025 00:00:00,21:59:00,87,43,6,0,6,,,,,,,,,,,,,,,51,55
M1/2114A,28/04/2025 00:00:00,22:14:00,88,35,12,2,3,,,,,,,,,,,,,,,51,52
M1/2114A,28/04/2025 00:00:00,22:29:00,89,38,7,3,6,,,,,,,,,,,,,,,35,54
M1/2114A,28/04/2025 00:00:00,22:44:00,90,51,4,1,2,,,,,,,,,,,,,,,35,58
M1/2114A,28/04/2025 00:00:00,22:59:00,91,47,2,4,5,,,,,,,,,,,,,,,47,58
M1/2114A,28/04/2025 00:00:00,23:14:00,92,32,7,1,6,,,,,,,,,,,,,,,46,46
M1/2114A,28/04/2025 00:00:00,23:29:00,93,41,8,2,6,,,,,,,,,,,,,,,43,57
M1/2114A,28/04/2025 00:00:00,23:44:00,94,31,6,0,4,,,,,,,,,,,,,,,47,41
M1/2114A,28/04/2025 00:00:00,23:59:00,95,19,2,1,6,,,,,,,,,,,,,,,43,28
M1/2114A,29/04/2025 00:00:00,00:14:00,0,25,0,0,3,,,,,,,,,,,,,,,43,28
M1/2114A,29/04/2025 00:00:00,00:29:00,1,15,3,0,4,,,,,,,,,,,,,,,42,22
M1/2114A,29/04/2025 00:00:00,00:44:00,2,24,2,1,7,,,,,,,,,,,,,,,44,34
M1/2114A,29/04/2025 00:00:00,00:59:00,3,14,0,1,5,,,,,,,,,,,,,,,46,20
M1/2114A,29/04/2025 00:00:00,01:14:00,4,21,0,3,0,,,,,,,,,,,,,,,46,24
M1/2114A,29/04/2025 00:00:00,01:29:00,5,8,0,0,2,,,,,,,,,,,,,,,45,10
M1/2114A,29/04/2025 00:00:00,01:44:00,6,11,6,3,1,,,,,,,,,,,,,,,46,21
M1/2114A,29/04/2025 00:00:00,01:59:00,7,7,4,3,1,,,,,,,,,,,,,,,42,15
M1/2114A,29/04/2025 00:00:00,02:14:00,8,6,2,1,2,,,,,,,,,,,,,,,44,11
M1/2114A,29/04/2025 00:00:00,02:29:00,9,9,0,1,1,,,,,,,,,,,,,,,49,11
M1/2114A,29/04/2025 00:00:00,02:44:00,10,6,4,3,1,,,,,,,,,,,,,,,46,14
M1/2114A,29/04/2025 00:00:00,02:59:00,11,8,1,1,2,,,,,,,,,,,,,,,42,12
M1/2114A,29/04/2025 00:00:00,03:14:00,12,10,2,1,3,,,,,,,,,,,,,,,43,16
M1/2114A,29/04/2025 00:00:00,03:29:00,13,15,1,0,4,,,,,,,,,,,,,,,36,20
M1/2114A,29/04/2025 00:00:00,03:44:00,14,4,3,0,2,,,,,,,,,,,,,,,44,9
M1/2114A,29/04/2025 00:00:00,03:59:00,15,11,0,0,3,,,,,,,,,,,,,,,42,14
M1/2114A,29/04/2025 00:00:00,04:14:00,16,15,2,2,1,,,,,,,,,,,,,,,49,20
M1/2114A,29/04/2025 00:00:00,04:29:00,17,17,2,1,2,,,,,,,,,,,,,,,53,22
M1/2114A,29/04/2025 00:00:00,04:44:00,18,19,2,0,0,,,,,,,,,,,,,,,51,21
M1/2114A,29/04/2025 00:00:00,04:59:00,19,14,3,1,3,,,,,,,,,,,,,,,52,21
M1/2114A,29/04/2025 00:00:00,05:14:00,20,17,2,2,0,,,,,,,,,,,,,,,54,21
M1/2114A,29/04/2025 00:00:00,05:29:00,21,5,1,2,2,,,,,,,,,,,,,,,53,11
M1/2114A,29/04/2025 00:00:00,05:44:00,22,14,1,2,1,,,,,,,,,,,,,,,51,18
M1/2114A,29/04/2025 00:00:00,05:59:00,23,10,1,0,5,,,,,,,,,,,,,,,55,16
M1/2114A,29/04/2025 00:00:00,06:14:00,24,19,1,1,3,,,,,,,,,,,,,,,51,24
M1/2114A,29/04/2025 00:00:00,06:29:00,25,30,4,2,3,,,,,,,,,,,,,,,53,39
M1/2114A,29/04/2025 00:00:00,06:44:00,26,36,5,0,4,,,,,,,,,,,,,,,56,45
M1/2114A,29/04/2025 00:00:00,06:59:00,27,31,3,5,6,,,,,,,,,,,,,,,51,45
M1/2114A,29/04/2025 00:00:00,07:14:00,28,46,5,4,3,,,,,,,,,,,,,,,56,58
M1/2114A,29/04/2025 00:00:00,07:29:00,29,51,3,1,5,,,,,,,,,,,,,,,54,60
M1/2114A,29/04/2025 00:00:00,07:44:00,30,78,2,2,5,,,,,,,,,,,,,,,57,87
M1/2114A,29/04/2025 00:00:00,07:59:00,31,65,4,1,3,,,,,,,,,,,,,,,54,73
M1/2114A,29/04/2025 00:00:00,08:14:00,32,60,5,5,5,,,,,,,,,,,,,,,55,75
M1/2114A,29/04/2025 00:00:00,08:29:00,33,78,5,4,6,,,,,,,,,,,,,,,55,93
M1/2114A,29/04/2025 00:00:00,08:44:00,34,66,12,6,5,,,,,,,,,,,,,,,53,89
M1/2114A,29/04/2025 00:00:00,08:59:00,35,68,5,9,9,,,,,,,,,,,,,,,53,91
M1/2114A,29/04/2025 00:00:00,09:14:00,36,65,11,8,0,,,,,,,,,,,,,,,52,84
M1/2114A,29/04/2025 00:00:00,09:29:00,37,57,10,7,6,,,,,,,,,,,,,,,53,80
M1/2114A,29/04/2025 00:00:00,09:44:00,38,50,14,7,3,,,,,,,,,,,,,,,51,74
M1/2114A,29/04/2025 00:00:00,09:59:00,39,51,8,6,12,,,,,,,,,,,,,,,53,77
M1/2114A,29/04/2025 00:00:00,10:14:00,40,53,6,7,9,,,,,,,,,,,,,,,52,75
M1/2114A,29/04/2025 00:00:00,10:29:00,41,61,15,4,5,,,,,,,,,,,,,,,54,85
M1/2114A,29/04/2025 00:00:00,10:44:00,42,52,11,8,11,,,,,,,,,,,,,,,51,82
M1/2114A,29/04/2025 00:00:00,10:59:00,43,60,10,8,9,,,,,,,,,,,,,,,52,87
M1/2114A,29/04/2025 00:00:00,11:14:00,44,53,4,6,9,,,,,,,,,,,,,,,53,72
M1/2114A,29/04/2025 00:00:00,11:29:00,45,63,14,8,6,,,,,,,,,,,,,,,50,91
M1/2114A,29/04/2025 00:00:00,11:44:00,46,53,16,8,1,,,,,,,,,,,,,,,50,78
M1/2114A,29/04/2025 00:00:00,11:59:00,47,53,11,9,6,,,,,,,,,,,,,,,52,79
M1/2114A,29/04/2025 00:00:00,12:14:00,48,70,15,13,4,,,,,,,,,,,,,,,52,102
M1/2114A,29/04/2025 00:00:00,12:29:00,49,86,15,11,3,,,,,,,,,,,,,,,53,115
M1/2114A,29/04/2025 00:00:00,12:44:00,50,80,19,14,9,,,,,,,,,,,,,,,52,122
M1/2114A,29/04/2025 00:00:00,12:59:00,51,91,14,8,10,,,,,,,,,,,,,,,53,122
M1/2114A,29/04/2025 00:00:00,13:14:00,52,80,18,8,8,,,,,,,,,,,,,,,52,114
M1/2114A,29/04/2025 00:00:00,13:29:00,53,78,20,13,4,,,,,,,,,,,,,,,53,115
M1/2114A,29/04/2025 00:00:00,13:44:00,54,97,17,10,5,,,,,,,,,,,,,,,51,129
M1/2114A,29/04/2025 00:00:00,13:59:00,55,94,26,14,7,,,,,,,,,,,,,,,54,141
M1/2114A,29/04/2025 00:00:00,14:14:00,56,94,27,12,1,,,,,,,,,,,,,,,53,134
M1/2114A,29/04/2025 00:00:00,14:29:00,57,113,18,9,5,,,,,,,,,,,,,,,53,145
M1/2114A,29/04/2025 00:00:00,14:43:00,58,108,23,11,5,,,,,,,,,,,,,,,54,147
M1/2114A,29/04/2025 00:00:00,14:59:00,59,122,31,11,8,,,,,,,,,,,,,,,53,171
M1/2114A,29/04/2025 00:00:00,15:14:00,60,134,28,10,14,,,,,,,,,,,,,,,53,185
M1/2114A,29/04/2025 00:00:00,15:29:00,61,148,26,13,10,,,,,,,,,,,,,,,51,197
M1/2114A,29/04/2025 00:00:00,15:44:00,62,138,27,16,7,,,,,,,,,,,,,,,53,188
M1/2114A,29/04/2025 00:00:00,15:59:00,63,177,26,11,4,,,,,,,,,,,,,,,53,218
M1/2114A,29/04/2025 00:00:00,16:14:00,64,206,35,9,6,,,,,,,,,,,,,,,54,256
M1/2114A,29/04/2025 00:00:00,16:29:00,65,206,34,13,13,,,,,,,,,,,,,,,53,266
M1/2114A,29/04/2025 00:00:00,16:43:00,66,216,39,8,4,,,,,,,,,,,,,,,54,267
M1/2114A,29/04/2025 00:00:00,16:59:00,67,170,40,10,13,,,,,,,,,,,,,,,53,233
M1/2114A,29/04/2025 00:00:00,17:14:00,68,159,28,11,11,,,,,,,,,,,,,,,53,209
M1/2114A,29/04/2025 00:00:00,17:29:00,69,185,26,7,10,,,,,,,,,,,,,,,56,228
M1/2114A,29/04/2025 00:00:00,17:44:00,70,175,24,8,7,,,,,,,,,,,,,,,54,214
M1/2114A,29/04/2025 00:00:00,17:59:00,71,162,24,3,7,,,,,,,,,,,,,,,57,196
M1/2114A,29/04/2025 00:00:00,18:14:00,72,160,20,5,6,,,,,,,,,,,,,,,55,191
M1/2114A,29/04/2025 00:00:00,18:29:00,73,178,21,5,6,,,,,,,,,,,,,,,55,210
M1/2114A,29/04/2025 00:00:00,18:44:00,74,141,15,8,5,,,,,,,,,,,,,,,56,169
M1/2114A,29/04/2025 00:00:00,18:59:00,75,127,9,5,6,,,,,,,,,,,,,,,54,147
M1/2114A,29/04/2025 00:00:00,19:14:00,76,103,11,6,3,,,,,,,,,,,,,,,54,123
M1/2114A,29/04/2025 00:00:00,19:29:00,77,86,6,3,8,,,,,,,,,,,,,,,54,103
M1/2114A,29/04/2025 00:00:00,19:44:00,78,81,9,4,5,,,,,,,,,,,,,,,54,99
M1/2114A,29/04/2025 00:00:00,19:59:00,79,65,11,3,7,,,,,,,,,,,,,,,53,86
M1/2114A,29/04/2025 00:00:00,20:14:00,80,100,3,5,4,,,,,,,,,,,,,,,54,112
M1/2114A,29/04/2025 00:00:00,20:29:00,81,56,7,2,7,,,,,,,,,,,,,,,54,72
M1/2114A,29/04/2025 00:00:00,20:44:00,82,65,5,2,3,,,,,,,,,,,,,,,53,75
M1/2114A,29/04/2025 00:00:00,20:59:00,83,52,4,4,5,,,,,,,,,,,,,,,52,65
M1/2114A,29/04/2025 00:00:00,21:14:00,84,53,5,4,4,,,,,,,,,,,,,,,39,66
M1/2114A,29/04/2025 00:00:00,21:29:00,85,53,6,4,5,,,,,,,,,,,,,,,44,68
M1/2114A,29/04/2025 00:00:00,21:44:00,86,58,11,2,3,,,,,,,,,,,,,,,46,74
M1/2114A,29/04/2025 00:00:00,21:59:00,87,43,4,1,3,,,,,,,,,,,,,,,48,51
M1/2114A,29/04/2025 00:00:00,22:14:00,88,48,6,2,6,,,,,,,,,,,,,,,46,62
M1/2114A,29/04/2025 00:00:00,22:29:00,89,54,5,2,4,,,,,,,,,,,,,,,47,65
M1/2114A,29/04/2025 00:00:00,22:44:00,90,69,8,3,6,,,,,,,,,,,,,,,43,86
M1/2114A,29/04/2025 00:00:00,22:59:00,91,96,9,1,4,,,,,,,,,,,,,,,44,110
M1/2114A,29/04/2025 00:00:00,23:14:00,92,81,14,1,4,,,,,,,,,,,,,,,44,100
M1/2114A,29/04/2025 00:00:00,23:29:00,93,75,9,0,4,,,,,,,,,,,,,,,43,88
M1/2114A,29/04/2025 00:00:00,23:44:00,94,50,4,1,5,,,,,,,,,,,,,,,46,60
M1/2114A,29/04/2025 00:00:00,23:59:00,95,50,13,0,4,,,,,,,,,,,,,,,44,67
M1/2114A,30/04/2025 00:00:00,00:14:00,0,32,6,0,5,,,,,,,,,,,,,,,45,43
M1/2114A,30/04/2025 00:00:00,00:29:00,1,24,1,3,8,,,,,,,,,,,,,,,46,36
M1/2114A,30/04/2025 00:00:00,00:44:00,2,23,3,0,3,,,,,,,,,,,,,,,46,29
M1/2114A,30/04/2025 00:00:00,00:59:00,3,17,1,2,5,,,,,,,,,,,,,,,45,25
M1/2114A,30/04/2025 00:00:00,01:14:00,4,18,1,0,2,,,,,,,,,,,,,,,45,21
M1/2114A,30/04/2025 00:00:00,01:29:00,5,21,1,2,5,,,,,,,,,,,,,,,46,29
M1/2114A,30/04/2025 00:00:00,01:44:00,6,12,1,0,3,,,,,,,,,,,,,,,46,16
M1/2114A,30/04/2025 00:00:00,01:59:00,7,13,2,2,3,,,,,,,,,,,,,,,45,20
M1/2114A,30/04/2025 00:00:00,02:14:00,8,15,3,3,1,,,,,,,,,,,,,,,45,22
M1/2114A,30/04/2025 00:00:00,02:29:00,9,10,2,0,3,,,,,,,,,,,,,,,48,15
M1/2114A,30/04/2025 00:00:00,02:44:00,10,11,2,2,1,,,,,,,,,,,,,,,41,16
M1/2114A,30/04/2025 00:00:00,02:59:00,11,15,1,3,2,,,,,,,,,,,,,,,50,21
M1/2114A,30/04/2025 00:00:00,03:14:00,12,19,6,3,1,,,,,,,,,,,,,,,50,29
M1/2114A,30/04/2025 00:00:00,03:29:00,13,16,3,1,4,,,,,,,,,,,,,,,49,24
M1/2114A,30/04/2025 00:00:00,03:44:00,14,14,4,0,0,,,,,,,,,,,,,,,51,18
M1/2114A,30/04/2025 00:00:00,03:59:00,15,13,4,0,2,,,,,,,,,,,,,,,50,19
M1/2114A,30/04/2025 00:00:00,04:14:00,16,27,4,1,5,,,,,,,,,,,,,,,52,37
M1/2114A,30/04/2025 00:00:00,04:29:00,17,18,3,3,4,,,,,,,,,,,,,,,50,28
M1/2114A,30/04/2025 00:00:00,04:44:00,18,21,2,2,2,,,,,,,,,,,,,,,51,27
M1/2114A,30/04/2025 00:00:00,04:59:00,19,13,1,2,2,,,,,,,,,,,,,,,54,18
M1/2114A,30/04/2025 00:00:00,05:14:00,20,15,2,4,1,,,,,,,,,,,,,,,54,22
M1/2114A,30/04/2025 00:00:00,05:29:00,21,17,2,2,2,,,,,,,,,,,,,,,53,23
M1/2114A,30/04/2025 00:00:00,05:44:00,22,16,3,0,1,,,,,,,,,,,,,,,53,20
M1/2114A,30/04/2025 00:00:00,05:59:00,23,22,3,2,2,,,,,,,,,,,,,,,55,29
M1/2114A,30/04/2025 00:00:00,06:14:00,24,20,1,2,2,,,,,,,,,,,,,,,50,25
M1/2114A,30/04/2025 00:00:00,06:29:00,25,30,6,5,4,,,,,,,,,,,,,,,51,45
M1/2114A,30/04/2025 00:00:00,06:44:00,26,41,4,3,2,,,,,,,,,,,,,,,54,50
M1/2114A,30/04/2025 00:00:00,06:59:00,27,42,8,3,4,,,,,,,,,,,,,,,52,57
M1/2114A,30/04/2025 00:00:00,07:14:00,28,65,10,1,3,,,,,,,,,,,,,,,53,79
M1/2114A,30/04/2025 00:00:00,07:29:00,29,71,8,3,3,,,,,,,,,,,,,,,54,85
M1/2114A,30/04/2025 00:00:00,07:44:00,30,74,8,2,1,,,,,,,,,,,,,,,55,85
M1/2114A,30/04/2025 00:00:00,07:59:00,31,68,5,4,8,,,,,,,,,,,,,,,54,85
M1/2114A,30/04/2025 00:00:00,08:14:00,32,58,4,2,6,,,,,,,,,,,,,,,54,70
M1/2114A,30/04/2025 00:00:00,08:29:00,33,79,10,8,4,,,,,,,,,,,,,,,55,101
M1/2114A,30/04/2025 00:00:00,08:44:00,34,70,4,7,5,,,,,,,,,,,,,,,53,86
M1/2114A,30/04/2025 00:00:00,08:59:00,35,75,8,3,5,,,,,,,,,,,,,,,56,91
M1/2114A,30/04/2025 00:00:00,09:14:00,36,62,11,10,4,,,,,,,,,,,,,,,51,87
M1/2114A,30/04/2025 00:00:00,09:29:00,37,61,7,11,5,,,,,,,,,,,,,,,54,84
M1/2114A,30/04/2025 00:00:00,09:44:00,38,44,10,12,8,,,,,,,,,,,,,,,51,74
M1/2114A,30/04/2025 00:00:00,09:59:00,39,44,5,15,11,,,,,,,,,,,,,,,50,75
M1/2114A,30/04/2025 00:00:00,10:14:00,40,52,15,6,9,,,,,,,,,,,,,,,52,82
M1/2114A,30/04/2025 00:00:00,10:29:00,41,65,8,8,2,,,,,,,,,,,,,,,49,83
M1/2114A,30/04/2025 00:00:00,10:44:00,42,58,12,8,9,,,,,,,,,,,,,,,50,87
M1/2114A,30/04/2025 00:00:00,10:59:00,43,55,10,8,13,,,,,,,,,,,,,,,52,85
M1/2114A,30/04/2025 00:00:00,11:14:00,44,46,17,12,3,,,,,,,,,,,,,,,52,78
M1/2114A,30/04/2025 00:00:00,11:29:00,45,62,15,9,7,,,,,,,,,,,,,,,51,93
M1/2114A,30/04/2025 00:00:00,11:44:00,46,65,13,10,1,,,,,,,,,,,,,,,51,89
M1/2114A,30/04/2025 00:00:00,11:59:00,47,58,14,14,9,,,,,,,,,,,,,,,52,95
M1/2114A,30/04/2025 00:00:00,12:14:00,48,55,16,15,6,,,,,,,,,,,,,,,51,92
M1/2114A,30/04/2025 00:00:00,12:29:00,49,70,20,8,4,,,,,,,,,,,,,,,52,102
M1/2114A,30/04/2025 00:00:00,12:44:00,50,64,26,11,9,,,,,,,,,,,,,,,53,110
M1/2114A,30/04/2025 00:00:00,12:59:00,51,87,13,17,11,,,,,,,,,,,,,,,52,128
M1/2114A,30/04/2025 00:00:00,13:14:00,52,73,13,12,12,,,,,,,,,,,,,,,53,110
M1/2114A,30/04/2025 00:00:00,13:29:00,53,113,26,10,8,,,,,,,,,,,,,,,53,157
M1/2114A,30/04/2025 00:00:00,13:44:00,54,109,36,11,7,,,,,,,,,,,,,,,53,163
M1/2114A,30/04/2025 00:00:00,13:59:00,55,88,27,15,7,,,,,,,,,,,,,,,52,137
M1/2114A,30/04/2025 00:00:00,14:14:00,56,99,18,14,7,,,,,,,,,,,,,,,52,138
M1/2114A,30/04/2025 00:00:00,14:29:00,57,127,21,7,3,,,,,,,,,,,,,,,52,158
M1/2114A,30/04/2025 00:00:00,14:44:00,58,142,22,11,7,,,,,,,,,,,,,,,53,182
M1/2114A,30/04/2025 00:00:00,14:59:00,59,142,26,8,11,,,,,,,,,,,,,,,52,187
M1/2114A,30/04/2025 00:00:00,15:14:00,60,125,39,15,10,,,,,,,,,,,,,,,54,189
M1/2114A,30/04/2025 00:00:00,15:29:00,61,148,30,17,6,,,,,,,,,,,,,,,53,201
M1/2114A,30/04/2025 00:00:00,15:44:00,62,143,48,11,4,,,,,,,,,,,,,,,54,206
M1/2114A,30/04/2025 00:00:00,15:59:00,63,176,39,17,5,,,,,,,,,,,,,,,54,237
M1/2114A,30/04/2025 00:00:00,16:14:00,64,166,31,9,8,,,,,,,,,,,,,,,55,214
M1/2114A,30/04/2025 00:00:00,16:29:00,65,198,32,8,10,,,,,,,,,,,,,,,55,248
M1/2114A,30/04/2025 00:00:00,16:44:00,66,178,32,17,8,,,,,,,,,,,,,,,54,235
M1/2114A,30/04/2025 00:00:00,16:59:00,67,189,35,9,9,,,,,,,,,,,,,,,54,242
M1/2114A,30/04/2025 00:00:00,17:14:00,68,203,19,9,9,,,,,,,,,,,,,,,54,240
M1/2114A,30/04/2025 00:00:00,17:29:00,69,187,29,6,14,,,,,,,,,,,,,,,55,236
M1/2114A,30/04/2025 00:00:00,17:44:00,70,193,27,9,13,,,,,,,,,,,,,,,54,242
M1/2114A,30/04/2025 00:00:00,17:59:00,71,151,20,6,9,,,,,,,,,,,,,,,54,186
M1/2114A,30/04/2025 00:00:00,18:14:00,72,148,14,0,3,,,,,,,,,,,,,,,55,165
M1/2114A,30/04/2025 00:00:00,18:29:00,73,115,14,2,4,,,,,,,,,,,,,,,56,135
M1/2114A,30/04/2025 00:00:00,18:44:00,74,157,17,10,15,,,,,,,,,,,,,,,54,199
M1/2114A,30/04/2025 00:00:00,18:59:00,75,140,9,4,11,,,,,,,,,,,,,,,56,164
M1/2114A,30/04/2025 00:00:00,19:14:00,76,102,10,2,4,,,,,,,,,,,,,,,54,118
M1/2114A,30/04/2025 00:00:00,19:29:00,77,95,5,3,4,,,,,,,,,,,,,,,53,108
M1/2114A,30/04/2025 00:00:00,19:44:00,78,103,8,2,6,,,,,,,,,,,,,,,53,119
M1/2114A,30/04/2025 00:00:00,19:59:00,79,98,5,2,5,,,,,,,,,,,,,,,53,110
M1/2114A,30/04/2025 00:00:00,20:14:00,80,88,13,1,6,,,,,,,,,,,,,,,54,108
M1/2114A,30/04/2025 00:00:00,20:29:00,81,78,5,4,6,,,,,,,,,,,,,,,53,93
M1/2114A,30/04/2025 00:00:00,20:44:00,82,69,16,0,4,,,,,,,,,,,,,,,53,89
M1/2114A,30/04/2025 00:00:00,20:59:00,83,55,8,2,6,,,,,,,,,,,,,,,52,71
M1/2114A,30/04/2025 00:00:00,21:14:00,84,54,13,1,3,,,,,,,,,,,,,,,48,71
M1/2114A,30/04/2025 00:00:00,21:29:00,85,71,8,2,8,,,,,,,,,,,,,,,43,89
M1/2114A,30/04/2025 00:00:00,21:44:00,86,60,10,1,4,,,,,,,,,,,,,,,43,75
M1/2114A,30/04/2025 00:00:00,21:59:00,87,59,9,6,4,,,,,,,,,,,,,,,45,78
M1/2114A,30/04/2025 00:00:00,22:14:00,88,53,4,2,4,,,,,,,,,,,,,,,43,63
M1/2114A,30/04/2025 00:00:00,22:29:00,89,71,13,2,11,,,,,,,,,,,,,,,45,97
M1/2114A,30/04/2025 00:00:00,22:44:00,90,66,10,1,1,,,,,,,,,,,,,,,44,78
M1/2114A,30/04/2025 00:00:00,22:59:00,91,50,7,5,9,,,,,,,,,,,,,,,44,71
M1/2114A,30/04/2025 00:00:00,23:14:00,92,59,8,3,3,,,,,,,,,,,,,,,46,73
M1/2114A,30/04/2025 00:00:00,23:29:00,93,60,7,0,6,,,,,,,,,,,,,,,45,73
M1/2114A,30/04/2025 00:00:00,23:44:00,94,34,5,1,1,,,,,,,,,,,,,,,45,41
M1/2114A,30/04/2025 00:00:00,23:59:00,95,32,2,3,8,,,,,,,,,,,,,,,46,45
