Site Name,Report Date,Time Period Ending,Time Interval,0 - 520 cm,521  - 660 cm,661 - 1160 cm,1160+ cm,0 - 10 mph,11 - 15 mph,16 - 20 mph,21 - 25 mph,26 - 30 mph,31 - 35 mph,36 - 40 mph,41 - 45 mph,46 - 50 mph,51 - 55 mph,56 - 60 mph,61 - 70 mph,71 - 80 mph,80+ mph,Avg mph,Total Volume
M4/2162B,02/04/2025 00:00:00,00:14:00,0,78,9,7,6,,,,,,,,,,,,,,,42,100
M4/2162B,02/04/2025 00:00:00,00:29:00,1,76,13,4,0,,,,,,,,,,,,,,,41,93
M4/2162B,02/04/2025 00:00:00,00:44:00,2,68,14,7,4,,,,,,,,,,,,,,,40,93
M4/2162B,02/04/2025 00:00:00,00:59:00,3,41,13,8,3,,,,,,,,,,,,,,,40,65
M4/2162B,02/04/2025 00:00:00,01:14:00,4,52,8,7,4,,,,,,,,,,,,,,,40,71
M4/2162B,02/04/2025 00:00:00,01:29:00,5,34,8,2,5,,,,,,,,,,,,,,,40,49
M4/2162B,02/04/2025 00:00:00,01:44:00,6,34,6,7,5,,,,,,,,,,,,,,,40,52
M4/2162B,02/04/2025 00:00:00,01:59:00,7,28,5,8,7,,,,,,,,,,,,,,,40,48
M4/2162B,02/04/2025 00:00:00,02:14:00,8,30,7,10,3,,,,,,,,,,,,,,,40,50
M4/2162B,02/04/2025 00:00:00,02:29:00,9,32,4,5,4,,,,,,,,,,,,,,,40,45
M4/2162B,02/04/2025 00:00:00,02:44:00,10,34,9,5,3,,,,,,,,,,,,,,,40,51
M4/2162B,02/04/2025 00:00:00,02:59:00,11,30,5,9,7,,,,,,,,,,,,,,,40,51
M4/2162B,02/04/2025 00:00:00,03:14:00,12,28,10,8,3,,,,,,,,,,,,,,,40,49
M4/2162B,02/04/2025 00:00:00,03:29:00,13,31,9,12,4,,,,,,,,,,,,,,,39,56
M4/2162B,02/04/2025 00:00:00,03:44:00,14,40,11,11,3,,,,,,,,,,,,,,,40,65
M4/2162B,02/04/2025 00:00:00,03:59:00,15,44,10,10,5,,,,,,,,,,,,,,,40,69
M4/2162B,02/04/2025 00:00:00,04:14:00,16,55,20,16,6,,,,,,,,,,,,,,,41,97
M4/2162B,02/04/2025 00:00:00,04:29:00,17,65,25,27,5,,,,,,,,,,,,,,,40,122
M4/2162B,02/04/2025 00:00:00,04:44:00,18,110,25,25,2,,,,,,,,,,,,,,,39,162
M4/2162B,02/04/2025 00:00:00,04:59:00,19,111,34,30,10,,,,,,,,,,,,,,,40,185
M4/2162B,02/04/2025 00:00:00,05:14:00,20,140,33,29,8,,,,,,,,,,,,,,,40,210
M4/2162B,02/04/2025 00:00:00,05:29:00,21,165,69,44,15,,,,,,,,,,,,,,,39,293
M4/2162B,02/04/2025 00:00:00,05:44:00,22,246,68,38,14,,,,,,,,,,,,,,,40,366
M4/2162B,02/04/2025 00:00:00,05:59:00,23,343,105,50,16,,,,,,,,,,,,,,,39,514
M4/2162B,02/04/2025 00:00:00,06:14:00,24,476,156,77,18,,,,,,,,,,,,,,,39,727
M4/2162B,02/04/2025 00:00:00,06:29:00,25,523,245,89,25,,,,,,,,,,,,,,,23,882
M4/2162B,02/04/2025 00:00:00,06:44:00,26,442,209,83,20,,,,,,,,,,,,,,,11,754
M4/2162B,02/04/2025 00:00:00,06:59:00,27,451,192,89,25,,,,,,,,,,,,,,,10,757
M4/2162B,02/04/2025 00:00:00,07:14:00,28,397,171,65,32,,,,,,,,,,,,,,,10,665
M4/2162B,02/04/2025 00:00:00,07:29:00,29,365,161,94,37,,,,,,,,,,,,,,,9,657
M4/2162B,02/04/2025 00:00:00,07:44:00,30,426,190,68,28,,,,,,,,,,,,,,,10,712
M4/2162B,02/04/2025 00:00:00,07:59:00,31,453,167,81,20,,,,,,,,,,,,,,,9,721
M4/2162B,02/04/2025 00:00:00,08:14:00,32,457,181,72,20,,,,,,,,,,,,,,,10,730
M4/2162B,02/04/2025 00:00:00,08:29:00,33,492,167,55,18,,,,,,,,,,,,,,,10,732
M4/2162B,02/04/2025 00:00:00,08:44:00,34,457,204,59,29,,,,,,,,,,,,,,,11,749
M4/2162B,02/04/2025 00:00:00,08:59:00,35,487,185,72,12,,,,,,,,,,,,,,,10,756
M4/2162B,02/04/2025 00:00:00,09:14:00,36,465,184,71,26,,,,,,,,,,,,,,,10,746
M4/2162B,02/04/2025 00:00:00,09:29:00,37,462,170,80,16,,,,,,,,,,,,,,,10,728
M4/2162B,02/04/2025 00:00:00,09:44:00,38,473,189,63,19,,,,,,,,,,,,,,,10,744
M4/2162B,02/04/2025 00:00:00,09:59:00,39,440,187,69,24,,,,,,,,,,,,,,,10,720
M4/2162B,02/04/2025 00:00:00,10:14:00,40,418,190,62,35,,,,,,,,,,,,,,,10,705
M4/2162B,02/04/2025 00:00:00,10:29:00,41,416,171,80,21,,,,,,,,,,,,,,,10,689
M4/2162B,02/04/2025 00:00:00,10:44:00,42,423,157,55,21,,,,,,,,,,,,,,,15,656
M4/2162B,02/04/2025 00:00:00,10:59:00,43,438,113,45,13,,,,,,,,,,,,,,,39,609
M4/2162B,02/04/2025 00:00:00,11:14:00,44,460,124,41,10,,,,,,,,,,,,,,,39,635
M4/2162B,02/04/2025 00:00:00,11:29:00,45,461,117,46,16,,,,,,,,,,,,,,,39,640
M4/2162B,02/04/2025 00:00:00,11:44:00,46,483,131,55,18,,,,,,,,,,,,,,,38,687
M4/2162B,02/04/2025 00:00:00,11:59:00,47,515,131,46,8,,,,,,,,,,,,,,,38,700
M4/2162B,02/04/2025 00:00:00,12:14:00,48,450,128,44,13,,,,,,,,,,,,,,,39,635
M4/2162B,02/04/2025 00:00:00,12:29:00,49,453,116,49,13,,,,,,,,,,,,,,,39,631
M4/2162B,02/04/2025 00:00:00,12:44:00,50,462,135,50,9,,,,,,,,,,,,,,,39,656
M4/2162B,02/04/2025 00:00:00,12:59:00,51,438,115,57,14,,,,,,,,,,,,,,,39,624
M4/2162B,02/04/2025 00:00:00,13:14:00,52,466,120,48,18,,,,,,,,,,,,,,,39,652
M4/2162B,02/04/2025 00:00:00,13:29:00,53,423,114,37,11,,,,,,,,,,,,,,,40,585
M4/2162B,02/04/2025 00:00:00,13:44:00,54,494,105,32,12,,,,,,,,,,,,,,,39,643
M4/2162B,02/04/2025 00:00:00,13:59:00,55,447,96,39,14,,,,,,,,,,,,,,,39,596
M4/2162B,02/04/2025 00:00:00,14:14:00,56,396,100,35,11,,,,,,,,,,,,,,,40,542
M4/2162B,02/04/2025 00:00:00,14:29:00,57,446,92,33,6,,,,,,,,,,,,,,,39,577
M4/2162B,02/04/2025 00:00:00,14:44:00,58,448,108,24,8,,,,,,,,,,,,,,,40,588
M4/2162B,02/04/2025 00:00:00,14:59:00,59,466,111,28,10,,,,,,,,,,,,,,,39,615
M4/2162B,02/04/2025 00:00:00,15:14:00,60,475,102,26,11,,,,,,,,,,,,,,,39,614
M4/2162B,02/04/2025 00:00:00,15:29:00,61,497,128,40,12,,,,,,,,,,,,,,,39,677
M4/2162B,02/04/2025 00:00:00,15:44:00,62,491,114,26,9,,,,,,,,,,,,,,,39,640
M4/2162B,02/04/2025 00:00:00,15:59:00,63,502,110,27,6,,,,,,,,,,,,,,,39,645
M4/2162B,02/04/2025 00:00:00,16:14:00,64,500,97,21,11,,,,,,,,,,,,,,,40,629
M4/2162B,02/04/2025 00:00:00,16:29:00,65,580,101,20,7,,,,,,,,,,,,,,,39,708
M4/2162B,02/04/2025 00:00:00,16:44:00,66,607,121,15,5,,,,,,,,,,,,,,,39,748
M4/2162B,02/04/2025 00:00:00,16:59:00,67,649,89,23,17,,,,,,,,,,,,,,,39,778
M4/2162B,02/04/2025 00:00:00,17:14:00,68,617,103,24,6,,,,,,,,,,,,,,,39,750
M4/2162B,02/04/2025 00:00:00,17:29:00,69,653,106,18,7,,,,,,,,,,,,,,,39,784
M4/2162B,02/04/2025 00:00:00,17:44:00,70,624,99,22,6,,,,,,,,,,,,,,,39,751
M4/2162B,02/04/2025 00:00:00,17:59:00,71,633,132,25,14,,,,,,,,,,,,,,,26,804
M4/2162B,02/04/2025 00:00:00,18:14:00,72,568,166,31,7,,,,,,,,,,,,,,,12,772
M4/2162B,02/04/2025 00:00:00,18:29:00,73,519,189,32,14,,,,,,,,,,,,,,,11,753
M4/2162B,02/04/2025 00:00:00,18:44:00,74,546,131,35,14,,,,,,,,,,,,,,,10,726
M4/2162B,02/04/2025 00:00:00,18:59:00,75,607,121,15,23,,,,,,,,,,,,,,,10,766
M4/2162B,02/04/2025 00:00:00,19:14:00,76,581,122,28,12,,,,,,,,,,,,,,,10,743
M4/2162B,02/04/2025 00:00:00,19:29:00,77,550,148,23,8,,,,,,,,,,,,,,,10,729
M4/2162B,02/04/2025 00:00:00,19:44:00,78,493,111,23,15,,,,,,,,,,,,,,,24,642
M4/2162B,02/04/2025 00:00:00,19:59:00,79,503,82,16,12,,,,,,,,,,,,,,,39,613
M4/2162B,02/04/2025 00:00:00,20:14:00,80,492,105,7,5,,,,,,,,,,,,,,,39,609
M4/2162B,02/04/2025 00:00:00,20:29:00,81,433,78,14,10,,,,,,,,,,,,,,,39,535
M4/2162B,02/04/2025 00:00:00,20:44:00,82,388,61,18,7,,,,,,,,,,,,,,,39,474
M4/2162B,02/04/2025 00:00:00,20:59:00,83,354,61,14,9,,,,,,,,,,,,,,,40,438
M4/2162B,02/04/2025 00:00:00,21:14:00,84,359,74,10,6,,,,,,,,,,,,,,,39,449
M4/2162B,02/04/2025 00:00:00,21:29:00,85,328,56,9,4,,,,,,,,,,,,,,,40,397
M4/2162B,02/04/2025 00:00:00,21:44:00,86,319,56,7,6,,,,,,,,,,,,,,,40,388
M4/2162B,02/04/2025 00:00:00,21:59:00,87,276,42,10,4,,,,,,,,,,,,,,,40,332
M4/2162B,02/04/2025 00:00:00,22:14:00,88,284,43,8,8,,,,,,,,,,,,,,,40,343
M4/2162B,02/04/2025 00:00:00,22:29:00,89,245,44,9,6,,,,,,,,,,,,,,,39,304
M4/2162B,02/04/2025 00:00:00,22:44:00,90,212,37,8,4,,,,,,,,,,,,,,,40,261
M4/2162B,02/04/2025 00:00:00,22:59:00,91,181,29,9,6,,,,,,,,,,,,,,,40,225
M4/2162B,02/04/2025 00:00:00,23:14:00,92,206,38,8,3,,,,,,,,,,,,,,,40,255
M4/2162B,02/04/2025 00:00:00,23:29:00,93,178,21,12,1,,,,,,,,,,,,,,,40,212
M4/2162B,02/04/2025 00:00:00,23:44:00,94,114,23,11,8,,,,,,,,,,,,,,,41,156
M4/2162B,02/04/2025 00:00:00,23:59:00,95,126,14,13,4,,,,,,,,,,,,,,,40,157
M4/2162B,03/04/2025 00:00:00,00:14:00,0,86,14,6,3,,,,,,,,,,,,,,,40,109
M4/2162B,03/04/2025 00:00:00,00:29:00,1,65,7,7,2,,,,,,,,,,,,,,,40,81
M4/2162B,03/04/2025 00:00:00,00:44:00,2,75,8,8,2,,,,,,,,,,,,,,,40,93
M4/2162B,03/04/2025 00:00:00,00:59:00,3,56,8,5,2,,,,,,,,,,,,,,,41,71
M4/2162B,03/04/2025 00:00:00,01:14:00,4,52,5,7,3,,,,,,,,,,,,,,,41,67
M4/2162B,03/04/2025 00:00:00,01:29:00,5,47,7,3,4,,,,,,,,,,,,,,,41,61
M4/2162B,03/04/2025 00:00:00,01:44:00,6,44,9,5,3,,,,,,,,,,,,,,,39,61
M4/2162B,03/04/2025 00:00:00,01:59:00,7,28,3,4,2,,,,,,,,,,,,,,,41,37
M4/2162B,03/04/2025 00:00:00,02:14:00,8,36,5,9,4,,,,,,,,,,,,,,,39,54
M4/2162B,03/04/2025 00:00:00,02:29:00,9,27,6,4,3,,,,,,,,,,,,,,,39,40
M4/2162B,03/04/2025 00:00:00,02:44:00,10,31,6,7,4,,,,,,,,,,,,,,,39,48
M4/2162B,03/04/2025 00:00:00,02:59:00,11,32,9,5,2,,,,,,,,,,,,,,,40,48
M4/2162B,03/04/2025 00:00:00,03:14:00,12,27,9,7,3,,,,,,,,,,,,,,,39,46
M4/2162B,03/04/2025 00:00:00,03:29:00,13,35,9,11,2,,,,,,,,,,,,,,,40,57
M4/2162B,03/04/2025 00:00:00,03:44:00,14,46,12,11,1,,,,,,,,,,,,,,,40,70
M4/2162B,03/04/2025 00:00:00,03:59:00,15,65,12,14,3,,,,,,,,,,,,,,,40,94
M4/2162B,03/04/2025 00:00:00,04:14:00,16,62,15,5,7,,,,,,,,,,,,,,,40,89
M4/2162B,03/04/2025 00:00:00,04:29:00,17,77,21,23,6,,,,,,,,,,,,,,,40,127
M4/2162B,03/04/2025 00:00:00,04:44:00,18,117,34,18,3,,,,,,,,,,,,,,,39,172
M4/2162B,03/04/2025 00:00:00,04:59:00,19,126,28,30,14,,,,,,,,,,,,,,,40,198
M4/2162B,03/04/2025 00:00:00,05:14:00,20,162,50,34,7,,,,,,,,,,,,,,,40,253
M4/2162B,03/04/2025 00:00:00,05:29:00,21,178,52,24,13,,,,,,,,,,,,,,,40,267
M4/2162B,03/04/2025 00:00:00,05:44:00,22,238,67,40,13,,,,,,,,,,,,,,,39,358
M4/2162B,03/04/2025 00:00:00,05:59:00,23,323,87,55,15,,,,,,,,,,,,,,,40,480
M4/2162B,03/04/2025 00:00:00,06:14:00,24,495,184,70,23,,,,,,,,,,,,,,,38,772
M4/2162B,03/04/2025 00:00:00,06:29:00,25,507,234,90,17,,,,,,,,,,,,,,,19,848
M4/2162B,03/04/2025 00:00:00,06:44:00,26,448,184,91,30,,,,,,,,,,,,,,,11,753
M4/2162B,03/04/2025 00:00:00,06:59:00,27,461,181,81,26,,,,,,,,,,,,,,,10,749
M4/2162B,03/04/2025 00:00:00,07:14:00,28,402,163,91,31,,,,,,,,,,,,,,,10,687
M4/2162B,03/04/2025 00:00:00,07:29:00,29,371,168,74,35,,,,,,,,,,,,,,,9,648
M4/2162B,03/04/2025 00:00:00,07:44:00,30,428,158,89,24,,,,,,,,,,,,,,,10,699
M4/2162B,03/04/2025 00:00:00,07:59:00,31,471,190,64,21,,,,,,,,,,,,,,,10,746
M4/2162B,03/04/2025 00:00:00,08:14:00,32,415,190,70,21,,,,,,,,,,,,,,,10,696
M4/2162B,03/04/2025 00:00:00,08:29:00,33,445,181,58,31,,,,,,,,,,,,,,,10,715
M4/2162B,03/04/2025 00:00:00,08:44:00,34,471,155,75,24,,,,,,,,,,,,,,,11,725
M4/2162B,03/04/2025 00:00:00,08:59:00,35,460,185,92,25,,,,,,,,,,,,,,,11,762
M4/2162B,03/04/2025 00:00:00,09:14:00,36,424,170,77,38,,,,,,,,,,,,,,,10,709
M4/2162B,03/04/2025 00:00:00,09:29:00,37,468,180,74,21,,,,,,,,,,,,,,,10,743
M4/2162B,03/04/2025 00:00:00,09:44:00,38,464,141,61,24,,,,,,,,,,,,,,,9,690
M4/2162B,03/04/2025 00:00:00,09:59:00,39,436,160,64,26,,,,,,,,,,,,,,,10,686
M4/2162B,03/04/2025 00:00:00,10:14:00,40,424,148,91,23,,,,,,,,,,,,,,,10,686
M4/2162B,03/04/2025 00:00:00,10:29:00,41,419,184,55,12,,,,,,,,,,,,,,,9,670
M4/2162B,03/04/2025 00:00:00,10:44:00,42,427,179,67,22,,,,,,,,,,,,,,,10,695
M4/2162B,03/04/2025 00:00:00,10:59:00,43,435,178,62,18,,,,,,,,,,,,,,,11,693
M4/2162B,03/04/2025 00:00:00,11:14:00,44,420,133,43,18,,,,,,,,,,,,,,,32,614
M4/2162B,03/04/2025 00:00:00,11:29:00,45,399,105,35,11,,,,,,,,,,,,,,,39,550
M4/2162B,03/04/2025 00:00:00,11:44:00,46,447,98,43,15,,,,,,,,,,,,,,,39,603
M4/2162B,03/04/2025 00:00:00,11:59:00,47,494,119,50,19,,,,,,,,,,,,,,,38,682
M4/2162B,03/04/2025 00:00:00,12:14:00,48,436,111,50,15,,,,,,,,,,,,,,,39,612
M4/2162B,03/04/2025 00:00:00,12:29:00,49,450,133,52,13,,,,,,,,,,,,,,,39,648
M4/2162B,03/04/2025 00:00:00,12:44:00,50,484,126,48,14,,,,,,,,,,,,,,,39,672
M4/2162B,03/04/2025 00:00:00,12:59:00,51,429,103,38,9,,,,,,,,,,,,,,,39,579
M4/2162B,03/04/2025 00:00:00,13:14:00,52,446,100,25,10,,,,,,,,,,,,,,,39,581
M4/2162B,03/04/2025 00:00:00,13:29:00,53,454,108,40,12,,,,,,,,,,,,,,,39,614
M4/2162B,03/04/2025 00:00:00,13:44:00,54,462,120,53,14,,,,,,,,,,,,,,,39,649
M4/2162B,03/04/2025 00:00:00,13:59:00,55,470,93,44,12,,,,,,,,,,,,,,,39,619
M4/2162B,03/04/2025 00:00:00,14:14:00,56,456,106,44,11,,,,,,,,,,,,,,,39,617
M4/2162B,03/04/2025 00:00:00,14:29:00,57,461,104,28,12,,,,,,,,,,,,,,,39,605
M4/2162B,03/04/2025 00:00:00,14:44:00,58,482,104,36,11,,,,,,,,,,,,,,,39,633
M4/2162B,03/04/2025 00:00:00,14:59:00,59,491,108,25,8,,,,,,,,,,,,,,,39,632
M4/2162B,03/04/2025 00:00:00,15:14:00,60,513,129,21,11,,,,,,,,,,,,,,,39,674
M4/2162B,03/04/2025 00:00:00,15:29:00,61,539,143,26,8,,,,,,,,,,,,,,,39,716
M4/2162B,03/04/2025 00:00:00,15:44:00,62,545,119,27,6,,,,,,,,,,,,,,,39,697
M4/2162B,03/04/2025 00:00:00,15:59:00,63,532,159,34,4,,,,,,,,,,,,,,,39,729
M4/2162B,03/04/2025 00:00:00,16:14:00,64,565,142,27,11,,,,,,,,,,,,,,,39,745
M4/2162B,03/04/2025 00:00:00,16:29:00,65,637,113,16,6,,,,,,,,,,,,,,,38,772
M4/2162B,03/04/2025 00:00:00,16:44:00,66,667,109,26,8,,,,,,,,,,,,,,,38,810
M4/2162B,03/04/2025 00:00:00,16:59:00,67,577,165,33,16,,,,,,,,,,,,,,,19,791
M4/2162B,03/04/2025 00:00:00,17:14:00,68,515,164,28,10,,,,,,,,,,,,,,,10,717
M4/2162B,03/04/2025 00:00:00,17:28:00,69,529,152,41,14,,,,,,,,,,,,,,,10,736
M4/2162B,03/04/2025 00:00:00,17:44:00,70,587,158,26,10,,,,,,,,,,,,,,,10,781
M4/2162B,03/04/2025 00:00:00,17:59:00,71,578,129,20,11,,,,,,,,,,,,,,,10,738
M4/2162B,03/04/2025 00:00:00,18:14:00,72,586,120,23,9,,,,,,,,,,,,,,,10,738
M4/2162B,03/04/2025 00:00:00,18:29:00,73,581,156,22,10,,,,,,,,,,,,,,,11,769
M4/2162B,03/04/2025 00:00:00,18:44:00,74,589,133,24,13,,,,,,,,,,,,,,,10,759
M4/2162B,03/04/2025 00:00:00,18:59:00,75,554,161,32,13,,,,,,,,,,,,,,,10,760
M4/2162B,03/04/2025 00:00:00,19:14:00,76,563,146,26,11,,,,,,,,,,,,,,,11,746
M4/2162B,03/04/2025 00:00:00,19:29:00,77,447,93,22,10,,,,,,,,,,,,,,,35,572
M4/2162B,03/04/2025 00:00:00,19:43:00,78,478,87,15,6,,,,,,,,,,,,,,,39,586
M4/2162B,03/04/2025 00:00:00,19:59:00,79,421,79,6,5,,,,,,,,,,,,,,,39,512
M4/2162B,03/04/2025 00:00:00,20:14:00,80,430,108,8,13,,,,,,,,,,,,,,,39,558
M4/2162B,03/04/2025 00:00:00,20:29:00,81,411,72,8,1,,,,,,,,,,,,,,,39,492
M4/2162B,03/04/2025 00:00:00,20:44:00,82,419,72,13,11,,,,,,,,,,,,,,,39,515
M4/2162B,03/04/2025 00:00:00,20:59:00,83,384,62,14,9,,,,,,,,,,,,,,,39,469
M4/2162B,03/04/2025 00:00:00,21:14:00,84,335,69,15,7,,,,,,,,,,,,,,,40,426
M4/2162B,03/04/2025 00:00:00,21:29:00,85,365,62,16,4,,,,,,,,,,,,,,,39,447
M4/2162B,03/04/2025 00:00:00,21:44:00,86,328,51,15,9,,,,,,,,,,,,,,,39,403
M4/2162B,03/04/2025 00:00:00,21:59:00,87,301,38,9,5,,,,,,,,,,,,,,,40,353
M4/2162B,03/04/2025 00:00:00,22:14:00,88,293,39,4,9,,,,,,,,,,,,,,,40,345
M4/2162B,03/04/2025 00:00:00,22:29:00,89,312,60,4,5,,,,,,,,,,,,,,,40,381
M4/2162B,03/04/2025 00:00:00,22:44:00,90,263,27,3,2,,,,,,,,,,,,,,,41,295
M4/2162B,03/04/2025 00:00:00,22:59:00,91,244,41,8,6,,,,,,,,,,,,,,,40,299
M4/2162B,03/04/2025 00:00:00,23:14:00,92,222,29,9,4,,,,,,,,,,,,,,,41,264
M4/2162B,03/04/2025 00:00:00,23:29:00,93,200,20,7,3,,,,,,,,,,,,,,,41,230
M4/2162B,03/04/2025 00:00:00,23:44:00,94,139,29,5,8,,,,,,,,,,,,,,,40,181
M4/2162B,03/04/2025 00:00:00,23:59:00,95,109,27,7,8,,,,,,,,,,,,,,,41,151
M4/2162B,04/04/2025 00:00:00,00:14:00,0,89,8,10,6,,,,,,,,,,,,,,,41,113
M4/2162B,04/04/2025 00:00:00,00:29:00,1,99,12,11,7,,,,,,,,,,,,,,,40,129
M4/2162B,04/04/2025 00:00:00,00:44:00,2,75,13,5,4,,,,,,,,,,,,,,,40,97
M4/2162B,04/04/2025 00:00:00,00:59:00,3,82,14,9,4,,,,,,,,,,,,,,,41,109
M4/2162B,04/04/2025 00:00:00,01:14:00,4,62,10,7,6,,,,,,,,,,,,,,,41,85
M4/2162B,04/04/2025 00:00:00,01:29:00,5,54,9,9,4,,,,,,,,,,,,,,,42,76
M4/2162B,04/04/2025 00:00:00,01:44:00,6,61,9,11,8,,,,,,,,,,,,,,,41,89
M4/2162B,04/04/2025 00:00:00,01:59:00,7,36,4,6,4,,,,,,,,,,,,,,,40,50
M4/2162B,04/04/2025 00:00:00,02:14:00,8,41,4,14,7,,,,,,,,,,,,,,,40,66
M4/2162B,04/04/2025 00:00:00,02:29:00,9,26,8,5,7,,,,,,,,,,,,,,,41,46
M4/2162B,04/04/2025 00:00:00,02:44:00,10,46,8,9,6,,,,,,,,,,,,,,,40,69
M4/2162B,04/04/2025 00:00:00,02:59:00,11,37,10,10,6,,,,,,,,,,,,,,,40,63
M4/2162B,04/04/2025 00:00:00,03:14:00,12,37,11,14,7,,,,,,,,,,,,,,,40,69
M4/2162B,04/04/2025 00:00:00,03:29:00,13,40,8,10,2,,,,,,,,,,,,,,,40,60
M4/2162B,04/04/2025 00:00:00,03:44:00,14,58,11,13,8,,,,,,,,,,,,,,,41,90
M4/2162B,04/04/2025 00:00:00,03:59:00,15,72,17,14,6,,,,,,,,,,,,,,,40,109
M4/2162B,04/04/2025 00:00:00,04:14:00,16,62,11,12,6,,,,,,,,,,,,,,,39,91
M4/2162B,04/04/2025 00:00:00,04:29:00,17,89,33,22,15,,,,,,,,,,,,,,,40,159
M4/2162B,04/04/2025 00:00:00,04:44:00,18,117,15,21,7,,,,,,,,,,,,,,,39,160
M4/2162B,04/04/2025 00:00:00,04:59:00,19,121,30,23,9,,,,,,,,,,,,,,,39,183
M4/2162B,04/04/2025 00:00:00,05:14:00,20,155,41,24,11,,,,,,,,,,,,,,,39,231
M4/2162B,04/04/2025 00:00:00,05:29:00,21,198,47,43,12,,,,,,,,,,,,,,,40,300
M4/2162B,04/04/2025 00:00:00,05:44:00,22,215,53,45,13,,,,,,,,,,,,,,,40,326
M4/2162B,04/04/2025 00:00:00,05:59:00,23,289,85,61,21,,,,,,,,,,,,,,,39,456
M4/2162B,04/04/2025 00:00:00,06:14:00,24,444,133,68,21,,,,,,,,,,,,,,,39,666
M4/2162B,04/04/2025 00:00:00,06:29:00,25,475,210,104,36,,,,,,,,,,,,,,,30,825
M4/2162B,04/04/2025 00:00:00,06:44:00,26,423,225,81,30,,,,,,,,,,,,,,,11,759
M4/2162B,04/04/2025 00:00:00,06:59:00,27,442,186,120,25,,,,,,,,,,,,,,,11,773
M4/2162B,04/04/2025 00:00:00,07:14:00,28,434,216,78,26,,,,,,,,,,,,,,,11,754
M4/2162B,04/04/2025 00:00:00,07:29:00,29,440,188,80,39,,,,,,,,,,,,,,,11,747
M4/2162B,04/04/2025 00:00:00,07:44:00,30,427,192,91,27,,,,,,,,,,,,,,,10,737
M4/2162B,04/04/2025 00:00:00,07:59:00,31,398,184,92,24,,,,,,,,,,,,,,,10,698
M4/2162B,04/04/2025 00:00:00,08:14:00,32,450,198,86,19,,,,,,,,,,,,,,,10,753
M4/2162B,04/04/2025 00:00:00,08:29:00,33,450,165,87,26,,,,,,,,,,,,,,,11,728
M4/2162B,04/04/2025 00:00:00,08:44:00,34,428,200,63,23,,,,,,,,,,,,,,,10,714
M4/2162B,04/04/2025 00:00:00,08:59:00,35,420,178,86,23,,,,,,,,,,,,,,,10,707
M4/2162B,04/04/2025 00:00:00,09:14:00,36,450,187,68,26,,,,,,,,,,,,,,,10,731
M4/2162B,04/04/2025 00:00:00,09:29:00,37,444,170,73,24,,,,,,,,,,,,,,,10,711
M4/2162B,04/04/2025 00:00:00,09:44:00,38,395,183,73,25,,,,,,,,,,,,,,,9,676
M4/2162B,04/04/2025 00:00:00,09:59:00,39,403,178,73,28,,,,,,,,,,,,,,,10,682
M4/2162B,04/04/2025 00:00:00,10:14:00,40,437,186,59,18,,,,,,,,,,,,,,,11,700
M4/2162B,04/04/2025 00:00:00,10:29:00,41,427,187,58,21,,,,,,,,,,,,,,,10,693
M4/2162B,04/04/2025 00:00:00,10:44:00,42,451,164,52,17,,,,,,,,,,,,,,,11,684
M4/2162B,04/04/2025 00:00:00,10:59:00,43,430,127,51,13,,,,,,,,,,,,,,,31,621
M4/2162B,04/04/2025 00:00:00,11:14:00,44,424,103,33,11,,,,,,,,,,,,,,,38,571
M4/2162B,04/04/2025 00:00:00,11:29:00,45,477,121,43,17,,,,,,,,,,,,,,,38,658
M4/2162B,04/04/2025 00:00:00,11:44:00,46,433,108,46,17,,,,,,,,,,,,,,,39,604
M4/2162B,04/04/2025 00:00:00,11:59:00,47,461,102,40,7,,,,,,,,,,,,,,,39,610
M4/2162B,04/04/2025 00:00:00,12:14:00,48,453,105,38,13,,,,,,,,,,,,,,,39,609
M4/2162B,04/04/2025 00:00:00,12:29:00,49,465,117,39,12,,,,,,,,,,,,,,,39,633
M4/2162B,04/04/2025 00:00:00,12:44:00,50,423,102,30,10,,,,,,,,,,,,,,,40,565
M4/2162B,04/04/2025 00:00:00,12:59:00,51,421,118,25,11,,,,,,,,,,,,,,,39,575
M4/2162B,04/04/2025 00:00:00,13:14:00,52,462,111,34,11,,,,,,,,,,,,,,,39,618
M4/2162B,04/04/2025 00:00:00,13:29:00,53,509,111,34,16,,,,,,,,,,,,,,,39,670
M4/2162B,04/04/2025 00:00:00,13:44:00,54,464,80,39,11,,,,,,,,,,,,,,,39,594
M4/2162B,04/04/2025 00:00:00,13:59:00,55,513,143,45,13,,,,,,,,,,,,,,,38,714
M4/2162B,04/04/2025 00:00:00,14:14:00,56,461,91,19,7,,,,,,,,,,,,,,,39,578
M4/2162B,04/04/2025 00:00:00,14:29:00,57,507,99,28,7,,,,,,,,,,,,,,,39,641
M4/2162B,04/04/2025 00:00:00,14:44:00,58,522,110,29,12,,,,,,,,,,,,,,,39,673
M4/2162B,04/04/2025 00:00:00,14:59:00,59,554,107,22,8,,,,,,,,,,,,,,,39,691
M4/2162B,04/04/2025 00:00:00,15:14:00,60,549,108,17,13,,,,,,,,,,,,,,,39,687
M4/2162B,04/04/2025 00:00:00,15:29:00,61,595,152,23,7,,,,,,,,,,,,,,,38,777
M4/2162B,04/04/2025 00:00:00,15:44:00,62,585,122,33,12,,,,,,,,,,,,,,,38,752
M4/2162B,04/04/2025 00:00:00,15:59:00,63,507,178,40,9,,,,,,,,,,,,,,,17,734
M4/2162B,04/04/2025 00:00:00,16:14:00,64,520,149,33,26,,,,,,,,,,,,,,,10,727
M4/2162B,04/04/2025 00:00:00,16:29:00,65,516,160,28,14,,,,,,,,,,,,,,,9,718
M4/2162B,04/04/2025 00:00:00,16:44:00,66,545,160,29,14,,,,,,,,,,,,,,,10,748
M4/2162B,04/04/2025 00:00:00,16:59:00,67,517,157,34,14,,,,,,,,,,,,,,,10,722
M4/2162B,04/04/2025 00:00:00,17:14:00,68,538,162,33,13,,,,,,,,,,,,,,,10,746
M4/2162B,04/04/2025 00:00:00,17:29:00,69,536,165,36,15,,,,,,,,,,,,,,,10,752
M4/2162B,04/04/2025 00:00:00,17:44:00,70,603,152,28,9,,,,,,,,,,,,,,,11,792
M4/2162B,04/04/2025 00:00:00,17:59:00,71,557,83,14,6,,,,,,,,,,,,,,,30,660
M4/2162B,04/04/2025 00:00:00,18:14:00,72,644,88,15,9,,,,,,,,,,,,,,,39,755
M4/2162B,04/04/2025 00:00:00,18:29:00,73,567,84,14,8,,,,,,,,,,,,,,,39,673
M4/2162B,04/04/2025 00:00:00,18:44:00,74,650,83,9,6,,,,,,,,,,,,,,,39,748
M4/2162B,04/04/2025 00:00:00,18:59:00,75,628,112,27,12,,,,,,,,,,,,,,,32,779
M4/2162B,04/04/2025 00:00:00,19:14:00,76,568,80,11,15,,,,,,,,,,,,,,,38,674
M4/2162B,04/04/2025 00:00:00,19:29:00,77,578,83,14,10,,,,,,,,,,,,,,,39,685
M4/2162B,04/04/2025 00:00:00,19:44:00,78,560,94,14,13,,,,,,,,,,,,,,,39,681
M4/2162B,04/04/2025 00:00:00,19:59:00,79,500,77,17,7,,,,,,,,,,,,,,,39,601
M4/2162B,04/04/2025 00:00:00,20:14:00,80,450,80,9,7,,,,,,,,,,,,,,,38,546
M4/2162B,04/04/2025 00:00:00,20:29:00,81,444,76,22,8,,,,,,,,,,,,,,,39,550
M4/2162B,04/04/2025 00:00:00,20:44:00,82,442,68,21,6,,,,,,,,,,,,,,,39,537
M4/2162B,04/04/2025 00:00:00,20:59:00,83,417,58,11,11,,,,,,,,,,,,,,,39,497
M4/2162B,04/04/2025 00:00:00,21:14:00,84,361,43,13,13,,,,,,,,,,,,,,,39,430
M4/2162B,04/04/2025 00:00:00,21:29:00,85,344,53,10,4,,,,,,,,,,,,,,,39,411
M4/2162B,04/04/2025 00:00:00,21:44:00,86,336,62,13,8,,,,,,,,,,,,,,,40,419
M4/2162B,04/04/2025 00:00:00,21:59:00,87,328,40,9,9,,,,,,,,,,,,,,,39,386
M4/2162B,04/04/2025 00:00:00,22:14:00,88,331,39,5,10,,,,,,,,,,,,,,,40,385
M4/2162B,04/04/2025 00:00:00,22:29:00,89,321,49,6,6,,,,,,,,,,,,,,,40,382
M4/2162B,04/04/2025 00:00:00,22:44:00,90,294,31,6,2,,,,,,,,,,,,,,,40,333
M4/2162B,04/04/2025 00:00:00,22:59:00,91,226,34,5,3,,,,,,,,,,,,,,,41,268
M4/2162B,04/04/2025 00:00:00,23:14:00,92,184,25,11,7,,,,,,,,,,,,,,,40,227
M4/2162B,04/04/2025 00:00:00,23:29:00,93,198,21,6,7,,,,,,,,,,,,,,,40,232
M4/2162B,04/04/2025 00:00:00,23:44:00,94,157,26,9,5,,,,,,,,,,,,,,,41,197
M4/2162B,04/04/2025 00:00:00,23:59:00,95,139,12,5,4,,,,,,,,,,,,,,,41,160
M4/2162B,05/04/2025 00:00:00,00:14:00,0,119,12,8,3,,,,,,,,,,,,,,,40,142
M4/2162B,05/04/2025 00:00:00,00:29:00,1,104,16,6,5,,,,,,,,,,,,,,,40,131
M4/2162B,05/04/2025 00:00:00,00:44:00,2,90,5,8,1,,,,,,,,,,,,,,,41,104
M4/2162B,05/04/2025 00:00:00,00:59:00,3,73,5,1,1,,,,,,,,,,,,,,,40,80
M4/2162B,05/04/2025 00:00:00,01:14:00,4,64,7,6,3,,,,,,,,,,,,,,,41,80
M4/2162B,05/04/2025 00:00:00,01:29:00,5,75,7,5,5,,,,,,,,,,,,,,,40,92
M4/2162B,05/04/2025 00:00:00,01:44:00,6,73,5,7,4,,,,,,,,,,,,,,,40,89
M4/2162B,05/04/2025 00:00:00,01:59:00,7,54,8,3,4,,,,,,,,,,,,,,,40,69
M4/2162B,05/04/2025 00:00:00,02:14:00,8,50,8,4,5,,,,,,,,,,,,,,,39,67
M4/2162B,05/04/2025 00:00:00,02:29:00,9,46,6,7,6,,,,,,,,,,,,,,,40,65
M4/2162B,05/04/2025 00:00:00,02:44:00,10,48,13,11,0,,,,,,,,,,,,,,,39,72
M4/2162B,05/04/2025 00:00:00,02:59:00,11,42,6,6,4,,,,,,,,,,,,,,,40,58
M4/2162B,05/04/2025 00:00:00,03:14:00,12,47,11,8,5,,,,,,,,,,,,,,,40,71
M4/2162B,05/04/2025 00:00:00,03:29:00,13,68,8,11,3,,,,,,,,,,,,,,,41,90
M4/2162B,05/04/2025 00:00:00,03:44:00,14,52,5,10,4,,,,,,,,,,,,,,,40,71
M4/2162B,05/04/2025 00:00:00,03:59:00,15,52,16,8,5,,,,,,,,,,,,,,,41,81
M4/2162B,05/04/2025 00:00:00,04:14:00,16,67,19,5,3,,,,,,,,,,,,,,,40,94
M4/2162B,05/04/2025 00:00:00,04:29:00,17,94,17,7,6,,,,,,,,,,,,,,,39,124
M4/2162B,05/04/2025 00:00:00,04:44:00,18,98,17,7,9,,,,,,,,,,,,,,,40,131
M4/2162B,05/04/2025 00:00:00,04:59:00,19,104,26,13,10,,,,,,,,,,,,,,,39,153
M4/2162B,05/04/2025 00:00:00,05:14:00,20,119,30,19,8,,,,,,,,,,,,,,,40,176
M4/2162B,05/04/2025 00:00:00,05:29:00,21,131,19,15,10,,,,,,,,,,,,,,,39,175
M4/2162B,05/04/2025 00:00:00,05:44:00,22,149,36,27,8,,,,,,,,,,,,,,,39,220
M4/2162B,05/04/2025 00:00:00,05:59:00,23,169,36,21,16,,,,,,,,,,,,,,,40,242
M4/2162B,05/04/2025 00:00:00,06:14:00,24,215,72,17,11,,,,,,,,,,,,,,,39,315
M4/2162B,05/04/2025 00:00:00,06:29:00,25,232,71,28,6,,,,,,,,,,,,,,,39,337
M4/2162B,05/04/2025 00:00:00,06:44:00,26,251,90,25,14,,,,,,,,,,,,,,,40,380
M4/2162B,05/04/2025 00:00:00,06:59:00,27,337,110,35,16,,,,,,,,,,,,,,,40,498
M4/2162B,05/04/2025 00:00:00,07:14:00,28,335,136,57,15,,,,,,,,,,,,,,,39,543
M4/2162B,05/04/2025 00:00:00,07:29:00,29,362,149,48,15,,,,,,,,,,,,,,,39,574
M4/2162B,05/04/2025 00:00:00,07:44:00,30,423,152,45,18,,,,,,,,,,,,,,,38,638
M4/2162B,05/04/2025 00:00:00,07:59:00,31,377,141,46,16,,,,,,,,,,,,,,,39,580
M4/2162B,05/04/2025 00:00:00,08:14:00,32,344,112,23,12,,,,,,,,,,,,,,,39,491
M4/2162B,05/04/2025 00:00:00,08:29:00,33,466,111,25,6,,,,,,,,,,,,,,,39,608
M4/2162B,05/04/2025 00:00:00,08:44:00,34,511,123,37,12,,,,,,,,,,,,,,,38,683
M4/2162B,05/04/2025 00:00:00,08:59:00,35,478,128,29,11,,,,,,,,,,,,,,,38,646
M4/2162B,05/04/2025 00:00:00,09:14:00,36,459,110,19,12,,,,,,,,,,,,,,,39,600
M4/2162B,05/04/2025 00:00:00,09:29:00,37,585,115,20,9,,,,,,,,,,,,,,,38,729
M4/2162B,05/04/2025 00:00:00,09:44:00,38,598,93,24,14,,,,,,,,,,,,,,,38,729
M4/2162B,05/04/2025 00:00:00,09:59:00,39,571,104,23,12,,,,,,,,,,,,,,,38,710
M4/2162B,05/04/2025 00:00:00,10:14:00,40,571,99,23,11,,,,,,,,,,,,,,,38,704
M4/2162B,05/04/2025 00:00:00,10:29:00,41,591,108,22,14,,,,,,,,,,,,,,,38,735
M4/2162B,05/04/2025 00:00:00,10:44:00,42,617,101,12,11,,,,,,,,,,,,,,,38,741
M4/2162B,05/04/2025 00:00:00,10:59:00,43,629,114,18,7,,,,,,,,,,,,,,,38,768
M4/2162B,05/04/2025 00:00:00,11:14:00,44,616,133,19,16,,,,,,,,,,,,,,,27,784
M4/2162B,05/04/2025 00:00:00,11:29:00,45,486,177,42,15,,,,,,,,,,,,,,,11,720
M4/2162B,05/04/2025 00:00:00,11:44:00,46,523,157,30,20,,,,,,,,,,,,,,,10,730
M4/2162B,05/04/2025 00:00:00,11:59:00,47,517,175,43,10,,,,,,,,,,,,,,,10,745
M4/2162B,05/04/2025 00:00:00,12:14:00,48,604,131,22,17,,,,,,,,,,,,,,,10,774
M4/2162B,05/04/2025 00:00:00,12:29:00,49,557,152,33,10,,,,,,,,,,,,,,,10,752
M4/2162B,05/04/2025 00:00:00,12:44:00,50,545,161,23,14,,,,,,,,,,,,,,,10,743
M4/2162B,05/04/2025 00:00:00,12:59:00,51,590,135,23,18,,,,,,,,,,,,,,,10,766
M4/2162B,05/04/2025 00:00:00,13:14:00,52,555,138,30,21,,,,,,,,,,,,,,,10,744
M4/2162B,05/04/2025 00:00:00,13:29:00,53,557,159,29,13,,,,,,,,,,,,,,,10,758
M4/2162B,05/04/2025 00:00:00,13:44:00,54,540,151,40,14,,,,,,,,,,,,,,,10,745
M4/2162B,05/04/2025 00:00:00,13:59:00,55,562,158,31,13,,,,,,,,,,,,,,,10,764
M4/2162B,05/04/2025 00:00:00,14:14:00,56,576,156,16,11,,,,,,,,,,,,,,,10,759
M4/2162B,05/04/2025 00:00:00,14:29:00,57,567,161,19,16,,,,,,,,,,,,,,,11,763
M4/2162B,05/04/2025 00:00:00,14:44:00,58,568,139,27,13,,,,,,,,,,,,,,,10,747
M4/2162B,05/04/2025 00:00:00,14:59:00,59,527,166,24,15,,,,,,,,,,,,,,,10,732
M4/2162B,05/04/2025 00:00:00,15:14:00,60,549,147,23,13,,,,,,,,,,,,,,,10,732
M4/2162B,05/04/2025 00:00:00,15:29:00,61,509,165,22,16,,,,,,,,,,,,,,,14,712
M4/2162B,05/04/2025 00:00:00,15:44:00,62,472,223,28,11,,,,,,,,,,,,,,,18,734
M4/2162B,05/04/2025 00:00:00,15:59:00,63,457,198,29,17,,,,,,,,,,,,,,,14,701
M4/2162B,05/04/2025 00:00:00,16:14:00,64,599,98,7,7,,,,,,,,,,,,,,,37,711
M4/2162B,05/04/2025 00:00:00,16:29:00,65,607,85,4,7,,,,,,,,,,,,,,,39,703
M4/2162B,05/04/2025 00:00:00,16:44:00,66,662,94,17,10,,,,,,,,,,,,,,,37,783
M4/2162B,05/04/2025 00:00:00,16:59:00,67,619,90,13,9,,,,,,,,,,,,,,,38,731
M4/2162B,05/04/2025 00:00:00,17:14:00,68,602,94,8,9,,,,,,,,,,,,,,,39,713
M4/2162B,05/04/2025 00:00:00,17:29:00,69,658,105,16,11,,,,,,,,,,,,,,,39,790
M4/2162B,05/04/2025 00:00:00,17:44:00,70,654,123,10,13,,,,,,,,,,,,,,,34,800
M4/2162B,05/04/2025 00:00:00,17:59:00,71,577,158,15,13,,,,,,,,,,,,,,,18,763
M4/2162B,05/04/2025 00:00:00,18:14:00,72,513,145,35,16,,,,,,,,,,,,,,,11,709
M4/2162B,05/04/2025 00:00:00,18:29:00,73,537,87,15,9,,,,,,,,,,,,,,,31,648
M4/2162B,05/04/2025 00:00:00,18:44:00,74,441,64,4,7,,,,,,,,,,,,,,,39,516
M4/2162B,05/04/2025 00:00:00,18:59:00,75,477,75,5,5,,,,,,,,,,,,,,,39,562
M4/2162B,05/04/2025 00:00:00,19:14:00,76,657,72,14,8,,,,,,,,,,,,,,,39,751
M4/2162B,05/04/2025 00:00:00,19:29:00,77,607,60,5,10,,,,,,,,,,,,,,,39,682
M4/2162B,05/04/2025 00:00:00,19:44:00,78,497,61,6,11,,,,,,,,,,,,,,,39,575
M4/2162B,05/04/2025 00:00:00,19:59:00,79,460,71,13,3,,,,,,,,,,,,,,,39,547
M4/2162B,05/04/2025 00:00:00,20:14:00,80,426,74,5,5,,,,,,,,,,,,,,,39,510
M4/2162B,05/04/2025 00:00:00,20:29:00,81,381,55,9,10,,,,,,,,,,,,,,,39,455
M4/2162B,05/04/2025 00:00:00,20:44:00,82,408,54,9,3,,,,,,,,,,,,,,,39,474
M4/2162B,05/04/2025 00:00:00,20:59:00,83,415,72,8,3,,,,,,,,,,,,,,,39,498
M4/2162B,05/04/2025 00:00:00,21:14:00,84,491,65,5,7,,,,,,,,,,,,,,,39,568
M4/2162B,05/04/2025 00:00:00,21:29:00,85,368,61,8,7,,,,,,,,,,,,,,,39,444
M4/2162B,05/04/2025 00:00:00,21:44:00,86,376,57,2,6,,,,,,,,,,,,,,,39,441
M4/2162B,05/04/2025 00:00:00,21:59:00,87,309,33,9,7,,,,,,,,,,,,,,,40,358
M4/2162B,05/04/2025 00:00:00,22:14:00,88,384,34,4,9,,,,,,,,,,,,,,,40,431
M4/2162B,05/04/2025 00:00:00,22:29:00,89,314,40,1,3,,,,,,,,,,,,,,,40,358
M4/2162B,05/04/2025 00:00:00,22:44:00,90,312,37,8,4,,,,,,,,,,,,,,,39,361
M4/2162B,05/04/2025 00:00:00,22:59:00,91,245,32,6,5,,,,,,,,,,,,,,,40,288
M4/2162B,05/04/2025 00:00:00,23:14:00,92,271,26,6,1,,,,,,,,,,,,,,,40,304
M4/2162B,05/04/2025 00:00:00,23:29:00,93,242,36,4,6,,,,,,,,,,,,,,,40,288
M4/2162B,05/04/2025 00:00:00,23:44:00,94,233,30,2,2,,,,,,,,,,,,,,,39,267
M4/2162B,05/04/2025 00:00:00,23:59:00,95,175,26,1,2,,,,,,,,,,,,,,,40,204
M4/2162B,06/04/2025 00:00:00,00:14:00,0,121,17,5,3,,,,,,,,,,,,,,,41,146
M4/2162B,06/04/2025 00:00:00,00:29:00,1,152,12,6,3,,,,,,,,,,,,,,,40,173
M4/2162B,06/04/2025 00:00:00,00:44:00,2,128,12,1,1,,,,,,,,,,,,,,,40,142
M4/2162B,06/04/2025 00:00:00,00:59:00,3,112,8,4,1,,,,,,,,,,,,,,,41,125
M4/2162B,06/04/2025 00:00:00,01:14:00,4,90,6,3,3,,,,,,,,,,,,,,,40,102
M4/2162B,06/04/2025 00:00:00,01:29:00,5,75,6,4,0,,,,,,,,,,,,,,,40,85
M4/2162B,06/04/2025 00:00:00,01:44:00,6,84,8,3,2,,,,,,,,,,,,,,,40,97
M4/2162B,06/04/2025 00:00:00,01:59:00,7,83,4,5,3,,,,,,,,,,,,,,,41,95
M4/2162B,06/04/2025 00:00:00,02:14:00,8,43,5,6,4,,,,,,,,,,,,,,,41,58
M4/2162B,06/04/2025 00:00:00,02:29:00,9,59,6,3,2,,,,,,,,,,,,,,,40,70
M4/2162B,06/04/2025 00:00:00,02:44:00,10,55,4,3,2,,,,,,,,,,,,,,,40,64
M4/2162B,06/04/2025 00:00:00,02:59:00,11,44,2,1,1,,,,,,,,,,,,,,,42,48
M4/2162B,06/04/2025 00:00:00,03:14:00,12,47,7,1,6,,,,,,,,,,,,,,,40,61
M4/2162B,06/04/2025 00:00:00,03:29:00,13,63,5,4,1,,,,,,,,,,,,,,,39,73
M4/2162B,06/04/2025 00:00:00,03:44:00,14,42,6,3,7,,,,,,,,,,,,,,,40,58
M4/2162B,06/04/2025 00:00:00,03:59:00,15,61,7,3,2,,,,,,,,,,,,,,,40,73
M4/2162B,06/04/2025 00:00:00,04:14:00,16,71,7,2,8,,,,,,,,,,,,,,,39,88
M4/2162B,06/04/2025 00:00:00,04:29:00,17,73,17,5,2,,,,,,,,,,,,,,,41,97
M4/2162B,06/04/2025 00:00:00,04:44:00,18,96,17,4,2,,,,,,,,,,,,,,,40,119
M4/2162B,06/04/2025 00:00:00,04:59:00,19,117,28,7,7,,,,,,,,,,,,,,,40,159
M4/2162B,06/04/2025 00:00:00,05:14:00,20,110,14,12,6,,,,,,,,,,,,,,,40,142
M4/2162B,06/04/2025 00:00:00,05:29:00,21,141,28,8,5,,,,,,,,,,,,,,,40,182
M4/2162B,06/04/2025 00:00:00,05:44:00,22,127,33,16,14,,,,,,,,,,,,,,,40,190
M4/2162B,06/04/2025 00:00:00,05:59:00,23,182,39,10,10,,,,,,,,,,,,,,,40,241
M4/2162B,06/04/2025 00:00:00,06:14:00,24,181,41,10,6,,,,,,,,,,,,,,,39,238
M4/2162B,06/04/2025 00:00:00,06:29:00,25,231,55,13,6,,,,,,,,,,,,,,,39,305
M4/2162B,06/04/2025 00:00:00,06:44:00,26,261,58,10,8,,,,,,,,,,,,,,,40,337
M4/2162B,06/04/2025 00:00:00,06:59:00,27,265,67,19,12,,,,,,,,,,,,,,,40,363
M4/2162B,06/04/2025 00:00:00,07:14:00,28,299,95,11,8,,,,,,,,,,,,,,,39,413
M4/2162B,06/04/2025 00:00:00,07:29:00,29,369,88,18,10,,,,,,,,,,,,,,,40,485
M4/2162B,06/04/2025 00:00:00,07:44:00,30,417,121,14,12,,,,,,,,,,,,,,,39,564
M4/2162B,06/04/2025 00:00:00,07:59:00,31,396,97,23,8,,,,,,,,,,,,,,,39,524
M4/2162B,06/04/2025 00:00:00,08:14:00,32,410,109,16,11,,,,,,,,,,,,,,,39,546
M4/2162B,06/04/2025 00:00:00,08:29:00,33,397,96,13,5,,,,,,,,,,,,,,,39,511
M4/2162B,06/04/2025 00:00:00,08:44:00,34,471,94,6,9,,,,,,,,,,,,,,,38,580
M4/2162B,06/04/2025 00:00:00,08:59:00,35,449,95,6,12,,,,,,,,,,,,,,,39,562
M4/2162B,06/04/2025 00:00:00,09:14:00,36,476,97,10,5,,,,,,,,,,,,,,,39,588
M4/2162B,06/04/2025 00:00:00,09:29:00,37,522,103,9,5,,,,,,,,,,,,,,,38,639
M4/2162B,06/04/2025 00:00:00,09:44:00,38,580,80,13,12,,,,,,,,,,,,,,,38,685
M4/2162B,06/04/2025 00:00:00,09:59:00,39,576,105,13,8,,,,,,,,,,,,,,,39,702
M4/2162B,06/04/2025 00:00:00,10:14:00,40,564,116,10,13,,,,,,,,,,,,,,,38,703
M4/2162B,06/04/2025 00:00:00,10:29:00,41,640,109,6,11,,,,,,,,,,,,,,,37,766
M4/2162B,06/04/2025 00:00:00,10:44:00,42,626,135,15,11,,,,,,,,,,,,,,,21,787
M4/2162B,06/04/2025 00:00:00,10:59:00,43,532,134,26,17,,,,,,,,,,,,,,,10,709
M4/2162B,06/04/2025 00:00:00,11:14:00,44,577,129,19,16,,,,,,,,,,,,,,,10,741
M4/2162B,06/04/2025 00:00:00,11:29:00,45,558,174,30,14,,,,,,,,,,,,,,,10,776
M4/2162B,06/04/2025 00:00:00,11:44:00,46,606,128,26,13,,,,,,,,,,,,,,,10,773
M4/2162B,06/04/2025 00:00:00,11:59:00,47,592,135,25,16,,,,,,,,,,,,,,,10,768
M4/2162B,06/04/2025 00:00:00,12:14:00,48,585,134,27,6,,,,,,,,,,,,,,,10,752
M4/2162B,06/04/2025 00:00:00,12:29:00,49,595,142,26,7,,,,,,,,,,,,,,,10,770
M4/2162B,06/04/2025 00:00:00,12:44:00,50,580,130,35,16,,,,,,,,,,,,,,,10,761
M4/2162B,06/04/2025 00:00:00,12:59:00,51,594,144,24,14,,,,,,,,,,,,,,,10,776
M4/2162B,06/04/2025 00:00:00,13:14:00,52,579,143,23,12,,,,,,,,,,,,,,,10,757
M4/2162B,06/04/2025 00:00:00,13:29:00,53,565,158,35,16,,,,,,,,,,,,,,,10,774
M4/2162B,06/04/2025 00:00:00,13:44:00,54,556,135,28,15,,,,,,,,,,,,,,,9,734
M4/2162B,06/04/2025 00:00:00,13:59:00,55,569,150,12,21,,,,,,,,,,,,,,,10,752
M4/2162B,06/04/2025 00:00:00,14:14:00,56,570,140,28,14,,,,,,,,,,,,,,,10,752
M4/2162B,06/04/2025 00:00:00,14:29:00,57,536,133,31,9,,,,,,,,,,,,,,,10,709
M4/2162B,06/04/2025 00:00:00,14:44:00,58,517,106,21,9,,,,,,,,,,,,,,,25,653
M4/2162B,06/04/2025 00:00:00,14:59:00,59,597,96,10,7,,,,,,,,,,,,,,,38,710
M4/2162B,06/04/2025 00:00:00,15:14:00,60,637,90,7,10,,,,,,,,,,,,,,,39,744
M4/2162B,06/04/2025 00:00:00,15:29:00,61,656,113,9,8,,,,,,,,,,,,,,,38,786
M4/2162B,06/04/2025 00:00:00,15:44:00,62,635,105,11,9,,,,,,,,,,,,,,,37,760
M4/2162B,06/04/2025 00:00:00,15:59:00,63,631,121,24,10,,,,,,,,,,,,,,,13,786
M4/2162B,06/04/2025 00:00:00,16:14:00,64,504,142,29,19,,,,,,,,,,,,,,,9,694
M4/2162B,06/04/2025 00:00:00,16:29:00,65,470,122,28,20,,,,,,,,,,,,,,,8,640
M4/2162B,06/04/2025 00:00:00,16:44:00,66,446,132,20,29,,,,,,,,,,,,,,,9,627
M4/2162B,06/04/2025 00:00:00,16:59:00,67,485,196,24,14,,,,,,,,,,,,,,,10,719
M4/2162B,06/04/2025 00:00:00,17:14:00,68,506,158,26,17,,,,,,,,,,,,,,,14,707
M4/2162B,06/04/2025 00:00:00,17:29:00,69,528,164,19,11,,,,,,,,,,,,,,,27,722
M4/2162B,06/04/2025 00:00:00,17:44:00,70,625,120,20,9,,,,,,,,,,,,,,,21,774
M4/2162B,06/04/2025 00:00:00,17:59:00,71,501,160,32,15,,,,,,,,,,,,,,,9,708
M4/2162B,06/04/2025 00:00:00,18:14:00,72,560,123,26,10,,,,,,,,,,,,,,,9,719
M4/2162B,06/04/2025 00:00:00,18:29:00,73,499,106,5,1,,,,,,,,,,,,,,,18,611
M4/2162B,06/04/2025 00:00:00,18:44:00,74,380,50,3,7,,,,,,,,,,,,,,,39,440
M4/2162B,06/04/2025 00:00:00,18:59:00,75,437,50,4,5,,,,,,,,,,,,,,,39,496
M4/2162B,06/04/2025 00:00:00,19:14:00,76,628,70,6,4,,,,,,,,,,,,,,,38,708
M4/2162B,06/04/2025 00:00:00,19:29:00,77,637,104,20,18,,,,,,,,,,,,,,,15,779
M4/2162B,06/04/2025 00:00:00,19:44:00,78,520,119,22,17,,,,,,,,,,,,,,,9,678
M4/2162B,06/04/2025 00:00:00,19:59:00,79,472,158,28,8,,,,,,,,,,,,,,,10,666
M4/2162B,06/04/2025 00:00:00,20:14:00,80,485,70,6,7,,,,,,,,,,,,,,,37,568
M4/2162B,06/04/2025 00:00:00,20:29:00,81,552,74,7,3,,,,,,,,,,,,,,,38,636
M4/2162B,06/04/2025 00:00:00,20:44:00,82,528,65,8,7,,,,,,,,,,,,,,,39,608
M4/2162B,06/04/2025 00:00:00,20:59:00,83,520,89,10,7,,,,,,,,,,,,,,,38,626
M4/2162B,06/04/2025 00:00:00,21:14:00,84,499,86,10,8,,,,,,,,,,,,,,,39,603
M4/2162B,06/04/2025 00:00:00,21:29:00,85,459,67,17,4,,,,,,,,,,,,,,,39,547
M4/2162B,06/04/2025 00:00:00,21:44:00,86,410,45,13,7,,,,,,,,,,,,,,,39,475
M4/2162B,06/04/2025 00:00:00,21:59:00,87,387,53,7,5,,,,,,,,,,,,,,,40,452
M4/2162B,06/04/2025 00:00:00,22:14:00,88,354,42,8,6,,,,,,,,,,,,,,,40,410
M4/2162B,06/04/2025 00:00:00,22:29:00,89,320,50,2,3,,,,,,,,,,,,,,,40,375
M4/2162B,06/04/2025 00:00:00,22:44:00,90,311,39,3,5,,,,,,,,,,,,,,,40,358
M4/2162B,06/04/2025 00:00:00,22:59:00,91,310,56,12,8,,,,,,,,,,,,,,,40,386
M4/2162B,06/04/2025 00:00:00,23:14:00,92,271,53,8,7,,,,,,,,,,,,,,,39,339
M4/2162B,06/04/2025 00:00:00,23:29:00,93,306,49,8,7,,,,,,,,,,,,,,,39,370
M4/2162B,06/04/2025 00:00:00,23:44:00,94,212,34,8,3,,,,,,,,,,,,,,,40,257
M4/2162B,06/04/2025 00:00:00,23:59:00,95,169,38,9,2,,,,,,,,,,,,,,,40,218
M4/2162B,07/04/2025 00:00:00,00:14:00,0,162,16,5,4,,,,,,,,,,,,,,,40,188
M4/2162B,07/04/2025 00:00:00,00:29:00,1,126,15,9,2,,,,,,,,,,,,,,,40,152
M4/2162B,07/04/2025 00:00:00,00:44:00,2,95,12,5,3,,,,,,,,,,,,,,,40,115
M4/2162B,07/04/2025 00:00:00,00:59:00,3,67,10,5,2,,,,,,,,,,,,,,,41,84
M4/2162B,07/04/2025 00:00:00,01:14:00,4,69,4,12,5,,,,,,,,,,,,,,,41,90
M4/2162B,07/04/2025 00:00:00,01:29:00,5,48,11,5,1,,,,,,,,,,,,,,,39,65
M4/2162B,07/04/2025 00:00:00,01:44:00,6,47,6,5,4,,,,,,,,,,,,,,,40,62
M4/2162B,07/04/2025 00:00:00,01:59:00,7,38,8,6,5,,,,,,,,,,,,,,,41,57
M4/2162B,07/04/2025 00:00:00,02:14:00,8,18,8,9,4,,,,,,,,,,,,,,,40,39
M4/2162B,07/04/2025 00:00:00,02:29:00,9,29,4,6,2,,,,,,,,,,,,,,,41,41
M4/2162B,07/04/2025 00:00:00,02:44:00,10,24,0,6,0,,,,,,,,,,,,,,,40,30
M4/2162B,07/04/2025 00:00:00,02:59:00,11,30,11,8,4,,,,,,,,,,,,,,,40,53
M4/2162B,07/04/2025 00:00:00,03:14:00,12,26,8,6,2,,,,,,,,,,,,,,,39,42
M4/2162B,07/04/2025 00:00:00,03:29:00,13,37,9,13,3,,,,,,,,,,,,,,,39,62
M4/2162B,07/04/2025 00:00:00,03:44:00,14,31,12,7,3,,,,,,,,,,,,,,,40,53
M4/2162B,07/04/2025 00:00:00,03:59:00,15,48,9,10,6,,,,,,,,,,,,,,,40,73
M4/2162B,07/04/2025 00:00:00,04:14:00,16,62,11,8,5,,,,,,,,,,,,,,,39,86
M4/2162B,07/04/2025 00:00:00,04:29:00,17,69,17,16,8,,,,,,,,,,,,,,,40,110
M4/2162B,07/04/2025 00:00:00,04:44:00,18,108,23,16,8,,,,,,,,,,,,,,,40,155
M4/2162B,07/04/2025 00:00:00,04:59:00,19,133,31,34,6,,,,,,,,,,,,,,,39,204
M4/2162B,07/04/2025 00:00:00,05:14:00,20,158,35,22,12,,,,,,,,,,,,,,,40,227
M4/2162B,07/04/2025 00:00:00,05:29:00,21,186,65,23,13,,,,,,,,,,,,,,,40,287
M4/2162B,07/04/2025 00:00:00,05:44:00,22,240,66,31,13,,,,,,,,,,,,,,,40,350
M4/2162B,07/04/2025 00:00:00,05:59:00,23,332,115,53,17,,,,,,,,,,,,,,,40,517
M4/2162B,07/04/2025 00:00:00,06:14:00,24,485,144,55,13,,,,,,,,,,,,,,,38,697
M4/2162B,07/04/2025 00:00:00,06:29:00,25,554,218,84,23,,,,,,,,,,,,,,,32,879
M4/2162B,07/04/2025 00:00:00,06:44:00,26,418,194,81,28,,,,,,,,,,,,,,,11,721
M4/2162B,07/04/2025 00:00:00,06:59:00,27,414,190,72,21,,,,,,,,,,,,,,,9,697
M4/2162B,07/04/2025 00:00:00,07:14:00,28,405,177,67,16,,,,,,,,,,,,,,,9,665
M4/2162B,07/04/2025 00:00:00,07:29:00,29,337,201,81,33,,,,,,,,,,,,,,,9,652
M4/2162B,07/04/2025 00:00:00,07:44:00,30,387,155,84,24,,,,,,,,,,,,,,,9,650
M4/2162B,07/04/2025 00:00:00,07:59:00,31,444,173,79,28,,,,,,,,,,,,,,,10,724
M4/2162B,07/04/2025 00:00:00,08:14:00,32,465,180,67,20,,,,,,,,,,,,,,,10,732
M4/2162B,07/04/2025 00:00:00,08:29:00,33,460,189,88,23,,,,,,,,,,,,,,,11,760
M4/2162B,07/04/2025 00:00:00,08:44:00,34,459,190,63,22,,,,,,,,,,,,,,,11,734
M4/2162B,07/04/2025 00:00:00,08:59:00,35,449,171,73,25,,,,,,,,,,,,,,,10,718
M4/2162B,07/04/2025 00:00:00,09:14:00,36,448,181,68,21,,,,,,,,,,,,,,,11,718
M4/2162B,07/04/2025 00:00:00,09:29:00,37,402,199,63,21,,,,,,,,,,,,,,,16,685
M4/2162B,07/04/2025 00:00:00,09:44:00,38,443,125,57,19,,,,,,,,,,,,,,,29,644
M4/2162B,07/04/2025 00:00:00,09:59:00,39,477,105,61,13,,,,,,,,,,,,,,,38,656
M4/2162B,07/04/2025 00:00:00,10:14:00,40,431,126,55,23,,,,,,,,,,,,,,,38,635
M4/2162B,07/04/2025 00:00:00,10:29:00,41,420,120,47,10,,,,,,,,,,,,,,,38,597
M4/2162B,07/04/2025 00:00:00,10:44:00,42,441,123,49,14,,,,,,,,,,,,,,,38,627
M4/2162B,07/04/2025 00:00:00,10:59:00,43,433,127,36,10,,,,,,,,,,,,,,,39,606
M4/2162B,07/04/2025 00:00:00,11:14:00,44,462,116,36,18,,,,,,,,,,,,,,,39,632
M4/2162B,07/04/2025 00:00:00,11:29:00,45,475,151,42,18,,,,,,,,,,,,,,,38,686
M4/2162B,07/04/2025 00:00:00,11:44:00,46,422,104,43,23,,,,,,,,,,,,,,,37,592
M4/2162B,07/04/2025 00:00:00,11:59:00,47,411,107,29,13,,,,,,,,,,,,,,,38,560
M4/2162B,07/04/2025 00:00:00,12:14:00,48,420,101,28,13,,,,,,,,,,,,,,,39,562
M4/2162B,07/04/2025 00:00:00,12:29:00,49,394,95,39,10,,,,,,,,,,,,,,,39,538
M4/2162B,07/04/2025 00:00:00,12:44:00,50,419,99,29,14,,,,,,,,,,,,,,,40,561
M4/2162B,07/04/2025 00:00:00,12:59:00,51,461,123,39,19,,,,,,,,,,,,,,,39,642
M4/2162B,07/04/2025 00:00:00,13:14:00,52,437,128,33,13,,,,,,,,,,,,,,,39,611
M4/2162B,07/04/2025 00:00:00,13:29:00,53,493,130,48,16,,,,,,,,,,,,,,,38,687
M4/2162B,07/04/2025 00:00:00,13:44:00,54,432,110,25,12,,,,,,,,,,,,,,,40,579
M4/2162B,07/04/2025 00:00:00,13:59:00,55,470,125,42,13,,,,,,,,,,,,,,,39,650
M4/2162B,07/04/2025 00:00:00,14:14:00,56,496,124,43,14,,,,,,,,,,,,,,,38,677
M4/2162B,07/04/2025 00:00:00,14:29:00,57,483,124,35,6,,,,,,,,,,,,,,,39,648
M4/2162B,07/04/2025 00:00:00,14:44:00,58,477,118,28,12,,,,,,,,,,,,,,,39,635
M4/2162B,07/04/2025 00:00:00,14:59:00,59,472,97,19,8,,,,,,,,,,,,,,,40,596
M4/2162B,07/04/2025 00:00:00,15:14:00,60,469,124,30,14,,,,,,,,,,,,,,,39,637
M4/2162B,07/04/2025 00:00:00,15:29:00,61,514,104,21,8,,,,,,,,,,,,,,,39,647
M4/2162B,07/04/2025 00:00:00,15:44:00,62,472,107,21,5,,,,,,,,,,,,,,,39,605
M4/2162B,07/04/2025 00:00:00,15:59:00,63,566,94,24,8,,,,,,,,,,,,,,,39,692
M4/2162B,07/04/2025 00:00:00,16:14:00,64,568,123,23,10,,,,,,,,,,,,,,,38,725
M4/2162B,07/04/2025 00:00:00,16:28:00,65,613,107,19,5,,,,,,,,,,,,,,,39,745
M4/2162B,07/04/2025 00:00:00,16:44:00,66,617,119,22,10,,,,,,,,,,,,,,,39,768
M4/2162B,07/04/2025 00:00:00,16:59:00,67,591,121,25,10,,,,,,,,,,,,,,,39,747
M4/2162B,07/04/2025 00:00:00,17:14:00,68,584,109,17,12,,,,,,,,,,,,,,,39,722
M4/2162B,07/04/2025 00:00:00,17:26:00,69,603,102,24,8,,,,,,,,,,,,,,,39,737
M4/2162B,07/04/2025 00:00:00,17:44:00,70,540,116,31,16,,,,,,,,,,,,,,,17,703
M4/2162B,07/04/2025 00:00:00,17:59:00,71,546,154,39,13,,,,,,,,,,,,,,,15,752
M4/2162B,07/04/2025 00:00:00,18:14:00,72,540,125,9,13,,,,,,,,,,,,,,,28,687
M4/2162B,07/04/2025 00:00:00,18:29:00,73,544,74,9,5,,,,,,,,,,,,,,,39,632
M4/2162B,07/04/2025 00:00:00,18:44:00,74,651,87,15,10,,,,,,,,,,,,,,,38,763
M4/2162B,07/04/2025 00:00:00,18:59:00,75,558,84,16,8,,,,,,,,,,,,,,,39,667
M4/2162B,07/04/2025 00:00:00,19:14:00,76,570,103,16,10,,,,,,,,,,,,,,,38,699
M4/2162B,07/04/2025 00:00:00,19:29:00,77,518,82,12,6,,,,,,,,,,,,,,,39,618
M4/2162B,07/04/2025 00:00:00,19:44:00,78,474,101,9,10,,,,,,,,,,,,,,,39,594
M4/2162B,07/04/2025 00:00:00,19:59:00,79,527,79,10,7,,,,,,,,,,,,,,,39,623
M4/2162B,07/04/2025 00:00:00,20:14:00,80,441,82,10,8,,,,,,,,,,,,,,,39,541
M4/2162B,07/04/2025 00:00:00,20:29:00,81,444,60,9,4,,,,,,,,,,,,,,,39,517
M4/2162B,07/04/2025 00:00:00,20:44:00,82,379,54,10,6,,,,,,,,,,,,,,,39,449
M4/2162B,07/04/2025 00:00:00,20:59:00,83,338,49,9,11,,,,,,,,,,,,,,,39,407
M4/2162B,07/04/2025 00:00:00,21:14:00,84,351,81,8,8,,,,,,,,,,,,,,,39,448
M4/2162B,07/04/2025 00:00:00,21:29:00,85,364,80,17,6,,,,,,,,,,,,,,,39,467
M4/2162B,07/04/2025 00:00:00,21:44:00,86,302,63,12,9,,,,,,,,,,,,,,,40,386
M4/2162B,07/04/2025 00:00:00,21:59:00,87,300,48,19,4,,,,,,,,,,,,,,,40,371
M4/2162B,07/04/2025 00:00:00,22:14:00,88,307,40,13,5,,,,,,,,,,,,,,,40,365
M4/2162B,07/04/2025 00:00:00,22:29:00,89,251,42,7,6,,,,,,,,,,,,,,,39,306
M4/2162B,07/04/2025 00:00:00,22:44:00,90,219,36,6,4,,,,,,,,,,,,,,,41,265
M4/2162B,07/04/2025 00:00:00,22:59:00,91,193,27,3,6,,,,,,,,,,,,,,,39,229
M4/2162B,07/04/2025 00:00:00,23:14:00,92,154,29,1,6,,,,,,,,,,,,,,,39,190
M4/2162B,07/04/2025 00:00:00,23:29:00,93,136,29,14,3,,,,,,,,,,,,,,,40,182
M4/2162B,07/04/2025 00:00:00,23:44:00,94,120,9,3,2,,,,,,,,,,,,,,,41,134
M4/2162B,07/04/2025 00:00:00,23:59:00,95,83,17,7,7,,,,,,,,,,,,,,,40,114
M4/2162B,08/04/2025 00:00:00,00:14:00,0,80,17,13,8,,,,,,,,,,,,,,,41,118
M4/2162B,08/04/2025 00:00:00,00:29:00,1,68,16,6,5,,,,,,,,,,,,,,,40,95
M4/2162B,08/04/2025 00:00:00,00:44:00,2,53,8,7,6,,,,,,,,,,,,,,,40,74
M4/2162B,08/04/2025 00:00:00,00:59:00,3,55,5,3,1,,,,,,,,,,,,,,,42,64
M4/2162B,08/04/2025 00:00:00,01:14:00,4,51,8,9,2,,,,,,,,,,,,,,,40,70
M4/2162B,08/04/2025 00:00:00,01:29:00,5,45,8,5,2,,,,,,,,,,,,,,,40,60
M4/2162B,08/04/2025 00:00:00,01:44:00,6,42,9,5,4,,,,,,,,,,,,,,,40,60
M4/2162B,08/04/2025 00:00:00,01:59:00,7,29,8,8,2,,,,,,,,,,,,,,,40,47
M4/2162B,08/04/2025 00:00:00,02:14:00,8,18,3,5,3,,,,,,,,,,,,,,,39,29
M4/2162B,08/04/2025 00:00:00,02:29:00,9,16,2,8,6,,,,,,,,,,,,,,,38,32
M4/2162B,08/04/2025 00:00:00,02:44:00,10,23,6,8,1,,,,,,,,,,,,,,,38,38
M4/2162B,08/04/2025 00:00:00,02:59:00,11,16,5,2,1,,,,,,,,,,,,,,,40,24
M4/2162B,08/04/2025 00:00:00,03:14:00,12,32,8,6,6,,,,,,,,,,,,,,,40,52
M4/2162B,08/04/2025 00:00:00,03:29:00,13,36,12,9,2,,,,,,,,,,,,,,,40,59
M4/2162B,08/04/2025 00:00:00,03:44:00,14,32,9,8,6,,,,,,,,,,,,,,,40,55
M4/2162B,08/04/2025 00:00:00,03:59:00,15,45,15,12,2,,,,,,,,,,,,,,,41,74
M4/2162B,08/04/2025 00:00:00,04:14:00,16,69,14,11,6,,,,,,,,,,,,,,,40,100
M4/2162B,08/04/2025 00:00:00,04:29:00,17,81,21,18,4,,,,,,,,,,,,,,,40,124
M4/2162B,08/04/2025 00:00:00,04:44:00,18,83,19,18,5,,,,,,,,,,,,,,,40,125
M4/2162B,08/04/2025 00:00:00,04:59:00,19,104,25,15,7,,,,,,,,,,,,,,,40,151
M4/2162B,08/04/2025 00:00:00,05:14:00,20,164,41,36,9,,,,,,,,,,,,,,,40,250
M4/2162B,08/04/2025 00:00:00,05:29:00,21,172,51,36,15,,,,,,,,,,,,,,,40,274
M4/2162B,08/04/2025 00:00:00,05:44:00,22,266,62,40,11,,,,,,,,,,,,,,,40,379
M4/2162B,08/04/2025 00:00:00,05:59:00,23,289,93,43,16,,,,,,,,,,,,,,,39,441
M4/2162B,08/04/2025 00:00:00,06:14:00,24,467,145,74,16,,,,,,,,,,,,,,,38,702
M4/2162B,08/04/2025 00:00:00,06:29:00,25,538,239,81,20,,,,,,,,,,,,,,,29,878
M4/2162B,08/04/2025 00:00:00,06:44:00,26,445,212,95,15,,,,,,,,,,,,,,,11,767
M4/2162B,08/04/2025 00:00:00,06:59:00,27,438,193,84,24,,,,,,,,,,,,,,,10,739
M4/2162B,08/04/2025 00:00:00,07:14:00,28,363,185,70,35,,,,,,,,,,,,,,,9,653
M4/2162B,08/04/2025 00:00:00,07:29:00,29,383,167,77,26,,,,,,,,,,,,,,,8,653
M4/2162B,08/04/2025 00:00:00,07:44:00,30,439,176,66,22,,,,,,,,,,,,,,,10,703
M4/2162B,08/04/2025 00:00:00,07:59:00,31,514,140,69,20,,,,,,,,,,,,,,,10,743
M4/2162B,08/04/2025 00:00:00,08:14:00,32,429,155,65,25,,,,,,,,,,,,,,,10,674
M4/2162B,08/04/2025 00:00:00,08:29:00,33,459,176,76,20,,,,,,,,,,,,,,,10,731
M4/2162B,08/04/2025 00:00:00,08:44:00,34,476,162,72,27,,,,,,,,,,,,,,,11,737
M4/2162B,08/04/2025 00:00:00,08:59:00,35,493,161,64,28,,,,,,,,,,,,,,,11,746
M4/2162B,08/04/2025 00:00:00,09:14:00,36,481,191,65,17,,,,,,,,,,,,,,,11,754
M4/2162B,08/04/2025 00:00:00,09:29:00,37,464,164,66,13,,,,,,,,,,,,,,,11,707
M4/2162B,08/04/2025 00:00:00,09:44:00,38,396,186,84,22,,,,,,,,,,,,,,,13,688
M4/2162B,08/04/2025 00:00:00,09:59:00,39,416,162,62,23,,,,,,,,,,,,,,,12,663
M4/2162B,08/04/2025 00:00:00,10:14:00,40,483,132,61,14,,,,,,,,,,,,,,,38,690
M4/2162B,08/04/2025 00:00:00,10:29:00,41,500,126,55,18,,,,,,,,,,,,,,,37,699
M4/2162B,08/04/2025 00:00:00,10:44:00,42,452,129,53,15,,,,,,,,,,,,,,,39,649
M4/2162B,08/04/2025 00:00:00,10:59:00,43,475,114,42,12,,,,,,,,,,,,,,,39,643
M4/2162B,08/04/2025 00:00:00,11:14:00,44,464,102,45,19,,,,,,,,,,,,,,,38,630
M4/2162B,08/04/2025 00:00:00,11:29:00,45,455,117,47,5,,,,,,,,,,,,,,,38,624
M4/2162B,08/04/2025 00:00:00,11:44:00,46,489,100,48,18,,,,,,,,,,,,,,,38,655
M4/2162B,08/04/2025 00:00:00,11:56:00,47,484,91,51,25,,,,,,,,,,,,,,,38,651
M4/2162B,08/04/2025 00:00:00,12:14:00,48,478,128,52,15,,,,,,,,,,,,,,,38,673
M4/2162B,08/04/2025 00:00:00,12:29:00,49,457,122,40,6,,,,,,,,,,,,,,,39,625
M4/2162B,08/04/2025 00:00:00,12:44:00,50,497,109,47,11,,,,,,,,,,,,,,,39,664
M4/2162B,08/04/2025 00:00:00,12:59:00,51,461,102,34,10,,,,,,,,,,,,,,,39,607
M4/2162B,08/04/2025 00:00:00,13:14:00,52,475,122,44,13,,,,,,,,,,,,,,,39,654
M4/2162B,08/04/2025 00:00:00,13:29:00,53,412,84,49,12,,,,,,,,,,,,,,,39,557
M4/2162B,08/04/2025 00:00:00,13:44:00,54,455,99,36,15,,,,,,,,,,,,,,,39,605
M4/2162B,08/04/2025 00:00:00,13:59:00,55,448,120,28,14,,,,,,,,,,,,,,,39,610
M4/2162B,08/04/2025 00:00:00,14:14:00,56,426,91,36,4,,,,,,,,,,,,,,,39,557
M4/2162B,08/04/2025 00:00:00,14:29:00,57,477,109,30,9,,,,,,,,,,,,,,,39,625
M4/2162B,08/04/2025 00:00:00,14:44:00,58,443,100,30,6,,,,,,,,,,,,,,,39,579
M4/2162B,08/04/2025 00:00:00,14:59:00,59,509,96,28,11,,,,,,,,,,,,,,,39,644
M4/2162B,08/04/2025 00:00:00,15:14:00,60,508,115,28,10,,,,,,,,,,,,,,,39,661
M4/2162B,08/04/2025 00:00:00,15:29:00,61,483,129,27,9,,,,,,,,,,,,,,,39,648
M4/2162B,08/04/2025 00:00:00,15:44:00,62,496,114,23,10,,,,,,,,,,,,,,,39,643
M4/2162B,08/04/2025 00:00:00,15:59:00,63,541,120,23,5,,,,,,,,,,,,,,,39,689
M4/2162B,08/04/2025 00:00:00,16:14:00,64,593,96,27,10,,,,,,,,,,,,,,,39,726
M4/2162B,08/04/2025 00:00:00,16:29:00,65,643,89,20,6,,,,,,,,,,,,,,,38,758
M4/2162B,08/04/2025 00:00:00,16:44:00,66,599,110,18,12,,,,,,,,,,,,,,,38,739
M4/2162B,08/04/2025 00:00:00,16:59:00,67,682,121,17,11,,,,,,,,,,,,,,,36,831
M4/2162B,08/04/2025 00:00:00,17:14:00,68,502,186,36,12,,,,,,,,,,,,,,,11,736
M4/2162B,08/04/2025 00:00:00,17:28:00,69,558,149,40,14,,,,,,,,,,,,,,,10,761
M4/2162B,08/04/2025 00:00:00,17:44:00,70,578,150,25,6,,,,,,,,,,,,,,,13,759
M4/2162B,08/04/2025 00:00:00,17:59:00,71,604,138,26,11,,,,,,,,,,,,,,,10,779
M4/2162B,08/04/2025 00:00:00,18:14:00,72,599,140,21,12,,,,,,,,,,,,,,,10,771
M4/2162B,08/04/2025 00:00:00,18:28:00,73,500,166,29,14,,,,,,,,,,,,,,,9,708
M4/2162B,08/04/2025 00:00:00,18:44:00,74,571,126,31,6,,,,,,,,,,,,,,,10,734
M4/2162B,08/04/2025 00:00:00,18:59:00,75,513,161,19,7,,,,,,,,,,,,,,,12,700
M4/2162B,08/04/2025 00:00:00,19:14:00,76,628,86,13,10,,,,,,,,,,,,,,,38,737
M4/2162B,08/04/2025 00:00:00,19:29:00,77,566,73,19,7,,,,,,,,,,,,,,,38,665
M4/2162B,08/04/2025 00:00:00,19:44:00,78,502,76,8,7,,,,,,,,,,,,,,,39,593
M4/2162B,08/04/2025 00:00:00,19:59:00,79,429,73,11,5,,,,,,,,,,,,,,,39,518
M4/2162B,08/04/2025 00:00:00,20:14:00,80,373,96,15,4,,,,,,,,,,,,,,,40,488
M4/2162B,08/04/2025 00:00:00,20:29:00,81,398,90,10,6,,,,,,,,,,,,,,,39,504
M4/2162B,08/04/2025 00:00:00,20:44:00,82,388,73,13,5,,,,,,,,,,,,,,,39,479
M4/2162B,08/04/2025 00:00:00,20:59:00,83,331,74,11,7,,,,,,,,,,,,,,,40,423
M4/2162B,08/04/2025 00:00:00,21:14:00,84,341,74,10,7,,,,,,,,,,,,,,,39,432
M4/2162B,08/04/2025 00:00:00,21:29:00,85,338,54,11,9,,,,,,,,,,,,,,,40,412
M4/2162B,08/04/2025 00:00:00,21:44:00,86,280,61,14,3,,,,,,,,,,,,,,,40,358
M4/2162B,08/04/2025 00:00:00,21:59:00,87,261,36,10,3,,,,,,,,,,,,,,,39,310
M4/2162B,08/04/2025 00:00:00,22:14:00,88,234,33,9,7,,,,,,,,,,,,,,,40,283
M4/2162B,08/04/2025 00:00:00,22:29:00,89,241,43,4,5,,,,,,,,,,,,,,,40,293
M4/2162B,08/04/2025 00:00:00,22:44:00,90,256,44,7,4,,,,,,,,,,,,,,,40,311
M4/2162B,08/04/2025 00:00:00,22:59:00,91,243,31,6,3,,,,,,,,,,,,,,,40,283
M4/2162B,08/04/2025 00:00:00,23:14:00,92,217,39,14,2,,,,,,,,,,,,,,,40,272
M4/2162B,08/04/2025 00:00:00,23:29:00,93,180,28,1,3,,,,,,,,,,,,,,,40,212
M4/2162B,08/04/2025 00:00:00,23:44:00,94,145,22,12,4,,,,,,,,,,,,,,,40,183
M4/2162B,08/04/2025 00:00:00,23:59:00,95,93,19,9,5,,,,,,,,,,,,,,,40,126
M4/2162B,09/04/2025 00:00:00,00:14:00,0,69,11,7,4,,,,,,,,,,,,,,,40,91
M4/2162B,09/04/2025 00:00:00,00:29:00,1,74,10,5,3,,,,,,,,,,,,,,,40,92
M4/2162B,09/04/2025 00:00:00,00:44:00,2,71,9,2,6,,,,,,,,,,,,,,,40,88
M4/2162B,09/04/2025 00:00:00,00:59:00,3,51,13,3,3,,,,,,,,,,,,,,,41,70
M4/2162B,09/04/2025 00:00:00,01:14:00,4,45,6,9,2,,,,,,,,,,,,,,,40,62
M4/2162B,09/04/2025 00:00:00,01:29:00,5,39,3,7,2,,,,,,,,,,,,,,,41,51
M4/2162B,09/04/2025 00:00:00,01:44:00,6,32,9,8,7,,,,,,,,,,,,,,,40,56
M4/2162B,09/04/2025 00:00:00,01:59:00,7,28,5,8,3,,,,,,,,,,,,,,,39,44
M4/2162B,09/04/2025 00:00:00,02:14:00,8,19,5,7,1,,,,,,,,,,,,,,,40,32
M4/2162B,09/04/2025 00:00:00,02:29:00,9,24,6,6,4,,,,,,,,,,,,,,,40,40
M4/2162B,09/04/2025 00:00:00,02:44:00,10,24,5,2,2,,,,,,,,,,,,,,,38,33
M4/2162B,09/04/2025 00:00:00,02:59:00,11,35,9,10,4,,,,,,,,,,,,,,,40,58
M4/2162B,09/04/2025 00:00:00,03:14:00,12,26,8,4,3,,,,,,,,,,,,,,,41,41
M4/2162B,09/04/2025 00:00:00,03:29:00,13,36,6,13,0,,,,,,,,,,,,,,,39,55
M4/2162B,09/04/2025 00:00:00,03:44:00,14,42,10,10,8,,,,,,,,,,,,,,,40,70
M4/2162B,09/04/2025 00:00:00,03:59:00,15,50,18,13,2,,,,,,,,,,,,,,,40,83
M4/2162B,09/04/2025 00:00:00,04:14:00,16,69,13,7,5,,,,,,,,,,,,,,,41,94
M4/2162B,09/04/2025 00:00:00,04:29:00,17,83,26,19,3,,,,,,,,,,,,,,,40,131
M4/2162B,09/04/2025 00:00:00,04:44:00,18,81,17,20,9,,,,,,,,,,,,,,,39,127
M4/2162B,09/04/2025 00:00:00,04:59:00,19,132,21,19,8,,,,,,,,,,,,,,,39,180
M4/2162B,09/04/2025 00:00:00,05:14:00,20,141,37,33,4,,,,,,,,,,,,,,,40,215
M4/2162B,09/04/2025 00:00:00,05:29:00,21,178,43,38,13,,,,,,,,,,,,,,,40,272
M4/2162B,09/04/2025 00:00:00,05:44:00,22,230,73,42,11,,,,,,,,,,,,,,,40,356
M4/2162B,09/04/2025 00:00:00,05:59:00,23,323,85,45,25,,,,,,,,,,,,,,,40,478
M4/2162B,09/04/2025 00:00:00,06:14:00,24,450,159,62,18,,,,,,,,,,,,,,,39,689
M4/2162B,09/04/2025 00:00:00,06:29:00,25,557,198,87,21,,,,,,,,,,,,,,,33,863
M4/2162B,09/04/2025 00:00:00,06:44:00,26,395,225,115,13,,,,,,,,,,,,,,,11,748
M4/2162B,09/04/2025 00:00:00,06:59:00,27,435,214,86,27,,,,,,,,,,,,,,,10,762
M4/2162B,09/04/2025 00:00:00,07:14:00,28,460,212,76,24,,,,,,,,,,,,,,,11,772
M4/2162B,09/04/2025 00:00:00,07:29:00,29,412,193,83,34,,,,,,,,,,,,,,,10,722
M4/2162B,09/04/2025 00:00:00,07:44:00,30,447,151,74,21,,,,,,,,,,,,,,,10,693
M4/2162B,09/04/2025 00:00:00,07:59:00,31,474,167,77,26,,,,,,,,,,,,,,,11,744
M4/2162B,09/04/2025 00:00:00,08:14:00,32,470,186,72,22,,,,,,,,,,,,,,,10,750
M4/2162B,09/04/2025 00:00:00,08:29:00,33,470,158,66,38,,,,,,,,,,,,,,,11,732
M4/2162B,09/04/2025 00:00:00,08:44:00,34,488,169,59,22,,,,,,,,,,,,,,,10,738
M4/2162B,09/04/2025 00:00:00,08:59:00,35,449,208,54,20,,,,,,,,,,,,,,,10,731
M4/2162B,09/04/2025 00:00:00,09:14:00,36,437,172,76,20,,,,,,,,,,,,,,,10,705
M4/2162B,09/04/2025 00:00:00,09:29:00,37,432,156,66,20,,,,,,,,,,,,,,,9,674
M4/2162B,09/04/2025 00:00:00,09:44:00,38,438,167,64,21,,,,,,,,,,,,,,,9,690
M4/2162B,09/04/2025 00:00:00,09:59:00,39,458,149,57,19,,,,,,,,,,,,,,,10,683
M4/2162B,09/04/2025 00:00:00,10:14:00,40,442,165,72,21,,,,,,,,,,,,,,,10,700
M4/2162B,09/04/2025 00:00:00,10:29:00,41,410,189,61,20,,,,,,,,,,,,,,,10,680
M4/2162B,09/04/2025 00:00:00,10:44:00,42,434,147,68,15,,,,,,,,,,,,,,,20,664
M4/2162B,09/04/2025 00:00:00,10:59:00,43,508,142,53,11,,,,,,,,,,,,,,,28,714
M4/2162B,09/04/2025 00:00:00,11:14:00,44,493,147,51,21,,,,,,,,,,,,,,,31,712
M4/2162B,09/04/2025 00:00:00,11:29:00,45,483,138,56,13,,,,,,,,,,,,,,,38,690
M4/2162B,09/04/2025 00:00:00,11:44:00,46,501,98,43,12,,,,,,,,,,,,,,,38,654
M4/2162B,09/04/2025 00:00:00,11:59:00,47,460,110,38,13,,,,,,,,,,,,,,,39,621
M4/2162B,09/04/2025 00:00:00,12:14:00,48,460,125,40,15,,,,,,,,,,,,,,,39,640
M4/2162B,09/04/2025 00:00:00,12:29:00,49,470,122,38,13,,,,,,,,,,,,,,,38,643
M4/2162B,09/04/2025 00:00:00,12:44:00,50,466,107,40,16,,,,,,,,,,,,,,,39,629
M4/2162B,09/04/2025 00:00:00,12:59:00,51,411,100,39,10,,,,,,,,,,,,,,,39,560
M4/2162B,09/04/2025 00:00:00,13:14:00,52,392,97,50,11,,,,,,,,,,,,,,,39,550
M4/2162B,09/04/2025 00:00:00,13:29:00,53,452,106,37,13,,,,,,,,,,,,,,,39,608
M4/2162B,09/04/2025 00:00:00,13:44:00,54,447,90,35,11,,,,,,,,,,,,,,,39,583
M4/2162B,09/04/2025 00:00:00,13:59:00,55,405,99,37,11,,,,,,,,,,,,,,,39,552
M4/2162B,09/04/2025 00:00:00,14:14:00,56,460,94,31,16,,,,,,,,,,,,,,,39,601
M4/2162B,09/04/2025 00:00:00,14:29:00,57,444,97,25,8,,,,,,,,,,,,,,,39,574
M4/2162B,09/04/2025 00:00:00,14:44:00,58,501,114,42,10,,,,,,,,,,,,,,,39,666
M4/2162B,09/04/2025 00:00:00,14:59:00,59,479,112,29,8,,,,,,,,,,,,,,,39,628
M4/2162B,09/04/2025 00:00:00,15:14:00,60,516,88,39,12,,,,,,,,,,,,,,,39,655
M4/2162B,09/04/2025 00:00:00,15:29:00,61,508,121,24,10,,,,,,,,,,,,,,,39,663
M4/2162B,09/04/2025 00:00:00,15:44:00,62,554,121,29,15,,,,,,,,,,,,,,,39,719
M4/2162B,09/04/2025 00:00:00,15:59:00,63,517,110,26,10,,,,,,,,,,,,,,,40,663
M4/2162B,09/04/2025 00:00:00,16:14:00,64,564,110,22,11,,,,,,,,,,,,,,,39,707
M4/2162B,09/04/2025 00:00:00,16:29:00,65,630,100,26,10,,,,,,,,,,,,,,,39,765
M4/2162B,09/04/2025 00:00:00,16:44:00,66,639,105,23,8,,,,,,,,,,,,,,,39,774
M4/2162B,09/04/2025 00:00:00,16:59:00,67,654,114,14,9,,,,,,,,,,,,,,,38,791
M4/2162B,09/04/2025 00:00:00,17:14:00,68,604,170,28,10,,,,,,,,,,,,,,,24,812
M4/2162B,09/04/2025 00:00:00,17:29:00,69,548,142,41,16,,,,,,,,,,,,,,,10,747
M4/2162B,09/04/2025 00:00:00,17:44:00,70,577,142,41,17,,,,,,,,,,,,,,,10,777
M4/2162B,09/04/2025 00:00:00,17:59:00,71,559,126,45,17,,,,,,,,,,,,,,,10,747
M4/2162B,09/04/2025 00:00:00,18:14:00,72,544,145,32,14,,,,,,,,,,,,,,,15,735
M4/2162B,09/04/2025 00:00:00,18:29:00,73,631,129,15,9,,,,,,,,,,,,,,,24,784
M4/2162B,09/04/2025 00:00:00,18:44:00,74,516,152,34,13,,,,,,,,,,,,,,,13,716
M4/2162B,09/04/2025 00:00:00,18:59:00,75,507,146,33,15,,,,,,,,,,,,,,,15,701
M4/2162B,09/04/2025 00:00:00,19:14:00,76,592,65,11,9,,,,,,,,,,,,,,,37,677
M4/2162B,09/04/2025 00:00:00,19:29:00,77,587,92,16,8,,,,,,,,,,,,,,,37,703
M4/2162B,09/04/2025 00:00:00,19:44:00,78,534,77,11,7,,,,,,,,,,,,,,,38,629
M4/2162B,09/04/2025 00:00:00,19:59:00,79,495,88,14,7,,,,,,,,,,,,,,,39,604
M4/2162B,09/04/2025 00:00:00,20:14:00,80,428,74,10,6,,,,,,,,,,,,,,,39,518
M4/2162B,09/04/2025 00:00:00,20:29:00,81,428,85,10,4,,,,,,,,,,,,,,,39,527
M4/2162B,09/04/2025 00:00:00,20:44:00,82,374,77,11,9,,,,,,,,,,,,,,,39,471
M4/2162B,09/04/2025 00:00:00,20:59:00,83,373,65,12,8,,,,,,,,,,,,,,,39,458
M4/2162B,09/04/2025 00:00:00,21:14:00,84,341,62,13,10,,,,,,,,,,,,,,,40,426
M4/2162B,09/04/2025 00:00:00,21:29:00,85,363,48,13,3,,,,,,,,,,,,,,,39,427
M4/2162B,09/04/2025 00:00:00,21:44:00,86,332,50,11,9,,,,,,,,,,,,,,,40,402
M4/2162B,09/04/2025 00:00:00,21:59:00,87,316,45,9,5,,,,,,,,,,,,,,,40,375
M4/2162B,09/04/2025 00:00:00,22:14:00,88,343,61,10,10,,,,,,,,,,,,,,,39,424
M4/2162B,09/04/2025 00:00:00,22:29:00,89,274,34,5,10,,,,,,,,,,,,,,,40,323
M4/2162B,09/04/2025 00:00:00,22:44:00,90,271,47,7,6,,,,,,,,,,,,,,,40,331
M4/2162B,09/04/2025 00:00:00,22:59:00,91,284,42,12,3,,,,,,,,,,,,,,,40,341
M4/2162B,09/04/2025 00:00:00,23:14:00,92,228,42,15,5,,,,,,,,,,,,,,,40,290
M4/2162B,09/04/2025 00:00:00,23:29:00,93,188,30,6,4,,,,,,,,,,,,,,,41,228
M4/2162B,09/04/2025 00:00:00,23:44:00,94,178,31,5,5,,,,,,,,,,,,,,,40,219
M4/2162B,09/04/2025 00:00:00,23:59:00,95,114,15,16,7,,,,,,,,,,,,,,,41,152
M4/2162B,10/04/2025 00:00:00,00:14:00,0,108,11,12,2,,,,,,,,,,,,,,,41,133
M4/2162B,10/04/2025 00:00:00,00:29:00,1,80,13,14,5,,,,,,,,,,,,,,,41,112
M4/2162B,10/04/2025 00:00:00,00:44:00,2,78,11,5,5,,,,,,,,,,,,,,,40,99
M4/2162B,10/04/2025 00:00:00,00:59:00,3,71,15,6,2,,,,,,,,,,,,,,,42,94
M4/2162B,10/04/2025 00:00:00,01:14:00,4,60,8,8,4,,,,,,,,,,,,,,,40,80
M4/2162B,10/04/2025 00:00:00,01:29:00,5,64,12,2,4,,,,,,,,,,,,,,,40,82
M4/2162B,10/04/2025 00:00:00,01:44:00,6,55,13,6,8,,,,,,,,,,,,,,,40,82
M4/2162B,10/04/2025 00:00:00,01:59:00,7,34,6,4,5,,,,,,,,,,,,,,,42,49
M4/2162B,10/04/2025 00:00:00,02:14:00,8,28,6,7,6,,,,,,,,,,,,,,,40,47
M4/2162B,10/04/2025 00:00:00,02:29:00,9,22,6,12,4,,,,,,,,,,,,,,,40,44
M4/2162B,10/04/2025 00:00:00,02:44:00,10,25,5,9,1,,,,,,,,,,,,,,,41,40
M4/2162B,10/04/2025 00:00:00,02:59:00,11,33,4,8,2,,,,,,,,,,,,,,,40,47
M4/2162B,10/04/2025 00:00:00,03:14:00,12,35,8,10,3,,,,,,,,,,,,,,,38,56
M4/2162B,10/04/2025 00:00:00,03:29:00,13,36,15,9,6,,,,,,,,,,,,,,,39,66
M4/2162B,10/04/2025 00:00:00,03:44:00,14,39,8,8,9,,,,,,,,,,,,,,,41,64
M4/2162B,10/04/2025 00:00:00,03:59:00,15,56,22,15,6,,,,,,,,,,,,,,,39,99
M4/2162B,10/04/2025 00:00:00,04:14:00,16,74,18,8,4,,,,,,,,,,,,,,,41,104
M4/2162B,10/04/2025 00:00:00,04:29:00,17,82,16,19,7,,,,,,,,,,,,,,,40,124
M4/2162B,10/04/2025 00:00:00,04:44:00,18,98,22,22,5,,,,,,,,,,,,,,,39,147
M4/2162B,10/04/2025 00:00:00,04:59:00,19,145,32,32,7,,,,,,,,,,,,,,,40,216
M4/2162B,10/04/2025 00:00:00,05:14:00,20,149,36,17,9,,,,,,,,,,,,,,,40,211
M4/2162B,10/04/2025 00:00:00,05:29:00,21,196,43,34,16,,,,,,,,,,,,,,,40,289
M4/2162B,10/04/2025 00:00:00,05:44:00,22,240,72,36,13,,,,,,,,,,,,,,,39,361
M4/2162B,10/04/2025 00:00:00,05:59:00,23,344,107,55,13,,,,,,,,,,,,,,,40,519
M4/2162B,10/04/2025 00:00:00,06:14:00,24,431,156,61,21,,,,,,,,,,,,,,,39,669
M4/2162B,10/04/2025 00:00:00,06:29:00,25,590,208,88,15,,,,,,,,,,,,,,,35,901
M4/2162B,10/04/2025 00:00:00,06:44:00,26,439,192,92,25,,,,,,,,,,,,,,,11,748
M4/2162B,10/04/2025 00:00:00,06:59:00,27,419,191,95,28,,,,,,,,,,,,,,,10,733
M4/2162B,10/04/2025 00:00:00,07:14:00,28,420,213,104,29,,,,,,,,,,,,,,,11,766
M4/2162B,10/04/2025 00:00:00,07:29:00,29,463,182,86,21,,,,,,,,,,,,,,,10,752
M4/2162B,10/04/2025 00:00:00,07:44:00,30,455,203,73,26,,,,,,,,,,,,,,,11,757
M4/2162B,10/04/2025 00:00:00,07:59:00,31,466,187,76,27,,,,,,,,,,,,,,,11,756
M4/2162B,10/04/2025 00:00:00,08:14:00,32,439,184,85,22,,,,,,,,,,,,,,,10,730
M4/2162B,10/04/2025 00:00:00,08:29:00,33,428,170,80,19,,,,,,,,,,,,,,,9,697
M4/2162B,10/04/2025 00:00:00,08:44:00,34,441,169,68,21,,,,,,,,,,,,,,,9,700
M4/2162B,10/04/2025 00:00:00,08:59:00,35,471,197,66,22,,,,,,,,,,,,,,,11,756
M4/2162B,10/04/2025 00:00:00,09:14:00,36,470,161,63,14,,,,,,,,,,,,,,,10,708
M4/2162B,10/04/2025 00:00:00,09:29:00,37,423,173,68,23,,,,,,,,,,,,,,,11,687
M4/2162B,10/04/2025 00:00:00,09:44:00,38,441,166,79,17,,,,,,,,,,,,,,,10,703
M4/2162B,10/04/2025 00:00:00,09:59:00,39,468,153,50,15,,,,,,,,,,,,,,,10,686
M4/2162B,10/04/2025 00:00:00,10:14:00,40,418,183,63,21,,,,,,,,,,,,,,,10,685
M4/2162B,10/04/2025 00:00:00,10:29:00,41,415,166,79,20,,,,,,,,,,,,,,,10,680
M4/2162B,10/04/2025 00:00:00,10:44:00,42,462,134,45,13,,,,,,,,,,,,,,,23,654
M4/2162B,10/04/2025 00:00:00,10:59:00,43,498,117,42,20,,,,,,,,,,,,,,,38,677
M4/2162B,10/04/2025 00:00:00,11:14:00,44,422,124,57,11,,,,,,,,,,,,,,,39,614
M4/2162B,10/04/2025 00:00:00,11:29:00,45,529,117,52,20,,,,,,,,,,,,,,,38,718
M4/2162B,10/04/2025 00:00:00,11:44:00,46,529,138,44,23,,,,,,,,,,,,,,,38,734
M4/2162B,10/04/2025 00:00:00,11:59:00,47,508,146,40,15,,,,,,,,,,,,,,,38,709
M4/2162B,10/04/2025 00:00:00,12:14:00,48,471,129,35,9,,,,,,,,,,,,,,,39,644
M4/2162B,10/04/2025 00:00:00,12:29:00,49,459,128,38,10,,,,,,,,,,,,,,,39,635
M4/2162B,10/04/2025 00:00:00,12:44:00,50,487,121,44,5,,,,,,,,,,,,,,,38,657
M4/2162B,10/04/2025 00:00:00,12:59:00,51,485,112,33,14,,,,,,,,,,,,,,,39,644
M4/2162B,10/04/2025 00:00:00,13:14:00,52,438,102,42,11,,,,,,,,,,,,,,,39,593
M4/2162B,10/04/2025 00:00:00,13:29:00,53,440,100,40,12,,,,,,,,,,,,,,,39,592
M4/2162B,10/04/2025 00:00:00,13:44:00,54,462,94,27,14,,,,,,,,,,,,,,,39,597
M4/2162B,10/04/2025 00:00:00,13:59:00,55,462,92,22,14,,,,,,,,,,,,,,,39,590
M4/2162B,10/04/2025 00:00:00,14:14:00,56,427,88,45,11,,,,,,,,,,,,,,,39,571
M4/2162B,10/04/2025 00:00:00,14:29:00,57,471,88,31,10,,,,,,,,,,,,,,,39,600
M4/2162B,10/04/2025 00:00:00,14:44:00,58,495,95,31,8,,,,,,,,,,,,,,,39,629
M4/2162B,10/04/2025 00:00:00,14:59:00,59,416,92,25,10,,,,,,,,,,,,,,,40,543
M4/2162B,10/04/2025 00:00:00,15:14:00,60,489,115,39,9,,,,,,,,,,,,,,,39,652
M4/2162B,10/04/2025 00:00:00,15:29:00,61,529,124,26,7,,,,,,,,,,,,,,,39,686
M4/2162B,10/04/2025 00:00:00,15:44:00,62,402,98,23,4,,,,,,,,,,,,,,,39,527
M4/2162B,10/04/2025 00:00:00,15:59:00,63,518,105,21,11,,,,,,,,,,,,,,,39,655
M4/2162B,10/04/2025 00:00:00,16:14:00,64,545,104,20,7,,,,,,,,,,,,,,,39,675
M4/2162B,10/04/2025 00:00:00,16:29:00,65,647,89,17,4,,,,,,,,,,,,,,,38,757
M4/2162B,10/04/2025 00:00:00,16:44:00,66,646,139,20,8,,,,,,,,,,,,,,,38,813
M4/2162B,10/04/2025 00:00:00,16:59:00,67,599,124,29,13,,,,,,,,,,,,,,,23,765
M4/2162B,10/04/2025 00:00:00,17:14:00,68,505,162,43,18,,,,,,,,,,,,,,,11,728
M4/2162B,10/04/2025 00:00:00,17:29:00,69,488,143,44,22,,,,,,,,,,,,,,,9,697
M4/2162B,10/04/2025 00:00:00,17:44:00,70,558,140,38,20,,,,,,,,,,,,,,,10,755
M4/2162B,10/04/2025 00:00:00,17:59:00,71,542,144,37,9,,,,,,,,,,,,,,,9,732
M4/2162B,10/04/2025 00:00:00,18:14:00,72,588,154,18,8,,,,,,,,,,,,,,,10,768
M4/2162B,10/04/2025 00:00:00,18:29:00,73,539,160,25,12,,,,,,,,,,,,,,,9,735
M4/2162B,10/04/2025 00:00:00,18:44:00,74,537,135,29,16,,,,,,,,,,,,,,,10,717
M4/2162B,10/04/2025 00:00:00,18:59:00,75,554,129,30,15,,,,,,,,,,,,,,,9,728
M4/2162B,10/04/2025 00:00:00,19:14:00,76,555,159,19,13,,,,,,,,,,,,,,,14,746
M4/2162B,10/04/2025 00:00:00,19:29:00,77,519,149,20,15,,,,,,,,,,,,,,,26,703
M4/2162B,10/04/2025 00:00:00,19:44:00,78,479,108,15,17,,,,,,,,,,,,,,,33,619
M4/2162B,10/04/2025 00:00:00,19:59:00,79,435,85,12,6,,,,,,,,,,,,,,,39,538
M4/2162B,10/04/2025 00:00:00,20:14:00,80,416,66,6,6,,,,,,,,,,,,,,,39,494
M4/2162B,10/04/2025 00:00:00,20:29:00,81,450,74,6,5,,,,,,,,,,,,,,,38,535
M4/2162B,10/04/2025 00:00:00,20:44:00,82,407,67,10,6,,,,,,,,,,,,,,,39,490
M4/2162B,10/04/2025 00:00:00,20:59:00,83,352,63,12,7,,,,,,,,,,,,,,,39,434
M4/2162B,10/04/2025 00:00:00,21:14:00,84,369,61,14,6,,,,,,,,,,,,,,,39,450
M4/2162B,10/04/2025 00:00:00,21:29:00,85,377,45,19,7,,,,,,,,,,,,,,,39,448
M4/2162B,10/04/2025 00:00:00,21:44:00,86,320,50,14,7,,,,,,,,,,,,,,,40,391
M4/2162B,10/04/2025 00:00:00,21:59:00,87,330,62,9,4,,,,,,,,,,,,,,,40,405
M4/2162B,10/04/2025 00:00:00,22:14:00,88,322,50,3,10,,,,,,,,,,,,,,,39,385
M4/2162B,10/04/2025 00:00:00,22:29:00,89,260,41,5,7,,,,,,,,,,,,,,,40,313
M4/2162B,10/04/2025 00:00:00,22:44:00,90,290,44,5,3,,,,,,,,,,,,,,,40,342
M4/2162B,10/04/2025 00:00:00,22:59:00,91,262,40,14,7,,,,,,,,,,,,,,,40,323
M4/2162B,10/04/2025 00:00:00,23:14:00,92,228,31,10,3,,,,,,,,,,,,,,,40,272
M4/2162B,10/04/2025 00:00:00,23:29:00,93,218,32,9,2,,,,,,,,,,,,,,,39,261
M4/2162B,10/04/2025 00:00:00,23:44:00,94,221,36,8,0,,,,,,,,,,,,,,,40,265
M4/2162B,10/04/2025 00:00:00,23:59:00,95,204,29,9,3,,,,,,,,,,,,,,,40,245
M4/2162B,11/04/2025 00:00:00,00:14:00,0,132,25,13,4,,,,,,,,,,,,,,,40,174
M4/2162B,11/04/2025 00:00:00,00:29:00,1,99,13,4,3,,,,,,,,,,,,,,,40,119
M4/2162B,11/04/2025 00:00:00,00:44:00,2,80,13,5,5,,,,,,,,,,,,,,,40,103
M4/2162B,11/04/2025 00:00:00,00:59:00,3,81,12,6,1,,,,,,,,,,,,,,,41,100
M4/2162B,11/04/2025 00:00:00,01:14:00,4,62,11,3,5,,,,,,,,,,,,,,,40,81
M4/2162B,11/04/2025 00:00:00,01:29:00,5,67,12,7,1,,,,,,,,,,,,,,,40,87
M4/2162B,11/04/2025 00:00:00,01:44:00,6,57,12,10,3,,,,,,,,,,,,,,,40,82
M4/2162B,11/04/2025 00:00:00,01:59:00,7,39,5,4,3,,,,,,,,,,,,,,,41,51
M4/2162B,11/04/2025 00:00:00,02:14:00,8,45,12,7,4,,,,,,,,,,,,,,,40,68
M4/2162B,11/04/2025 00:00:00,02:29:00,9,37,7,12,5,,,,,,,,,,,,,,,40,61
M4/2162B,11/04/2025 00:00:00,02:44:00,10,30,5,4,2,,,,,,,,,,,,,,,41,41
M4/2162B,11/04/2025 00:00:00,02:59:00,11,37,9,8,3,,,,,,,,,,,,,,,39,57
M4/2162B,11/04/2025 00:00:00,03:14:00,12,36,12,11,3,,,,,,,,,,,,,,,39,62
M4/2162B,11/04/2025 00:00:00,03:29:00,13,38,12,17,7,,,,,,,,,,,,,,,41,74
M4/2162B,11/04/2025 00:00:00,03:44:00,14,68,12,17,3,,,,,,,,,,,,,,,40,100
M4/2162B,11/04/2025 00:00:00,03:59:00,15,63,10,9,3,,,,,,,,,,,,,,,40,85
M4/2162B,11/04/2025 00:00:00,04:14:00,16,62,15,20,8,,,,,,,,,,,,,,,40,105
M4/2162B,11/04/2025 00:00:00,04:29:00,17,91,16,21,6,,,,,,,,,,,,,,,39,134
M4/2162B,11/04/2025 00:00:00,04:44:00,18,126,22,17,4,,,,,,,,,,,,,,,40,169
M4/2162B,11/04/2025 00:00:00,04:59:00,19,114,28,33,7,,,,,,,,,,,,,,,39,182
M4/2162B,11/04/2025 00:00:00,05:14:00,20,140,37,27,12,,,,,,,,,,,,,,,40,216
M4/2162B,11/04/2025 00:00:00,05:29:00,21,175,37,44,10,,,,,,,,,,,,,,,40,266
M4/2162B,11/04/2025 00:00:00,05:44:00,22,207,75,34,9,,,,,,,,,,,,,,,40,325
M4/2162B,11/04/2025 00:00:00,05:59:00,23,279,96,41,26,,,,,,,,,,,,,,,39,442
M4/2162B,11/04/2025 00:00:00,06:14:00,24,411,134,55,24,,,,,,,,,,,,,,,39,624
M4/2162B,11/04/2025 00:00:00,06:29:00,25,469,196,110,20,,,,,,,,,,,,,,,38,795
M4/2162B,11/04/2025 00:00:00,06:44:00,26,458,249,97,24,,,,,,,,,,,,,,,36,828
M4/2162B,11/04/2025 00:00:00,06:59:00,27,348,247,103,28,,,,,,,,,,,,,,,12,726
M4/2162B,11/04/2025 00:00:00,07:14:00,28,391,177,71,37,,,,,,,,,,,,,,,10,676
M4/2162B,11/04/2025 00:00:00,07:29:00,29,392,197,83,18,,,,,,,,,,,,,,,9,690
M4/2162B,11/04/2025 00:00:00,07:44:00,30,441,186,83,24,,,,,,,,,,,,,,,10,734
M4/2162B,11/04/2025 00:00:00,07:59:00,31,400,196,100,29,,,,,,,,,,,,,,,10,725
M4/2162B,11/04/2025 00:00:00,08:14:00,32,410,187,82,25,,,,,,,,,,,,,,,10,704
M4/2162B,11/04/2025 00:00:00,08:29:00,33,452,171,73,28,,,,,,,,,,,,,,,10,724
M4/2162B,11/04/2025 00:00:00,08:44:00,34,433,183,67,13,,,,,,,,,,,,,,,10,696
M4/2162B,11/04/2025 00:00:00,08:59:00,35,411,181,71,20,,,,,,,,,,,,,,,10,683
M4/2162B,11/04/2025 00:00:00,09:14:00,36,414,163,60,11,,,,,,,,,,,,,,,25,648
M4/2162B,11/04/2025 00:00:00,09:29:00,37,414,139,48,16,,,,,,,,,,,,,,,38,617
M4/2162B,11/04/2025 00:00:00,09:44:00,38,502,123,57,9,,,,,,,,,,,,,,,38,691
M4/2162B,11/04/2025 00:00:00,09:59:00,39,477,157,57,13,,,,,,,,,,,,,,,38,704
M4/2162B,11/04/2025 00:00:00,10:14:00,40,505,148,60,16,,,,,,,,,,,,,,,38,729
M4/2162B,11/04/2025 00:00:00,10:29:00,41,510,168,60,15,,,,,,,,,,,,,,,38,753
M4/2162B,11/04/2025 00:00:00,10:44:00,42,546,134,47,21,,,,,,,,,,,,,,,38,748
M4/2162B,11/04/2025 00:00:00,10:59:00,43,539,146,47,16,,,,,,,,,,,,,,,38,748
M4/2162B,11/04/2025 00:00:00,11:14:00,44,553,144,58,12,,,,,,,,,,,,,,,37,767
M4/2162B,11/04/2025 00:00:00,11:29:00,45,488,144,51,20,,,,,,,,,,,,,,,33,703
M4/2162B,11/04/2025 00:00:00,11:44:00,46,520,110,38,15,,,,,,,,,,,,,,,38,683
M4/2162B,11/04/2025 00:00:00,11:59:00,47,502,128,53,10,,,,,,,,,,,,,,,38,693
M4/2162B,11/04/2025 00:00:00,12:14:00,48,484,123,44,14,,,,,,,,,,,,,,,39,665
M4/2162B,11/04/2025 00:00:00,12:29:00,49,503,137,46,8,,,,,,,,,,,,,,,39,694
M4/2162B,11/04/2025 00:00:00,12:44:00,50,502,128,34,9,,,,,,,,,,,,,,,39,673
M4/2162B,11/04/2025 00:00:00,12:59:00,51,495,124,34,12,,,,,,,,,,,,,,,39,665
M4/2162B,11/04/2025 00:00:00,13:14:00,52,451,84,33,11,,,,,,,,,,,,,,,39,579
M4/2162B,11/04/2025 00:00:00,13:29:00,53,430,84,22,7,,,,,,,,,,,,,,,40,543
M4/2162B,11/04/2025 00:00:00,13:44:00,54,456,93,26,6,,,,,,,,,,,,,,,39,581
M4/2162B,11/04/2025 00:00:00,13:59:00,55,501,100,30,16,,,,,,,,,,,,,,,39,647
M4/2162B,11/04/2025 00:00:00,14:14:00,56,539,103,31,16,,,,,,,,,,,,,,,39,689
M4/2162B,11/04/2025 00:00:00,14:29:00,57,536,89,29,9,,,,,,,,,,,,,,,38,663
M4/2162B,11/04/2025 00:00:00,14:44:00,58,531,107,29,8,,,,,,,,,,,,,,,39,675
M4/2162B,11/04/2025 00:00:00,14:59:00,59,603,102,26,14,,,,,,,,,,,,,,,39,745
M4/2162B,11/04/2025 00:00:00,15:14:00,60,562,97,26,8,,,,,,,,,,,,,,,39,693
M4/2162B,11/04/2025 00:00:00,15:29:00,61,506,105,20,5,,,,,,,,,,,,,,,39,636
M4/2162B,11/04/2025 00:00:00,15:44:00,62,533,114,19,8,,,,,,,,,,,,,,,40,674
M4/2162B,11/04/2025 00:00:00,15:59:00,63,509,108,25,8,,,,,,,,,,,,,,,40,650
M4/2162B,11/04/2025 00:00:00,16:14:00,64,628,125,21,8,,,,,,,,,,,,,,,38,781
M4/2162B,11/04/2025 00:00:00,16:24:00,65,591,156,32,11,,,,,,,,,,,,,,,26,789
M4/2162B,11/04/2025 00:00:00,16:43:00,66,516,167,39,12,,,,,,,,,,,,,,,10,734
M4/2162B,11/04/2025 00:00:00,16:59:00,67,536,165,36,13,,,,,,,,,,,,,,,10,750
M4/2162B,11/04/2025 00:00:00,17:14:00,68,499,179,34,20,,,,,,,,,,,,,,,10,732
M4/2162B,11/04/2025 00:00:00,17:29:00,69,555,123,31,15,,,,,,,,,,,,,,,9,724
M4/2162B,11/04/2025 00:00:00,17:44:00,70,552,147,37,17,,,,,,,,,,,,,,,10,753
M4/2162B,11/04/2025 00:00:00,17:59:00,71,549,132,45,23,,,,,,,,,,,,,,,10,748
M4/2162B,11/04/2025 00:00:00,18:14:00,72,546,137,35,14,,,,,,,,,,,,,,,9,732
M4/2162B,11/04/2025 00:00:00,18:29:00,73,572,134,23,13,,,,,,,,,,,,,,,10,742
M4/2162B,11/04/2025 00:00:00,18:44:00,74,529,139,36,26,,,,,,,,,,,,,,,9,730
M4/2162B,11/04/2025 00:00:00,18:59:00,75,506,155,36,16,,,,,,,,,,,,,,,10,714
M4/2162B,11/04/2025 00:00:00,19:14:00,76,508,144,17,9,,,,,,,,,,,,,,,27,678
M4/2162B,11/04/2025 00:00:00,19:29:00,77,578,126,17,12,,,,,,,,,,,,,,,31,733
M4/2162B,11/04/2025 00:00:00,19:44:00,78,515,157,27,15,,,,,,,,,,,,,,,13,714
M4/2162B,11/04/2025 00:00:00,19:59:00,79,454,131,22,12,,,,,,,,,,,,,,,22,619
M4/2162B,11/04/2025 00:00:00,20:14:00,80,478,99,6,8,,,,,,,,,,,,,,,38,591
M4/2162B,11/04/2025 00:00:00,20:29:00,81,438,78,7,8,,,,,,,,,,,,,,,38,531
M4/2162B,11/04/2025 00:00:00,20:44:00,82,436,86,4,7,,,,,,,,,,,,,,,39,533
M4/2162B,11/04/2025 00:00:00,20:59:00,83,430,70,19,11,,,,,,,,,,,,,,,39,530
M4/2162B,11/04/2025 00:00:00,21:14:00,84,400,72,13,7,,,,,,,,,,,,,,,39,492
M4/2162B,11/04/2025 00:00:00,21:29:00,85,367,54,16,4,,,,,,,,,,,,,,,39,441
M4/2162B,11/04/2025 00:00:00,21:44:00,86,387,62,7,4,,,,,,,,,,,,,,,39,460
M4/2162B,11/04/2025 00:00:00,21:59:00,87,382,57,12,7,,,,,,,,,,,,,,,40,458
M4/2162B,11/04/2025 00:00:00,22:14:00,88,335,39,8,6,,,,,,,,,,,,,,,40,388
M4/2162B,11/04/2025 00:00:00,22:29:00,89,311,53,12,10,,,,,,,,,,,,,,,40,386
M4/2162B,11/04/2025 00:00:00,22:44:00,90,294,37,5,5,,,,,,,,,,,,,,,39,341
M4/2162B,11/04/2025 00:00:00,22:59:00,91,276,44,8,3,,,,,,,,,,,,,,,39,331
M4/2162B,11/04/2025 00:00:00,23:14:00,92,261,26,13,2,,,,,,,,,,,,,,,40,302
M4/2162B,11/04/2025 00:00:00,23:29:00,93,223,26,5,5,,,,,,,,,,,,,,,40,259
M4/2162B,11/04/2025 00:00:00,23:44:00,94,225,39,8,3,,,,,,,,,,,,,,,39,275
M4/2162B,11/04/2025 00:00:00,23:59:00,95,165,30,9,6,,,,,,,,,,,,,,,40,210
M4/2162B,12/04/2025 00:00:00,00:14:00,0,166,12,8,3,,,,,,,,,,,,,,,40,189
M4/2162B,12/04/2025 00:00:00,00:29:00,1,142,22,10,4,,,,,,,,,,,,,,,39,178
M4/2162B,12/04/2025 00:00:00,00:44:00,2,115,15,9,5,,,,,,,,,,,,,,,41,144
M4/2162B,12/04/2025 00:00:00,00:59:00,3,117,15,8,3,,,,,,,,,,,,,,,41,143
M4/2162B,12/04/2025 00:00:00,01:14:00,4,92,8,3,5,,,,,,,,,,,,,,,41,108
M4/2162B,12/04/2025 00:00:00,01:29:00,5,95,6,7,5,,,,,,,,,,,,,,,40,113
M4/2162B,12/04/2025 00:00:00,01:44:00,6,50,9,1,6,,,,,,,,,,,,,,,40,66
M4/2162B,12/04/2025 00:00:00,01:59:00,7,71,8,4,6,,,,,,,,,,,,,,,41,89
M4/2162B,12/04/2025 00:00:00,02:14:00,8,64,4,7,3,,,,,,,,,,,,,,,39,78
M4/2162B,12/04/2025 00:00:00,02:29:00,9,52,9,11,1,,,,,,,,,,,,,,,40,73
M4/2162B,12/04/2025 00:00:00,02:44:00,10,60,7,6,6,,,,,,,,,,,,,,,40,79
M4/2162B,12/04/2025 00:00:00,02:59:00,11,50,7,7,2,,,,,,,,,,,,,,,41,66
M4/2162B,12/04/2025 00:00:00,03:14:00,12,36,5,2,6,,,,,,,,,,,,,,,40,49
M4/2162B,12/04/2025 00:00:00,03:29:00,13,40,10,10,5,,,,,,,,,,,,,,,39,65
M4/2162B,12/04/2025 00:00:00,03:44:00,14,44,13,5,3,,,,,,,,,,,,,,,41,65
M4/2162B,12/04/2025 00:00:00,03:59:00,15,47,7,13,3,,,,,,,,,,,,,,,39,70
M4/2162B,12/04/2025 00:00:00,04:14:00,16,73,7,11,8,,,,,,,,,,,,,,,39,99
M4/2162B,12/04/2025 00:00:00,04:29:00,17,86,19,12,11,,,,,,,,,,,,,,,41,128
M4/2162B,12/04/2025 00:00:00,04:44:00,18,102,12,18,8,,,,,,,,,,,,,,,39,140
M4/2162B,12/04/2025 00:00:00,04:59:00,19,101,16,9,6,,,,,,,,,,,,,,,40,132
M4/2162B,12/04/2025 00:00:00,05:14:00,20,130,24,16,5,,,,,,,,,,,,,,,41,175
M4/2162B,12/04/2025 00:00:00,05:29:00,21,124,20,17,7,,,,,,,,,,,,,,,39,168
M4/2162B,12/04/2025 00:00:00,05:44:00,22,148,48,20,13,,,,,,,,,,,,,,,39,229
M4/2162B,12/04/2025 00:00:00,05:59:00,23,163,40,22,16,,,,,,,,,,,,,,,39,241
M4/2162B,12/04/2025 00:00:00,06:14:00,24,203,57,27,4,,,,,,,,,,,,,,,40,291
M4/2162B,12/04/2025 00:00:00,06:29:00,25,269,79,22,5,,,,,,,,,,,,,,,39,375
M4/2162B,12/04/2025 00:00:00,06:44:00,26,300,92,37,19,,,,,,,,,,,,,,,40,448
M4/2162B,12/04/2025 00:00:00,06:59:00,27,299,124,40,15,,,,,,,,,,,,,,,39,478
M4/2162B,12/04/2025 00:00:00,07:14:00,28,337,133,39,14,,,,,,,,,,,,,,,39,523
M4/2162B,12/04/2025 00:00:00,07:29:00,29,407,181,51,16,,,,,,,,,,,,,,,39,655
M4/2162B,12/04/2025 00:00:00,07:44:00,30,429,152,45,19,,,,,,,,,,,,,,,39,645
M4/2162B,12/04/2025 00:00:00,07:59:00,31,428,139,34,14,,,,,,,,,,,,,,,39,615
M4/2162B,12/04/2025 00:00:00,08:14:00,32,412,127,35,11,,,,,,,,,,,,,,,39,585
M4/2162B,12/04/2025 00:00:00,08:29:00,33,448,128,26,11,,,,,,,,,,,,,,,39,613
M4/2162B,12/04/2025 00:00:00,08:44:00,34,491,147,31,12,,,,,,,,,,,,,,,39,681
M4/2162B,12/04/2025 00:00:00,08:59:00,35,503,100,16,16,,,,,,,,,,,,,,,38,635
M4/2162B,12/04/2025 00:00:00,09:14:00,36,522,115,13,9,,,,,,,,,,,,,,,39,659
M4/2162B,12/04/2025 00:00:00,09:29:00,37,579,110,24,12,,,,,,,,,,,,,,,38,725
M4/2162B,12/04/2025 00:00:00,09:44:00,38,563,109,24,15,,,,,,,,,,,,,,,38,711
M4/2162B,12/04/2025 00:00:00,09:59:00,39,533,102,23,10,,,,,,,,,,,,,,,38,668
M4/2162B,12/04/2025 00:00:00,10:14:00,40,527,173,31,16,,,,,,,,,,,,,,,20,747
M4/2162B,12/04/2025 00:00:00,10:29:00,41,469,181,32,18,,,,,,,,,,,,,,,11,700
M4/2162B,12/04/2025 00:00:00,10:44:00,42,520,141,28,19,,,,,,,,,,,,,,,9,708
M4/2162B,12/04/2025 00:00:00,10:59:00,43,577,153,24,11,,,,,,,,,,,,,,,10,765
M4/2162B,12/04/2025 00:00:00,11:14:00,44,524,155,28,23,,,,,,,,,,,,,,,10,730
M4/2162B,12/04/2025 00:00:00,11:29:00,45,566,135,37,4,,,,,,,,,,,,,,,10,742
M4/2162B,12/04/2025 00:00:00,11:44:00,46,555,140,24,16,,,,,,,,,,,,,,,11,735
M4/2162B,12/04/2025 00:00:00,11:59:00,47,574,141,25,14,,,,,,,,,,,,,,,10,754
M4/2162B,12/04/2025 00:00:00,12:14:00,48,536,158,28,13,,,,,,,,,,,,,,,10,735
M4/2162B,12/04/2025 00:00:00,12:29:00,49,523,143,29,18,,,,,,,,,,,,,,,10,713
M4/2162B,12/04/2025 00:00:00,12:44:00,50,522,153,32,17,,,,,,,,,,,,,,,10,724
M4/2162B,12/04/2025 00:00:00,12:59:00,51,550,164,23,17,,,,,,,,,,,,,,,9,754
M4/2162B,12/04/2025 00:00:00,13:14:00,52,556,153,30,12,,,,,,,,,,,,,,,10,751
M4/2162B,12/04/2025 00:00:00,13:29:00,53,583,139,29,15,,,,,,,,,,,,,,,10,766
M4/2162B,12/04/2025 00:00:00,13:44:00,54,590,130,25,15,,,,,,,,,,,,,,,10,760
M4/2162B,12/04/2025 00:00:00,13:59:00,55,567,141,29,15,,,,,,,,,,,,,,,10,752
M4/2162B,12/04/2025 00:00:00,14:14:00,56,559,120,25,17,,,,,,,,,,,,,,,10,721
M4/2162B,12/04/2025 00:00:00,14:29:00,57,576,133,22,15,,,,,,,,,,,,,,,10,746
M4/2162B,12/04/2025 00:00:00,14:44:00,58,546,146,22,18,,,,,,,,,,,,,,,10,732
M4/2162B,12/04/2025 00:00:00,14:59:00,59,538,171,25,12,,,,,,,,,,,,,,,9,746
M4/2162B,12/04/2025 00:00:00,15:14:00,60,566,134,23,18,,,,,,,,,,,,,,,10,741
M4/2162B,12/04/2025 00:00:00,15:29:00,61,487,180,24,15,,,,,,,,,,,,,,,12,706
M4/2162B,12/04/2025 00:00:00,15:44:00,62,533,99,19,8,,,,,,,,,,,,,,,34,659
M4/2162B,12/04/2025 00:00:00,15:59:00,63,632,100,7,3,,,,,,,,,,,,,,,38,742
M4/2162B,12/04/2025 00:00:00,16:14:00,64,602,135,22,8,,,,,,,,,,,,,,,25,767
M4/2162B,12/04/2025 00:00:00,16:29:00,65,509,184,20,10,,,,,,,,,,,,,,,19,723
M4/2162B,12/04/2025 00:00:00,16:44:00,66,482,177,34,14,,,,,,,,,,,,,,,10,707
M4/2162B,12/04/2025 00:00:00,16:59:00,67,520,157,23,11,,,,,,,,,,,,,,,11,711
M4/2162B,12/04/2025 00:00:00,17:14:00,68,482,176,32,12,,,,,,,,,,,,,,,16,702
M4/2162B,12/04/2025 00:00:00,17:29:00,69,505,146,30,17,,,,,,,,,,,,,,,10,698
M4/2162B,12/04/2025 00:00:00,17:44:00,70,562,130,20,16,,,,,,,,,,,,,,,10,728
M4/2162B,12/04/2025 00:00:00,17:59:00,71,584,123,26,16,,,,,,,,,,,,,,,10,749
M4/2162B,12/04/2025 00:00:00,18:14:00,72,555,130,17,11,,,,,,,,,,,,,,,9,713
M4/2162B,12/04/2025 00:00:00,18:29:00,73,554,127,22,13,,,,,,,,,,,,,,,10,716
M4/2162B,12/04/2025 00:00:00,18:44:00,74,532,134,29,18,,,,,,,,,,,,,,,9,713
M4/2162B,12/04/2025 00:00:00,18:59:00,75,583,103,20,11,,,,,,,,,,,,,,,10,717
M4/2162B,12/04/2025 00:00:00,19:14:00,76,489,162,28,14,,,,,,,,,,,,,,,10,693
M4/2162B,12/04/2025 00:00:00,19:29:00,77,491,128,15,11,,,,,,,,,,,,,,,23,645
M4/2162B,12/04/2025 00:00:00,19:44:00,78,479,109,9,13,,,,,,,,,,,,,,,31,610
M4/2162B,12/04/2025 00:00:00,19:59:00,79,453,64,7,9,,,,,,,,,,,,,,,39,533
M4/2162B,12/04/2025 00:00:00,20:14:00,80,453,48,10,7,,,,,,,,,,,,,,,39,518
M4/2162B,12/04/2025 00:00:00,20:29:00,81,435,82,6,6,,,,,,,,,,,,,,,39,529
M4/2162B,12/04/2025 00:00:00,20:44:00,82,415,66,11,5,,,,,,,,,,,,,,,40,497
M4/2162B,12/04/2025 00:00:00,20:59:00,83,416,64,7,10,,,,,,,,,,,,,,,39,497
M4/2162B,12/04/2025 00:00:00,21:14:00,84,433,77,9,3,,,,,,,,,,,,,,,39,522
M4/2162B,12/04/2025 00:00:00,21:29:00,85,397,56,12,6,,,,,,,,,,,,,,,40,471
M4/2162B,12/04/2025 00:00:00,21:44:00,86,310,46,5,3,,,,,,,,,,,,,,,40,364
M4/2162B,12/04/2025 00:00:00,21:59:00,87,51,8,0,0,,,,,,,,,,,,,,,41,59
M4/2162B,12/04/2025 00:00:00,22:14:00,88,87,12,0,1,,,,,,,,,,,,,,,40,100
M4/2162B,12/04/2025 00:00:00,22:29:00,89,200,35,3,2,,,,,,,,,,,,,,,39,240
M4/2162B,12/04/2025 00:00:00,22:44:00,90,258,52,5,3,,,,,,,,,,,,,,,39,318
M4/2162B,12/04/2025 00:00:00,22:59:00,91,373,42,4,7,,,,,,,,,,,,,,,39,426
M4/2162B,12/04/2025 00:00:00,23:14:00,92,319,39,5,3,,,,,,,,,,,,,,,39,366
M4/2162B,12/04/2025 00:00:00,23:29:00,93,172,16,4,5,,,,,,,,,,,,,,,40,197
M4/2162B,12/04/2025 00:00:00,23:44:00,94,266,22,3,4,,,,,,,,,,,,,,,40,295
M4/2162B,12/04/2025 00:00:00,23:59:00,95,203,17,3,3,,,,,,,,,,,,,,,40,226
M4/2162B,13/04/2025 00:00:00,00:14:00,0,180,15,5,4,,,,,,,,,,,,,,,40,204
M4/2162B,13/04/2025 00:00:00,00:29:00,1,158,11,5,3,,,,,,,,,,,,,,,40,177
M4/2162B,13/04/2025 00:00:00,00:44:00,2,130,12,3,1,,,,,,,,,,,,,,,39,146
M4/2162B,13/04/2025 00:00:00,00:59:00,3,134,9,1,1,,,,,,,,,,,,,,,41,145
M4/2162B,13/04/2025 00:00:00,01:14:00,4,110,9,3,3,,,,,,,,,,,,,,,41,125
M4/2162B,13/04/2025 00:00:00,01:29:00,5,99,12,1,1,,,,,,,,,,,,,,,40,113
M4/2162B,13/04/2025 00:00:00,01:44:00,6,90,9,1,2,,,,,,,,,,,,,,,41,102
M4/2162B,13/04/2025 00:00:00,01:59:00,7,79,10,3,1,,,,,,,,,,,,,,,41,93
M4/2162B,13/04/2025 00:00:00,02:14:00,8,74,6,1,2,,,,,,,,,,,,,,,41,83
M4/2162B,13/04/2025 00:00:00,02:29:00,9,59,11,0,0,,,,,,,,,,,,,,,42,70
M4/2162B,13/04/2025 00:00:00,02:44:00,10,56,9,0,0,,,,,,,,,,,,,,,41,65
M4/2162B,13/04/2025 00:00:00,02:59:00,11,62,3,5,3,,,,,,,,,,,,,,,40,73
M4/2162B,13/04/2025 00:00:00,03:14:00,12,57,7,4,2,,,,,,,,,,,,,,,40,70
M4/2162B,13/04/2025 00:00:00,03:29:00,13,54,3,3,3,,,,,,,,,,,,,,,40,63
M4/2162B,13/04/2025 00:00:00,03:44:00,14,62,14,5,1,,,,,,,,,,,,,,,41,82
M4/2162B,13/04/2025 00:00:00,03:59:00,15,64,6,3,4,,,,,,,,,,,,,,,40,77
M4/2162B,13/04/2025 00:00:00,04:14:00,16,75,6,4,2,,,,,,,,,,,,,,,41,87
M4/2162B,13/04/2025 00:00:00,04:29:00,17,79,10,4,3,,,,,,,,,,,,,,,41,96
M4/2162B,13/04/2025 00:00:00,04:44:00,18,72,9,6,2,,,,,,,,,,,,,,,40,89
M4/2162B,13/04/2025 00:00:00,04:59:00,19,103,13,10,8,,,,,,,,,,,,,,,40,134
M4/2162B,13/04/2025 00:00:00,05:14:00,20,101,19,7,5,,,,,,,,,,,,,,,40,132
M4/2162B,13/04/2025 00:00:00,05:29:00,21,133,24,10,5,,,,,,,,,,,,,,,40,171
M4/2162B,13/04/2025 00:00:00,05:44:00,22,148,17,15,11,,,,,,,,,,,,,,,40,191
M4/2162B,13/04/2025 00:00:00,05:59:00,23,167,36,9,7,,,,,,,,,,,,,,,40,219
M4/2162B,13/04/2025 00:00:00,06:14:00,24,203,30,15,8,,,,,,,,,,,,,,,40,256
M4/2162B,13/04/2025 00:00:00,06:29:00,25,224,46,19,4,,,,,,,,,,,,,,,39,293
M4/2162B,13/04/2025 00:00:00,06:44:00,26,252,56,18,11,,,,,,,,,,,,,,,40,337
M4/2162B,13/04/2025 00:00:00,06:59:00,27,250,65,15,11,,,,,,,,,,,,,,,39,341
M4/2162B,13/04/2025 00:00:00,07:14:00,28,295,76,27,12,,,,,,,,,,,,,,,40,410
M4/2162B,13/04/2025 00:00:00,07:29:00,29,312,82,15,9,,,,,,,,,,,,,,,40,418
M4/2162B,13/04/2025 00:00:00,07:44:00,30,357,88,25,14,,,,,,,,,,,,,,,39,484
M4/2162B,13/04/2025 00:00:00,07:59:00,31,347,102,12,15,,,,,,,,,,,,,,,39,476
M4/2162B,13/04/2025 00:00:00,08:14:00,32,358,75,22,9,,,,,,,,,,,,,,,40,464
M4/2162B,13/04/2025 00:00:00,08:29:00,33,424,99,20,13,,,,,,,,,,,,,,,39,556
M4/2162B,13/04/2025 00:00:00,08:44:00,34,426,90,13,11,,,,,,,,,,,,,,,39,540
M4/2162B,13/04/2025 00:00:00,08:59:00,35,496,120,15,14,,,,,,,,,,,,,,,39,645
M4/2162B,13/04/2025 00:00:00,09:14:00,36,521,98,9,10,,,,,,,,,,,,,,,39,638
M4/2162B,13/04/2025 00:00:00,09:29:00,37,588,93,11,9,,,,,,,,,,,,,,,38,701
M4/2162B,13/04/2025 00:00:00,09:44:00,38,593,85,16,12,,,,,,,,,,,,,,,39,706
M4/2162B,13/04/2025 00:00:00,09:59:00,39,615,97,8,9,,,,,,,,,,,,,,,38,729
M4/2162B,13/04/2025 00:00:00,10:14:00,40,557,88,14,7,,,,,,,,,,,,,,,38,666
M4/2162B,13/04/2025 00:00:00,10:29:00,41,641,128,14,8,,,,,,,,,,,,,,,38,791
M4/2162B,13/04/2025 00:00:00,10:44:00,42,550,163,21,20,,,,,,,,,,,,,,,13,754
M4/2162B,13/04/2025 00:00:00,10:59:00,43,539,164,19,12,,,,,,,,,,,,,,,10,734
M4/2162B,13/04/2025 00:00:00,11:14:00,44,559,151,27,13,,,,,,,,,,,,,,,10,750
M4/2162B,13/04/2025 00:00:00,11:29:00,45,586,142,21,15,,,,,,,,,,,,,,,10,764
M4/2162B,13/04/2025 00:00:00,11:44:00,46,591,146,25,20,,,,,,,,,,,,,,,11,782
M4/2162B,13/04/2025 00:00:00,11:59:00,47,561,165,25,17,,,,,,,,,,,,,,,10,768
M4/2162B,13/04/2025 00:00:00,12:14:00,48,573,160,21,19,,,,,,,,,,,,,,,10,773
M4/2162B,13/04/2025 00:00:00,12:29:00,49,578,160,27,12,,,,,,,,,,,,,,,10,777
M4/2162B,13/04/2025 00:00:00,12:44:00,50,546,162,31,18,,,,,,,,,,,,,,,10,757
M4/2162B,13/04/2025 00:00:00,12:59:00,51,550,163,25,15,,,,,,,,,,,,,,,10,753
M4/2162B,13/04/2025 00:00:00,13:14:00,52,538,107,9,12,,,,,,,,,,,,,,,15,666
M4/2162B,13/04/2025 00:00:00,13:29:00,53,496,149,18,6,,,,,,,,,,,,,,,13,669
M4/2162B,13/04/2025 00:00:00,13:44:00,54,590,71,15,12,,,,,,,,,,,,,,,39,688
M4/2162B,13/04/2025 00:00:00,13:59:00,55,640,87,7,8,,,,,,,,,,,,,,,38,742
M4/2162B,13/04/2025 00:00:00,14:14:00,56,614,77,10,3,,,,,,,,,,,,,,,38,704
M4/2162B,13/04/2025 00:00:00,14:29:00,57,613,76,12,4,,,,,,,,,,,,,,,38,705
M4/2162B,13/04/2025 00:00:00,14:44:00,58,573,119,13,9,,,,,,,,,,,,,,,25,714
M4/2162B,13/04/2025 00:00:00,14:59:00,59,449,123,29,15,,,,,,,,,,,,,,,9,616
M4/2162B,13/04/2025 00:00:00,15:14:00,60,512,127,18,14,,,,,,,,,,,,,,,9,671
M4/2162B,13/04/2025 00:00:00,15:29:00,61,489,168,23,7,,,,,,,,,,,,,,,9,687
M4/2162B,13/04/2025 00:00:00,15:44:00,62,491,142,19,8,,,,,,,,,,,,,,,11,660
M4/2162B,13/04/2025 00:00:00,15:59:00,63,575,81,4,6,,,,,,,,,,,,,,,38,666
M4/2162B,13/04/2025 00:00:00,16:14:00,64,627,98,5,8,,,,,,,,,,,,,,,38,738
M4/2162B,13/04/2025 00:00:00,16:29:00,65,627,83,3,4,,,,,,,,,,,,,,,38,717
M4/2162B,13/04/2025 00:00:00,16:44:00,66,627,84,7,10,,,,,,,,,,,,,,,38,728
M4/2162B,13/04/2025 00:00:00,16:59:00,67,626,70,9,7,,,,,,,,,,,,,,,39,712
M4/2162B,13/04/2025 00:00:00,17:14:00,68,717,79,14,12,,,,,,,,,,,,,,,37,822
M4/2162B,13/04/2025 00:00:00,17:29:00,69,633,124,18,7,,,,,,,,,,,,,,,25,782
M4/2162B,13/04/2025 00:00:00,17:44:00,70,512,179,32,13,,,,,,,,,,,,,,,10,736
M4/2162B,13/04/2025 00:00:00,17:59:00,71,550,144,23,8,,,,,,,,,,,,,,,10,725
M4/2162B,13/04/2025 00:00:00,18:14:00,72,572,129,10,11,,,,,,,,,,,,,,,10,722
M4/2162B,13/04/2025 00:00:00,18:29:00,73,610,136,19,15,,,,,,,,,,,,,,,11,780
M4/2162B,13/04/2025 00:00:00,18:44:00,74,498,147,13,20,,,,,,,,,,,,,,,10,678
M4/2162B,13/04/2025 00:00:00,18:59:00,75,591,88,4,15,,,,,,,,,,,,,,,29,699
M4/2162B,13/04/2025 00:00:00,19:14:00,76,572,74,10,8,,,,,,,,,,,,,,,38,664
M4/2162B,13/04/2025 00:00:00,19:29:00,77,639,75,6,8,,,,,,,,,,,,,,,38,728
M4/2162B,13/04/2025 00:00:00,19:44:00,78,636,97,10,7,,,,,,,,,,,,,,,38,750
M4/2162B,13/04/2025 00:00:00,19:59:00,79,560,86,7,8,,,,,,,,,,,,,,,38,661
M4/2162B,13/04/2025 00:00:00,20:14:00,80,556,77,3,8,,,,,,,,,,,,,,,38,644
M4/2162B,13/04/2025 00:00:00,20:29:00,81,528,52,5,7,,,,,,,,,,,,,,,39,592
M4/2162B,13/04/2025 00:00:00,20:44:00,82,515,70,5,1,,,,,,,,,,,,,,,39,591
M4/2162B,13/04/2025 00:00:00,20:59:00,83,519,76,10,7,,,,,,,,,,,,,,,38,612
M4/2162B,13/04/2025 00:00:00,21:14:00,84,468,67,13,6,,,,,,,,,,,,,,,40,554
M4/2162B,13/04/2025 00:00:00,21:29:00,85,490,79,8,6,,,,,,,,,,,,,,,39,583
M4/2162B,13/04/2025 00:00:00,21:44:00,86,454,77,17,12,,,,,,,,,,,,,,,39,560
M4/2162B,13/04/2025 00:00:00,21:59:00,87,430,54,11,8,,,,,,,,,,,,,,,39,503
M4/2162B,13/04/2025 00:00:00,22:14:00,88,358,49,10,5,,,,,,,,,,,,,,,40,422
M4/2162B,13/04/2025 00:00:00,22:29:00,89,298,45,1,3,,,,,,,,,,,,,,,39,347
M4/2162B,13/04/2025 00:00:00,22:44:00,90,280,36,7,5,,,,,,,,,,,,,,,40,328
M4/2162B,13/04/2025 00:00:00,22:59:00,91,291,36,8,3,,,,,,,,,,,,,,,39,338
M4/2162B,13/04/2025 00:00:00,23:14:00,92,259,31,11,3,,,,,,,,,,,,,,,40,304
M4/2162B,13/04/2025 00:00:00,23:29:00,93,270,37,5,1,,,,,,,,,,,,,,,39,313
M4/2162B,13/04/2025 00:00:00,23:44:00,94,230,35,3,2,,,,,,,,,,,,,,,39,270
M4/2162B,13/04/2025 00:00:00,23:59:00,95,162,10,17,3,,,,,,,,,,,,,,,40,192
M4/2162B,14/04/2025 00:00:00,00:14:00,0,138,7,6,3,,,,,,,,,,,,,,,40,154
M4/2162B,14/04/2025 00:00:00,00:29:00,1,88,10,2,3,,,,,,,,,,,,,,,40,103
M4/2162B,14/04/2025 00:00:00,00:44:00,2,79,12,6,1,,,,,,,,,,,,,,,40,98
M4/2162B,14/04/2025 00:00:00,00:59:00,3,63,6,4,3,,,,,,,,,,,,,,,41,76
M4/2162B,14/04/2025 00:00:00,01:14:00,4,71,9,5,3,,,,,,,,,,,,,,,41,88
M4/2162B,14/04/2025 00:00:00,01:29:00,5,56,10,5,3,,,,,,,,,,,,,,,39,74
M4/2162B,14/04/2025 00:00:00,01:44:00,6,40,6,4,3,,,,,,,,,,,,,,,40,53
M4/2162B,14/04/2025 00:00:00,01:59:00,7,45,2,8,4,,,,,,,,,,,,,,,40,59
M4/2162B,14/04/2025 00:00:00,02:14:00,8,22,3,6,1,,,,,,,,,,,,,,,40,32
M4/2162B,14/04/2025 00:00:00,02:29:00,9,28,7,7,2,,,,,,,,,,,,,,,41,44
M4/2162B,14/04/2025 00:00:00,02:44:00,10,26,4,10,4,,,,,,,,,,,,,,,39,44
M4/2162B,14/04/2025 00:00:00,02:59:00,11,36,6,5,3,,,,,,,,,,,,,,,39,50
M4/2162B,14/04/2025 00:00:00,03:14:00,12,28,15,8,1,,,,,,,,,,,,,,,39,52
M4/2162B,14/04/2025 00:00:00,03:29:00,13,38,7,8,2,,,,,,,,,,,,,,,40,55
M4/2162B,14/04/2025 00:00:00,03:44:00,14,30,8,9,5,,,,,,,,,,,,,,,39,52
M4/2162B,14/04/2025 00:00:00,03:59:00,15,38,10,10,3,,,,,,,,,,,,,,,40,61
M4/2162B,14/04/2025 00:00:00,04:14:00,16,60,12,13,5,,,,,,,,,,,,,,,40,90
M4/2162B,14/04/2025 00:00:00,04:29:00,17,46,22,20,5,,,,,,,,,,,,,,,40,93
M4/2162B,14/04/2025 00:00:00,04:44:00,18,82,25,25,1,,,,,,,,,,,,,,,39,133
M4/2162B,14/04/2025 00:00:00,04:59:00,19,114,12,32,7,,,,,,,,,,,,,,,39,165
M4/2162B,14/04/2025 00:00:00,05:14:00,20,149,38,25,10,,,,,,,,,,,,,,,40,222
M4/2162B,14/04/2025 00:00:00,05:29:00,21,162,38,30,12,,,,,,,,,,,,,,,40,242
M4/2162B,14/04/2025 00:00:00,05:44:00,22,260,70,44,15,,,,,,,,,,,,,,,40,389
M4/2162B,14/04/2025 00:00:00,05:59:00,23,310,82,56,16,,,,,,,,,,,,,,,40,464
M4/2162B,14/04/2025 00:00:00,06:14:00,24,425,149,63,18,,,,,,,,,,,,,,,39,655
M4/2162B,14/04/2025 00:00:00,06:29:00,25,492,233,79,22,,,,,,,,,,,,,,,26,826
M4/2162B,14/04/2025 00:00:00,06:44:00,26,405,192,92,20,,,,,,,,,,,,,,,10,709
M4/2162B,14/04/2025 00:00:00,06:59:00,27,415,153,91,25,,,,,,,,,,,,,,,9,684
M4/2162B,14/04/2025 00:00:00,07:14:00,28,400,167,76,32,,,,,,,,,,,,,,,9,675
M4/2162B,14/04/2025 00:00:00,07:29:00,29,419,200,90,30,,,,,,,,,,,,,,,10,739
M4/2162B,14/04/2025 00:00:00,07:44:00,30,444,167,104,22,,,,,,,,,,,,,,,10,737
M4/2162B,14/04/2025 00:00:00,07:59:00,31,423,194,72,22,,,,,,,,,,,,,,,10,711
M4/2162B,14/04/2025 00:00:00,08:14:00,32,409,210,60,33,,,,,,,,,,,,,,,10,712
M4/2162B,14/04/2025 00:00:00,08:29:00,33,454,197,67,18,,,,,,,,,,,,,,,10,736
M4/2162B,14/04/2025 00:00:00,08:44:00,34,466,189,66,22,,,,,,,,,,,,,,,11,743
M4/2162B,14/04/2025 00:00:00,08:59:00,35,454,183,57,16,,,,,,,,,,,,,,,10,710
M4/2162B,14/04/2025 00:00:00,09:14:00,36,402,181,63,24,,,,,,,,,,,,,,,10,670
M4/2162B,14/04/2025 00:00:00,09:29:00,37,418,163,75,20,,,,,,,,,,,,,,,11,676
M4/2162B,14/04/2025 00:00:00,09:44:00,38,424,131,56,12,,,,,,,,,,,,,,,26,623
M4/2162B,14/04/2025 00:00:00,09:59:00,39,462,128,40,20,,,,,,,,,,,,,,,38,650
M4/2162B,14/04/2025 00:00:00,10:14:00,40,493,131,63,18,,,,,,,,,,,,,,,38,705
M4/2162B,14/04/2025 00:00:00,10:29:00,41,523,137,39,17,,,,,,,,,,,,,,,38,716
M4/2162B,14/04/2025 00:00:00,10:44:00,42,488,129,49,12,,,,,,,,,,,,,,,38,678
M4/2162B,14/04/2025 00:00:00,10:59:00,43,506,138,47,18,,,,,,,,,,,,,,,38,709
M4/2162B,14/04/2025 00:00:00,11:14:00,44,452,128,51,15,,,,,,,,,,,,,,,38,646
M4/2162B,14/04/2025 00:00:00,11:29:00,45,464,115,45,14,,,,,,,,,,,,,,,38,638
M4/2162B,14/04/2025 00:00:00,11:44:00,46,462,120,39,21,,,,,,,,,,,,,,,39,642
M4/2162B,14/04/2025 00:00:00,11:59:00,47,423,117,48,16,,,,,,,,,,,,,,,38,604
M4/2162B,14/04/2025 00:00:00,12:14:00,48,486,127,45,15,,,,,,,,,,,,,,,38,673
M4/2162B,14/04/2025 00:00:00,12:29:00,49,453,113,31,11,,,,,,,,,,,,,,,39,608
M4/2162B,14/04/2025 00:00:00,12:44:00,50,455,103,33,11,,,,,,,,,,,,,,,39,602
M4/2162B,14/04/2025 00:00:00,12:59:00,51,413,106,39,8,,,,,,,,,,,,,,,39,566
M4/2162B,14/04/2025 00:00:00,13:14:00,52,432,118,47,12,,,,,,,,,,,,,,,39,609
M4/2162B,14/04/2025 00:00:00,13:29:00,53,433,101,34,10,,,,,,,,,,,,,,,39,578
M4/2162B,14/04/2025 00:00:00,13:44:00,54,402,94,32,19,,,,,,,,,,,,,,,39,547
M4/2162B,14/04/2025 00:00:00,13:59:00,55,404,101,24,16,,,,,,,,,,,,,,,39,545
M4/2162B,14/04/2025 00:00:00,14:14:00,56,402,82,36,14,,,,,,,,,,,,,,,39,534
M4/2162B,14/04/2025 00:00:00,14:29:00,57,432,77,30,13,,,,,,,,,,,,,,,39,552
M4/2162B,14/04/2025 00:00:00,14:44:00,58,450,120,23,12,,,,,,,,,,,,,,,39,605
M4/2162B,14/04/2025 00:00:00,14:59:00,59,443,97,23,13,,,,,,,,,,,,,,,39,576
M4/2162B,14/04/2025 00:00:00,15:14:00,60,489,103,27,11,,,,,,,,,,,,,,,39,630
M4/2162B,14/04/2025 00:00:00,15:29:00,61,485,109,21,9,,,,,,,,,,,,,,,39,624
M4/2162B,14/04/2025 00:00:00,15:44:00,62,504,100,28,4,,,,,,,,,,,,,,,39,636
M4/2162B,14/04/2025 00:00:00,15:59:00,63,417,77,23,6,,,,,,,,,,,,,,,39,523
M4/2162B,14/04/2025 00:00:00,16:14:00,64,609,182,26,13,,,,,,,,,,,,,,,34,831
M4/2162B,14/04/2025 00:00:00,16:29:00,65,575,84,20,12,,,,,,,,,,,,,,,38,691
M4/2162B,14/04/2025 00:00:00,16:44:00,66,582,90,26,9,,,,,,,,,,,,,,,38,707
M4/2162B,14/04/2025 00:00:00,16:59:00,67,556,105,21,15,,,,,,,,,,,,,,,38,697
M4/2162B,14/04/2025 00:00:00,17:14:00,68,632,111,20,5,,,,,,,,,,,,,,,38,767
M4/2162B,14/04/2025 00:00:00,17:29:00,69,626,102,21,12,,,,,,,,,,,,,,,38,761
M4/2162B,14/04/2025 00:00:00,17:44:00,70,674,94,22,15,,,,,,,,,,,,,,,38,805
M4/2162B,14/04/2025 00:00:00,17:58:00,71,657,97,8,11,,,,,,,,,,,,,,,38,773
M4/2162B,14/04/2025 00:00:00,18:14:00,72,564,91,10,9,,,,,,,,,,,,,,,39,674
M4/2162B,14/04/2025 00:00:00,18:29:00,73,551,76,13,7,,,,,,,,,,,,,,,38,647
M4/2162B,14/04/2025 00:00:00,18:44:00,74,553,57,11,6,,,,,,,,,,,,,,,39,627
M4/2162B,14/04/2025 00:00:00,18:59:00,75,505,64,14,10,,,,,,,,,,,,,,,39,593
M4/2162B,14/04/2025 00:00:00,19:14:00,76,527,71,13,7,,,,,,,,,,,,,,,39,618
M4/2162B,14/04/2025 00:00:00,19:29:00,77,520,64,15,6,,,,,,,,,,,,,,,39,605
M4/2162B,14/04/2025 00:00:00,19:44:00,78,508,77,13,12,,,,,,,,,,,,,,,39,610
M4/2162B,14/04/2025 00:00:00,19:59:00,79,448,74,10,11,,,,,,,,,,,,,,,39,543
M4/2162B,14/04/2025 00:00:00,20:14:00,80,422,62,10,12,,,,,,,,,,,,,,,38,506
M4/2162B,14/04/2025 00:00:00,20:29:00,81,398,55,8,4,,,,,,,,,,,,,,,39,465
M4/2162B,14/04/2025 00:00:00,20:44:00,82,409,68,11,7,,,,,,,,,,,,,,,39,495
M4/2162B,14/04/2025 00:00:00,20:59:00,83,348,76,9,8,,,,,,,,,,,,,,,39,441
M4/2162B,14/04/2025 00:00:00,21:14:00,84,348,55,15,5,,,,,,,,,,,,,,,39,423
M4/2162B,14/04/2025 00:00:00,21:29:00,85,380,58,12,6,,,,,,,,,,,,,,,40,456
M4/2162B,14/04/2025 00:00:00,21:44:00,86,308,54,8,5,,,,,,,,,,,,,,,40,375
M4/2162B,14/04/2025 00:00:00,21:59:00,87,314,44,11,8,,,,,,,,,,,,,,,40,377
M4/2162B,14/04/2025 00:00:00,22:14:00,88,301,35,4,6,,,,,,,,,,,,,,,40,346
M4/2162B,14/04/2025 00:00:00,22:29:00,89,338,46,8,6,,,,,,,,,,,,,,,39,398
M4/2162B,14/04/2025 00:00:00,22:44:00,90,320,44,9,8,,,,,,,,,,,,,,,39,381
M4/2162B,14/04/2025 00:00:00,22:59:00,91,288,45,7,5,,,,,,,,,,,,,,,40,345
M4/2162B,14/04/2025 00:00:00,23:14:00,92,268,47,12,6,,,,,,,,,,,,,,,39,333
M4/2162B,14/04/2025 00:00:00,23:29:00,93,249,43,10,6,,,,,,,,,,,,,,,40,308
M4/2162B,14/04/2025 00:00:00,23:44:00,94,171,28,12,8,,,,,,,,,,,,,,,40,219
M4/2162B,14/04/2025 00:00:00,23:59:00,95,148,20,11,8,,,,,,,,,,,,,,,40,187
M4/2162B,15/04/2025 00:00:00,00:14:00,0,119,20,13,6,,,,,,,,,,,,,,,40,158
M4/2162B,15/04/2025 00:00:00,00:29:00,1,96,18,15,9,,,,,,,,,,,,,,,40,138
M4/2162B,15/04/2025 00:00:00,00:44:00,2,102,18,5,6,,,,,,,,,,,,,,,41,131
M4/2162B,15/04/2025 00:00:00,00:59:00,3,75,9,13,7,,,,,,,,,,,,,,,40,104
M4/2162B,15/04/2025 00:00:00,01:14:00,4,62,11,6,8,,,,,,,,,,,,,,,40,87
M4/2162B,15/04/2025 00:00:00,01:29:00,5,62,18,5,4,,,,,,,,,,,,,,,40,89
M4/2162B,15/04/2025 00:00:00,01:44:00,6,36,10,5,4,,,,,,,,,,,,,,,40,55
M4/2162B,15/04/2025 00:00:00,01:59:00,7,50,7,6,9,,,,,,,,,,,,,,,41,72
M4/2162B,15/04/2025 00:00:00,02:14:00,8,34,6,11,4,,,,,,,,,,,,,,,40,55
M4/2162B,15/04/2025 00:00:00,02:29:00,9,27,8,5,9,,,,,,,,,,,,,,,39,49
M4/2162B,15/04/2025 00:00:00,02:44:00,10,24,7,9,3,,,,,,,,,,,,,,,38,43
M4/2162B,15/04/2025 00:00:00,02:59:00,11,37,6,8,5,,,,,,,,,,,,,,,40,56
M4/2162B,15/04/2025 00:00:00,03:14:00,12,31,14,12,7,,,,,,,,,,,,,,,38,64
M4/2162B,15/04/2025 00:00:00,03:29:00,13,33,15,11,7,,,,,,,,,,,,,,,40,66
M4/2162B,15/04/2025 00:00:00,03:44:00,14,45,17,12,8,,,,,,,,,,,,,,,39,82
M4/2162B,15/04/2025 00:00:00,03:59:00,15,57,13,6,3,,,,,,,,,,,,,,,39,79
M4/2162B,15/04/2025 00:00:00,04:14:00,16,60,8,21,6,,,,,,,,,,,,,,,40,95
M4/2162B,15/04/2025 00:00:00,04:29:00,17,65,15,19,10,,,,,,,,,,,,,,,40,109
M4/2162B,15/04/2025 00:00:00,04:44:00,18,74,21,19,10,,,,,,,,,,,,,,,39,124
M4/2162B,15/04/2025 00:00:00,04:59:00,19,116,31,18,2,,,,,,,,,,,,,,,39,167
M4/2162B,15/04/2025 00:00:00,05:14:00,20,134,37,24,15,,,,,,,,,,,,,,,39,210
M4/2162B,15/04/2025 00:00:00,05:29:00,21,186,42,36,10,,,,,,,,,,,,,,,39,274
M4/2162B,15/04/2025 00:00:00,05:44:00,22,241,57,26,15,,,,,,,,,,,,,,,39,339
M4/2162B,15/04/2025 00:00:00,05:59:00,23,272,125,45,11,,,,,,,,,,,,,,,40,453
M4/2162B,15/04/2025 00:00:00,06:14:00,24,395,129,63,25,,,,,,,,,,,,,,,39,612
M4/2162B,15/04/2025 00:00:00,06:29:00,25,472,211,94,18,,,,,,,,,,,,,,,19,795
M4/2162B,15/04/2025 00:00:00,06:44:00,26,396,166,101,32,,,,,,,,,,,,,,,10,695
M4/2162B,15/04/2025 00:00:00,06:59:00,27,440,182,62,21,,,,,,,,,,,,,,,9,705
M4/2162B,15/04/2025 00:00:00,07:14:00,28,395,198,81,20,,,,,,,,,,,,,,,10,694
M4/2162B,15/04/2025 00:00:00,07:29:00,29,431,160,74,29,,,,,,,,,,,,,,,9,694
M4/2162B,15/04/2025 00:00:00,07:44:00,30,470,164,85,16,,,,,,,,,,,,,,,10,735
M4/2162B,15/04/2025 00:00:00,07:59:00,31,457,177,67,22,,,,,,,,,,,,,,,10,723
M4/2162B,15/04/2025 00:00:00,08:14:00,32,423,156,76,22,,,,,,,,,,,,,,,10,677
M4/2162B,15/04/2025 00:00:00,08:29:00,33,416,149,58,31,,,,,,,,,,,,,,,9,654
M4/2162B,15/04/2025 00:00:00,08:44:00,34,410,171,61,19,,,,,,,,,,,,,,,8,661
M4/2162B,15/04/2025 00:00:00,08:59:00,35,389,154,64,24,,,,,,,,,,,,,,,8,631
M4/2162B,15/04/2025 00:00:00,09:14:00,36,411,138,75,26,,,,,,,,,,,,,,,9,650
M4/2162B,15/04/2025 00:00:00,09:29:00,37,441,131,58,17,,,,,,,,,,,,,,,9,647
M4/2162B,15/04/2025 00:00:00,09:44:00,38,407,166,53,18,,,,,,,,,,,,,,,9,644
M4/2162B,15/04/2025 00:00:00,09:59:00,39,391,173,58,17,,,,,,,,,,,,,,,10,639
M4/2162B,15/04/2025 00:00:00,10:14:00,40,405,174,67,26,,,,,,,,,,,,,,,11,672
M4/2162B,15/04/2025 00:00:00,10:29:00,41,411,175,70,12,,,,,,,,,,,,,,,12,668
M4/2162B,15/04/2025 00:00:00,10:44:00,42,403,167,68,24,,,,,,,,,,,,,,,10,662
M4/2162B,15/04/2025 00:00:00,10:59:00,43,432,141,51,18,,,,,,,,,,,,,,,26,642
M4/2162B,15/04/2025 00:00:00,11:14:00,44,453,105,42,10,,,,,,,,,,,,,,,38,610
M4/2162B,15/04/2025 00:00:00,11:29:00,45,500,121,54,12,,,,,,,,,,,,,,,39,687
M4/2162B,15/04/2025 00:00:00,11:44:00,46,451,116,40,15,,,,,,,,,,,,,,,38,622
M4/2162B,15/04/2025 00:00:00,11:59:00,47,472,109,31,12,,,,,,,,,,,,,,,39,624
M4/2162B,15/04/2025 00:00:00,12:14:00,48,462,127,41,15,,,,,,,,,,,,,,,38,645
M4/2162B,15/04/2025 00:00:00,12:29:00,49,416,95,38,9,,,,,,,,,,,,,,,39,558
M4/2162B,15/04/2025 00:00:00,12:44:00,50,399,109,46,15,,,,,,,,,,,,,,,39,569
M4/2162B,15/04/2025 00:00:00,12:56:00,51,420,87,41,11,,,,,,,,,,,,,,,39,559
M4/2162B,15/04/2025 00:00:00,13:14:00,52,436,114,38,15,,,,,,,,,,,,,,,39,602
M4/2162B,15/04/2025 00:00:00,13:29:00,53,456,105,43,22,,,,,,,,,,,,,,,39,626
M4/2162B,15/04/2025 00:00:00,13:44:00,54,398,89,26,10,,,,,,,,,,,,,,,38,523
M4/2162B,15/04/2025 00:00:00,13:59:00,55,418,81,33,10,,,,,,,,,,,,,,,39,542
M4/2162B,15/04/2025 00:00:00,14:14:00,56,441,86,23,11,,,,,,,,,,,,,,,40,561
M4/2162B,15/04/2025 00:00:00,14:29:00,57,415,97,35,9,,,,,,,,,,,,,,,39,556
M4/2162B,15/04/2025 00:00:00,14:44:00,58,490,108,30,11,,,,,,,,,,,,,,,39,639
M4/2162B,15/04/2025 00:00:00,14:59:00,59,471,105,31,5,,,,,,,,,,,,,,,39,612
M4/2162B,15/04/2025 00:00:00,15:14:00,60,439,96,31,16,,,,,,,,,,,,,,,39,582
M4/2162B,15/04/2025 00:00:00,15:29:00,61,479,100,31,4,,,,,,,,,,,,,,,39,614
M4/2162B,15/04/2025 00:00:00,15:44:00,62,479,103,28,11,,,,,,,,,,,,,,,39,621
M4/2162B,15/04/2025 00:00:00,15:59:00,63,488,89,27,5,,,,,,,,,,,,,,,39,609
M4/2162B,15/04/2025 00:00:00,16:14:00,64,564,123,29,10,,,,,,,,,,,,,,,39,725
M4/2162B,15/04/2025 00:00:00,16:29:00,65,629,104,27,6,,,,,,,,,,,,,,,38,766
M4/2162B,15/04/2025 00:00:00,16:44:00,66,616,104,21,10,,,,,,,,,,,,,,,28,751
M4/2162B,15/04/2025 00:00:00,16:59:00,67,439,149,31,13,,,,,,,,,,,,,,,8,632
M4/2162B,15/04/2025 00:00:00,17:14:00,68,475,142,26,12,,,,,,,,,,,,,,,9,655
M4/2162B,15/04/2025 00:00:00,17:29:00,69,511,135,28,8,,,,,,,,,,,,,,,10,681
M4/2162B,15/04/2025 00:00:00,17:44:00,70,498,172,22,19,,,,,,,,,,,,,,,14,711
M4/2162B,15/04/2025 00:00:00,17:59:00,71,461,87,18,12,,,,,,,,,,,,,,,30,578
M4/2162B,15/04/2025 00:00:00,18:14:00,72,512,106,18,9,,,,,,,,,,,,,,,27,646
M4/2162B,15/04/2025 00:00:00,18:29:00,73,589,153,18,9,,,,,,,,,,,,,,,11,769
M4/2162B,15/04/2025 00:00:00,18:44:00,74,535,102,17,7,,,,,,,,,,,,,,,19,661
M4/2162B,15/04/2025 00:00:00,18:59:00,75,535,59,14,10,,,,,,,,,,,,,,,39,618
M4/2162B,15/04/2025 00:00:00,19:14:00,76,462,56,11,2,,,,,,,,,,,,,,,39,531
M4/2162B,15/04/2025 00:00:00,19:29:00,77,467,74,11,5,,,,,,,,,,,,,,,38,557
M4/2162B,15/04/2025 00:00:00,19:44:00,78,489,86,18,11,,,,,,,,,,,,,,,38,604
M4/2162B,15/04/2025 00:00:00,19:59:00,79,449,77,4,10,,,,,,,,,,,,,,,39,540
M4/2162B,15/04/2025 00:00:00,20:14:00,80,424,78,8,8,,,,,,,,,,,,,,,39,518
M4/2162B,15/04/2025 00:00:00,20:29:00,81,387,67,5,8,,,,,,,,,,,,,,,39,467
M4/2162B,15/04/2025 00:00:00,20:44:00,82,376,74,11,11,,,,,,,,,,,,,,,39,472
M4/2162B,15/04/2025 00:00:00,20:59:00,83,348,62,11,6,,,,,,,,,,,,,,,40,427
M4/2162B,15/04/2025 00:00:00,21:14:00,84,366,68,14,7,,,,,,,,,,,,,,,39,455
M4/2162B,15/04/2025 00:00:00,21:29:00,85,308,59,20,3,,,,,,,,,,,,,,,40,390
M4/2162B,15/04/2025 00:00:00,21:44:00,86,312,62,15,2,,,,,,,,,,,,,,,39,391
M4/2162B,15/04/2025 00:00:00,21:59:00,87,327,58,10,3,,,,,,,,,,,,,,,39,398
M4/2162B,15/04/2025 00:00:00,22:14:00,88,345,66,9,7,,,,,,,,,,,,,,,39,427
M4/2162B,15/04/2025 00:00:00,22:29:00,89,363,63,12,6,,,,,,,,,,,,,,,39,444
M4/2162B,15/04/2025 00:00:00,22:44:00,90,329,48,5,5,,,,,,,,,,,,,,,39,387
M4/2162B,15/04/2025 00:00:00,22:59:00,91,317,45,12,10,,,,,,,,,,,,,,,40,384
M4/2162B,15/04/2025 00:00:00,23:14:00,92,246,35,14,8,,,,,,,,,,,,,,,41,303
M4/2162B,15/04/2025 00:00:00,23:29:00,93,231,45,7,3,,,,,,,,,,,,,,,40,286
M4/2162B,15/04/2025 00:00:00,23:44:00,94,201,23,18,10,,,,,,,,,,,,,,,40,252
M4/2162B,15/04/2025 00:00:00,23:59:00,95,187,35,22,6,,,,,,,,,,,,,,,41,250
M4/2162B,16/04/2025 00:00:00,00:14:00,0,116,27,6,11,,,,,,,,,,,,,,,40,160
M4/2162B,16/04/2025 00:00:00,00:29:00,1,107,15,6,9,,,,,,,,,,,,,,,40,137
M4/2162B,16/04/2025 00:00:00,00:44:00,2,83,15,12,11,,,,,,,,,,,,,,,39,121
M4/2162B,16/04/2025 00:00:00,00:59:00,3,61,8,7,4,,,,,,,,,,,,,,,40,80
M4/2162B,16/04/2025 00:00:00,01:14:00,4,69,12,7,6,,,,,,,,,,,,,,,40,94
M4/2162B,16/04/2025 00:00:00,01:29:00,5,65,14,3,2,,,,,,,,,,,,,,,41,84
M4/2162B,16/04/2025 00:00:00,01:44:00,6,50,6,7,3,,,,,,,,,,,,,,,41,66
M4/2162B,16/04/2025 00:00:00,01:59:00,7,33,4,9,4,,,,,,,,,,,,,,,39,50
M4/2162B,16/04/2025 00:00:00,02:14:00,8,42,7,7,5,,,,,,,,,,,,,,,40,61
M4/2162B,16/04/2025 00:00:00,02:29:00,9,27,4,11,3,,,,,,,,,,,,,,,39,45
M4/2162B,16/04/2025 00:00:00,02:44:00,10,31,10,8,4,,,,,,,,,,,,,,,41,53
M4/2162B,16/04/2025 00:00:00,02:59:00,11,21,9,5,8,,,,,,,,,,,,,,,40,43
M4/2162B,16/04/2025 00:00:00,03:14:00,12,25,18,11,11,,,,,,,,,,,,,,,40,65
M4/2162B,16/04/2025 00:00:00,03:29:00,13,39,15,10,4,,,,,,,,,,,,,,,40,68
M4/2162B,16/04/2025 00:00:00,03:44:00,14,42,22,13,7,,,,,,,,,,,,,,,40,84
M4/2162B,16/04/2025 00:00:00,03:59:00,15,61,7,9,2,,,,,,,,,,,,,,,40,79
M4/2162B,16/04/2025 00:00:00,04:14:00,16,50,15,13,2,,,,,,,,,,,,,,,40,80
M4/2162B,16/04/2025 00:00:00,04:29:00,17,53,23,27,7,,,,,,,,,,,,,,,39,110
M4/2162B,16/04/2025 00:00:00,04:44:00,18,105,27,23,3,,,,,,,,,,,,,,,39,158
M4/2162B,16/04/2025 00:00:00,04:59:00,19,107,22,28,8,,,,,,,,,,,,,,,39,165
M4/2162B,16/04/2025 00:00:00,05:14:00,20,142,27,33,8,,,,,,,,,,,,,,,39,210
M4/2162B,16/04/2025 00:00:00,05:29:00,21,164,55,37,11,,,,,,,,,,,,,,,40,267
M4/2162B,16/04/2025 00:00:00,05:44:00,22,243,64,40,11,,,,,,,,,,,,,,,40,358
M4/2162B,16/04/2025 00:00:00,05:59:00,23,315,77,51,15,,,,,,,,,,,,,,,40,458
M4/2162B,16/04/2025 00:00:00,06:14:00,24,456,140,73,20,,,,,,,,,,,,,,,37,689
M4/2162B,16/04/2025 00:00:00,06:29:00,25,497,217,86,33,,,,,,,,,,,,,,,28,833
M4/2162B,16/04/2025 00:00:00,06:44:00,26,405,169,99,21,,,,,,,,,,,,,,,10,694
M4/2162B,16/04/2025 00:00:00,06:59:00,27,428,196,96,24,,,,,,,,,,,,,,,10,744
M4/2162B,16/04/2025 00:00:00,07:14:00,28,371,183,85,30,,,,,,,,,,,,,,,9,669
M4/2162B,16/04/2025 00:00:00,07:29:00,29,241,124,74,45,,,,,,,,,,,,,,,6,484
M4/2162B,16/04/2025 00:00:00,07:44:00,30,430,166,82,30,,,,,,,,,,,,,,,10,708
M4/2162B,16/04/2025 00:00:00,07:59:00,31,478,174,80,25,,,,,,,,,,,,,,,11,757
M4/2162B,16/04/2025 00:00:00,08:14:00,32,451,174,68,16,,,,,,,,,,,,,,,9,708
M4/2162B,16/04/2025 00:00:00,08:29:00,33,441,145,66,26,,,,,,,,,,,,,,,9,678
M4/2162B,16/04/2025 00:00:00,08:44:00,34,478,182,72,11,,,,,,,,,,,,,,,10,743
M4/2162B,16/04/2025 00:00:00,08:59:00,35,471,155,71,17,,,,,,,,,,,,,,,10,714
M4/2162B,16/04/2025 00:00:00,09:14:00,36,431,198,63,16,,,,,,,,,,,,,,,10,708
M4/2162B,16/04/2025 00:00:00,09:29:00,37,426,166,55,24,,,,,,,,,,,,,,,11,671
M4/2162B,16/04/2025 00:00:00,09:44:00,38,383,197,87,19,,,,,,,,,,,,,,,11,686
M4/2162B,16/04/2025 00:00:00,09:59:00,39,403,164,68,28,,,,,,,,,,,,,,,10,663
M4/2162B,16/04/2025 00:00:00,10:14:00,40,424,168,61,16,,,,,,,,,,,,,,,9,669
M4/2162B,16/04/2025 00:00:00,10:29:00,41,425,182,52,15,,,,,,,,,,,,,,,9,674
M4/2162B,16/04/2025 00:00:00,10:44:00,42,413,154,72,25,,,,,,,,,,,,,,,10,664
M4/2162B,16/04/2025 00:00:00,10:59:00,43,419,178,61,16,,,,,,,,,,,,,,,14,674
M4/2162B,16/04/2025 00:00:00,11:14:00,44,461,131,51,16,,,,,,,,,,,,,,,31,659
M4/2162B,16/04/2025 00:00:00,11:29:00,45,454,125,39,10,,,,,,,,,,,,,,,39,628
M4/2162B,16/04/2025 00:00:00,11:44:00,46,475,112,36,9,,,,,,,,,,,,,,,39,632
M4/2162B,16/04/2025 00:00:00,11:59:00,47,498,107,42,10,,,,,,,,,,,,,,,38,657
M4/2162B,16/04/2025 00:00:00,12:14:00,48,437,119,38,12,,,,,,,,,,,,,,,38,606
M4/2162B,16/04/2025 00:00:00,12:29:00,49,436,125,32,13,,,,,,,,,,,,,,,39,606
M4/2162B,16/04/2025 00:00:00,12:44:00,50,428,119,30,19,,,,,,,,,,,,,,,39,596
M4/2162B,16/04/2025 00:00:00,12:59:00,51,413,93,39,12,,,,,,,,,,,,,,,39,557
M4/2162B,16/04/2025 00:00:00,13:14:00,52,385,93,28,11,,,,,,,,,,,,,,,39,517
M4/2162B,16/04/2025 00:00:00,13:29:00,53,446,95,32,13,,,,,,,,,,,,,,,39,586
M4/2162B,16/04/2025 00:00:00,13:44:00,54,430,72,38,12,,,,,,,,,,,,,,,39,552
M4/2162B,16/04/2025 00:00:00,13:59:00,55,350,105,30,13,,,,,,,,,,,,,,,39,498
M4/2162B,16/04/2025 00:00:00,14:14:00,56,382,75,45,9,,,,,,,,,,,,,,,39,511
M4/2162B,16/04/2025 00:00:00,14:29:00,57,413,98,22,11,,,,,,,,,,,,,,,39,544
M4/2162B,16/04/2025 00:00:00,14:44:00,58,456,80,36,10,,,,,,,,,,,,,,,39,582
M4/2162B,16/04/2025 00:00:00,14:59:00,59,463,113,23,9,,,,,,,,,,,,,,,39,608
M4/2162B,16/04/2025 00:00:00,15:14:00,60,499,94,32,9,,,,,,,,,,,,,,,39,634
M4/2162B,16/04/2025 00:00:00,15:29:00,61,495,91,25,6,,,,,,,,,,,,,,,39,617
M4/2162B,16/04/2025 00:00:00,15:44:00,62,513,108,32,10,,,,,,,,,,,,,,,38,663
M4/2162B,16/04/2025 00:00:00,15:59:00,63,474,99,24,9,,,,,,,,,,,,,,,39,604
M4/2162B,16/04/2025 00:00:00,16:14:00,64,502,128,24,12,,,,,,,,,,,,,,,39,666
M4/2162B,16/04/2025 00:00:00,16:29:00,65,561,107,23,11,,,,,,,,,,,,,,,38,702
M4/2162B,16/04/2025 00:00:00,16:44:00,66,635,124,21,6,,,,,,,,,,,,,,,38,786
M4/2162B,16/04/2025 00:00:00,16:59:00,67,602,94,18,12,,,,,,,,,,,,,,,38,726
M4/2162B,16/04/2025 00:00:00,17:14:00,68,634,113,12,8,,,,,,,,,,,,,,,38,766
M4/2162B,16/04/2025 00:00:00,17:29:00,69,633,82,23,7,,,,,,,,,,,,,,,39,745
M4/2162B,16/04/2025 00:00:00,17:44:00,70,675,112,21,14,,,,,,,,,,,,,,,35,822
M4/2162B,16/04/2025 00:00:00,17:59:00,71,562,163,25,12,,,,,,,,,,,,,,,15,762
M4/2162B,16/04/2025 00:00:00,18:14:00,72,533,135,46,13,,,,,,,,,,,,,,,9,727
M4/2162B,16/04/2025 00:00:00,18:29:00,73,536,158,28,18,,,,,,,,,,,,,,,10,739
M4/2162B,16/04/2025 00:00:00,18:44:00,74,509,118,22,10,,,,,,,,,,,,,,,18,659
M4/2162B,16/04/2025 00:00:00,18:59:00,75,621,78,15,9,,,,,,,,,,,,,,,38,723
M4/2162B,16/04/2025 00:00:00,19:14:00,76,566,99,16,5,,,,,,,,,,,,,,,39,686
M4/2162B,16/04/2025 00:00:00,19:29:00,77,593,89,13,8,,,,,,,,,,,,,,,39,703
M4/2162B,16/04/2025 00:00:00,19:44:00,78,539,83,9,8,,,,,,,,,,,,,,,38,639
M4/2162B,16/04/2025 00:00:00,19:59:00,79,492,74,25,9,,,,,,,,,,,,,,,39,600
M4/2162B,16/04/2025 00:00:00,20:14:00,80,390,80,10,1,,,,,,,,,,,,,,,39,481
M4/2162B,16/04/2025 00:00:00,20:29:00,81,395,66,12,8,,,,,,,,,,,,,,,39,481
M4/2162B,16/04/2025 00:00:00,20:44:00,82,376,74,14,8,,,,,,,,,,,,,,,39,472
M4/2162B,16/04/2025 00:00:00,20:59:00,83,333,50,7,9,,,,,,,,,,,,,,,39,399
M4/2162B,16/04/2025 00:00:00,21:14:00,84,389,60,14,7,,,,,,,,,,,,,,,39,470
M4/2162B,16/04/2025 00:00:00,21:29:00,85,369,57,17,6,,,,,,,,,,,,,,,39,449
M4/2162B,16/04/2025 00:00:00,21:44:00,86,309,53,7,3,,,,,,,,,,,,,,,39,372
M4/2162B,16/04/2025 00:00:00,21:59:00,87,287,46,7,4,,,,,,,,,,,,,,,40,344
M4/2162B,16/04/2025 00:00:00,22:14:00,88,317,61,12,8,,,,,,,,,,,,,,,40,398
M4/2162B,16/04/2025 00:00:00,22:29:00,89,283,41,12,6,,,,,,,,,,,,,,,39,342
M4/2162B,16/04/2025 00:00:00,22:44:00,90,293,36,11,5,,,,,,,,,,,,,,,39,345
M4/2162B,16/04/2025 00:00:00,22:59:00,91,227,46,9,8,,,,,,,,,,,,,,,40,290
M4/2162B,16/04/2025 00:00:00,23:14:00,92,255,34,15,9,,,,,,,,,,,,,,,40,313
M4/2162B,16/04/2025 00:00:00,23:29:00,93,263,47,8,4,,,,,,,,,,,,,,,40,322
M4/2162B,16/04/2025 00:00:00,23:44:00,94,233,29,7,6,,,,,,,,,,,,,,,39,275
M4/2162B,16/04/2025 00:00:00,23:59:00,95,196,23,12,8,,,,,,,,,,,,,,,40,239
M4/2162B,17/04/2025 00:00:00,00:14:00,0,113,21,10,7,,,,,,,,,,,,,,,40,151
M4/2162B,17/04/2025 00:00:00,00:29:00,1,109,8,10,11,,,,,,,,,,,,,,,40,138
M4/2162B,17/04/2025 00:00:00,00:44:00,2,85,14,9,3,,,,,,,,,,,,,,,41,111
M4/2162B,17/04/2025 00:00:00,00:59:00,3,75,9,6,3,,,,,,,,,,,,,,,40,93
M4/2162B,17/04/2025 00:00:00,01:14:00,4,54,4,7,6,,,,,,,,,,,,,,,40,71
M4/2162B,17/04/2025 00:00:00,01:29:00,5,51,8,7,5,,,,,,,,,,,,,,,41,71
M4/2162B,17/04/2025 00:00:00,01:44:00,6,41,7,5,3,,,,,,,,,,,,,,,41,56
M4/2162B,17/04/2025 00:00:00,01:59:00,7,48,12,9,5,,,,,,,,,,,,,,,39,74
M4/2162B,17/04/2025 00:00:00,02:14:00,8,58,10,14,6,,,,,,,,,,,,,,,40,88
M4/2162B,17/04/2025 00:00:00,02:29:00,9,37,9,3,2,,,,,,,,,,,,,,,39,51
M4/2162B,17/04/2025 00:00:00,02:44:00,10,39,8,6,8,,,,,,,,,,,,,,,41,61
M4/2162B,17/04/2025 00:00:00,02:59:00,11,36,9,9,4,,,,,,,,,,,,,,,39,58
M4/2162B,17/04/2025 00:00:00,03:14:00,12,42,10,10,4,,,,,,,,,,,,,,,39,66
M4/2162B,17/04/2025 00:00:00,03:29:00,13,48,10,10,5,,,,,,,,,,,,,,,40,73
M4/2162B,17/04/2025 00:00:00,03:44:00,14,51,11,17,6,,,,,,,,,,,,,,,39,85
M4/2162B,17/04/2025 00:00:00,03:59:00,15,53,6,10,5,,,,,,,,,,,,,,,40,74
M4/2162B,17/04/2025 00:00:00,04:14:00,16,57,12,19,4,,,,,,,,,,,,,,,39,92
M4/2162B,17/04/2025 00:00:00,04:29:00,17,83,26,22,9,,,,,,,,,,,,,,,40,140
M4/2162B,17/04/2025 00:00:00,04:44:00,18,95,20,23,8,,,,,,,,,,,,,,,40,146
M4/2162B,17/04/2025 00:00:00,04:59:00,19,150,33,26,7,,,,,,,,,,,,,,,40,216
M4/2162B,17/04/2025 00:00:00,05:14:00,20,164,49,28,13,,,,,,,,,,,,,,,39,254
M4/2162B,17/04/2025 00:00:00,05:29:00,21,204,49,38,18,,,,,,,,,,,,,,,39,309
M4/2162B,17/04/2025 00:00:00,05:44:00,22,269,58,25,22,,,,,,,,,,,,,,,40,374
M4/2162B,17/04/2025 00:00:00,05:59:00,23,288,90,51,17,,,,,,,,,,,,,,,40,446
M4/2162B,17/04/2025 00:00:00,06:14:00,24,424,151,58,26,,,,,,,,,,,,,,,39,659
M4/2162B,17/04/2025 00:00:00,06:29:00,25,483,215,90,30,,,,,,,,,,,,,,,34,818
M4/2162B,17/04/2025 00:00:00,06:44:00,26,403,208,84,23,,,,,,,,,,,,,,,10,718
M4/2162B,17/04/2025 00:00:00,06:59:00,27,389,207,85,28,,,,,,,,,,,,,,,10,709
M4/2162B,17/04/2025 00:00:00,07:14:00,28,424,168,81,23,,,,,,,,,,,,,,,10,696
M4/2162B,17/04/2025 00:00:00,07:29:00,29,404,191,95,27,,,,,,,,,,,,,,,10,717
M4/2162B,17/04/2025 00:00:00,07:44:00,30,378,194,99,31,,,,,,,,,,,,,,,9,702
M4/2162B,17/04/2025 00:00:00,07:59:00,31,452,189,70,24,,,,,,,,,,,,,,,10,735
M4/2162B,17/04/2025 00:00:00,08:14:00,32,433,168,83,21,,,,,,,,,,,,,,,10,705
M4/2162B,17/04/2025 00:00:00,08:29:00,33,445,176,80,25,,,,,,,,,,,,,,,10,726
M4/2162B,17/04/2025 00:00:00,08:44:00,34,422,191,70,19,,,,,,,,,,,,,,,10,702
M4/2162B,17/04/2025 00:00:00,08:59:00,35,407,190,74,22,,,,,,,,,,,,,,,10,693
M4/2162B,17/04/2025 00:00:00,09:14:00,36,383,149,82,27,,,,,,,,,,,,,,,15,641
M4/2162B,17/04/2025 00:00:00,09:29:00,37,439,141,62,22,,,,,,,,,,,,,,,38,664
M4/2162B,17/04/2025 00:00:00,09:44:00,38,505,142,52,21,,,,,,,,,,,,,,,38,720
M4/2162B,17/04/2025 00:00:00,09:59:00,39,501,135,67,15,,,,,,,,,,,,,,,38,718
M4/2162B,17/04/2025 00:00:00,10:14:00,40,495,142,49,13,,,,,,,,,,,,,,,38,699
M4/2162B,17/04/2025 00:00:00,10:29:00,41,508,137,42,21,,,,,,,,,,,,,,,37,708
M4/2162B,17/04/2025 00:00:00,10:44:00,42,526,136,51,19,,,,,,,,,,,,,,,38,732
M4/2162B,17/04/2025 00:00:00,10:59:00,43,494,129,55,16,,,,,,,,,,,,,,,38,694
M4/2162B,17/04/2025 00:00:00,11:14:00,44,474,122,49,17,,,,,,,,,,,,,,,38,662
M4/2162B,17/04/2025 00:00:00,11:29:00,45,502,126,38,16,,,,,,,,,,,,,,,38,682
M4/2162B,17/04/2025 00:00:00,11:44:00,46,582,132,46,11,,,,,,,,,,,,,,,38,771
M4/2162B,17/04/2025 00:00:00,11:59:00,47,489,118,40,16,,,,,,,,,,,,,,,38,663
M4/2162B,17/04/2025 00:00:00,12:14:00,48,460,108,52,16,,,,,,,,,,,,,,,39,636
M4/2162B,17/04/2025 00:00:00,12:29:00,49,445,106,41,12,,,,,,,,,,,,,,,39,604
M4/2162B,17/04/2025 00:00:00,12:44:00,50,405,133,36,10,,,,,,,,,,,,,,,39,584
M4/2162B,17/04/2025 00:00:00,12:59:00,51,451,117,41,13,,,,,,,,,,,,,,,39,622
M4/2162B,17/04/2025 00:00:00,13:14:00,52,474,111,36,13,,,,,,,,,,,,,,,38,634
M4/2162B,17/04/2025 00:00:00,13:29:00,53,435,112,35,18,,,,,,,,,,,,,,,39,600
M4/2162B,17/04/2025 00:00:00,13:44:00,54,420,91,31,11,,,,,,,,,,,,,,,39,553
M4/2162B,17/04/2025 00:00:00,13:59:00,55,456,101,33,20,,,,,,,,,,,,,,,39,610
M4/2162B,17/04/2025 00:00:00,14:14:00,56,439,88,29,15,,,,,,,,,,,,,,,39,571
M4/2162B,17/04/2025 00:00:00,14:29:00,57,429,109,12,5,,,,,,,,,,,,,,,39,555
M4/2162B,17/04/2025 00:00:00,14:44:00,58,485,96,27,13,,,,,,,,,,,,,,,39,621
M4/2162B,17/04/2025 00:00:00,14:59:00,59,533,111,31,8,,,,,,,,,,,,,,,38,683
M4/2162B,17/04/2025 00:00:00,15:14:00,60,596,146,36,16,,,,,,,,,,,,,,,36,794
M4/2162B,17/04/2025 00:00:00,15:29:00,61,455,154,50,21,,,,,,,,,,,,,,,11,680
M4/2162B,17/04/2025 00:00:00,15:44:00,62,502,167,44,13,,,,,,,,,,,,,,,10,726
M4/2162B,17/04/2025 00:00:00,15:59:00,63,512,162,41,21,,,,,,,,,,,,,,,10,736
M4/2162B,17/04/2025 00:00:00,16:14:00,64,539,141,41,14,,,,,,,,,,,,,,,9,735
M4/2162B,17/04/2025 00:00:00,16:29:00,65,552,158,41,9,,,,,,,,,,,,,,,10,760
M4/2162B,17/04/2025 00:00:00,16:44:00,66,511,136,40,23,,,,,,,,,,,,,,,9,711
M4/2162B,17/04/2025 00:00:00,16:59:00,67,530,151,26,13,,,,,,,,,,,,,,,9,720
M4/2162B,17/04/2025 00:00:00,17:14:00,68,546,154,27,11,,,,,,,,,,,,,,,9,738
M4/2162B,17/04/2025 00:00:00,17:29:00,69,557,160,33,17,,,,,,,,,,,,,,,10,768
M4/2162B,17/04/2025 00:00:00,17:44:00,70,559,131,31,24,,,,,,,,,,,,,,,9,745
M4/2162B,17/04/2025 00:00:00,17:57:00,71,621,135,38,15,,,,,,,,,,,,,,,11,808
M4/2162B,17/04/2025 00:00:00,18:14:00,72,545,140,36,17,,,,,,,,,,,,,,,10,737
M4/2162B,17/04/2025 00:00:00,18:29:00,73,538,163,28,19,,,,,,,,,,,,,,,9,748
M4/2162B,17/04/2025 00:00:00,18:44:00,74,576,119,30,19,,,,,,,,,,,,,,,10,744
M4/2162B,17/04/2025 00:00:00,18:59:00,75,520,92,14,14,,,,,,,,,,,,,,,21,640
M4/2162B,17/04/2025 00:00:00,19:14:00,76,510,78,8,8,,,,,,,,,,,,,,,39,604
M4/2162B,17/04/2025 00:00:00,19:29:00,77,513,111,10,12,,,,,,,,,,,,,,,39,646
M4/2162B,17/04/2025 00:00:00,19:44:00,78,534,87,13,13,,,,,,,,,,,,,,,38,647
M4/2162B,17/04/2025 00:00:00,19:59:00,79,450,76,8,7,,,,,,,,,,,,,,,39,541
M4/2162B,17/04/2025 00:00:00,20:14:00,80,392,63,15,12,,,,,,,,,,,,,,,39,482
M4/2162B,17/04/2025 00:00:00,20:29:00,81,395,63,7,10,,,,,,,,,,,,,,,39,475
M4/2162B,17/04/2025 00:00:00,20:44:00,82,346,59,9,9,,,,,,,,,,,,,,,39,423
M4/2162B,17/04/2025 00:00:00,20:59:00,83,382,64,12,6,,,,,,,,,,,,,,,39,464
M4/2162B,17/04/2025 00:00:00,21:14:00,84,372,71,13,9,,,,,,,,,,,,,,,39,465
M4/2162B,17/04/2025 00:00:00,21:29:00,85,397,60,16,4,,,,,,,,,,,,,,,39,477
M4/2162B,17/04/2025 00:00:00,21:44:00,86,358,63,10,10,,,,,,,,,,,,,,,40,441
M4/2162B,17/04/2025 00:00:00,21:59:00,87,311,40,15,3,,,,,,,,,,,,,,,39,369
M4/2162B,17/04/2025 00:00:00,22:14:00,88,339,46,13,8,,,,,,,,,,,,,,,39,406
M4/2162B,17/04/2025 00:00:00,22:29:00,89,298,45,14,6,,,,,,,,,,,,,,,40,363
M4/2162B,17/04/2025 00:00:00,22:44:00,90,306,33,4,4,,,,,,,,,,,,,,,40,347
M4/2162B,17/04/2025 00:00:00,22:59:00,91,276,44,7,5,,,,,,,,,,,,,,,40,332
M4/2162B,17/04/2025 00:00:00,23:14:00,92,260,41,13,6,,,,,,,,,,,,,,,39,320
M4/2162B,17/04/2025 00:00:00,23:29:00,93,272,41,9,2,,,,,,,,,,,,,,,40,324
M4/2162B,17/04/2025 00:00:00,23:44:00,94,202,25,3,6,,,,,,,,,,,,,,,41,236
M4/2162B,17/04/2025 00:00:00,23:59:00,95,162,27,14,7,,,,,,,,,,,,,,,40,210
M4/2162B,18/04/2025 00:00:00,00:14:00,0,139,20,13,2,,,,,,,,,,,,,,,40,174
M4/2162B,18/04/2025 00:00:00,00:29:00,1,104,17,8,3,,,,,,,,,,,,,,,39,132
M4/2162B,18/04/2025 00:00:00,00:44:00,2,91,16,6,5,,,,,,,,,,,,,,,41,118
M4/2162B,18/04/2025 00:00:00,00:59:00,3,91,13,11,3,,,,,,,,,,,,,,,41,118
M4/2162B,18/04/2025 00:00:00,01:14:00,4,78,9,7,1,,,,,,,,,,,,,,,41,95
M4/2162B,18/04/2025 00:00:00,01:29:00,5,62,9,6,4,,,,,,,,,,,,,,,42,81
M4/2162B,18/04/2025 00:00:00,01:44:00,6,53,8,11,2,,,,,,,,,,,,,,,40,74
M4/2162B,18/04/2025 00:00:00,01:59:00,7,46,8,3,6,,,,,,,,,,,,,,,40,63
M4/2162B,18/04/2025 00:00:00,02:14:00,8,48,5,3,2,,,,,,,,,,,,,,,40,58
M4/2162B,18/04/2025 00:00:00,02:29:00,9,48,8,4,0,,,,,,,,,,,,,,,40,60
M4/2162B,18/04/2025 00:00:00,02:44:00,10,45,8,9,4,,,,,,,,,,,,,,,40,66
M4/2162B,18/04/2025 00:00:00,02:59:00,11,44,7,8,4,,,,,,,,,,,,,,,40,63
M4/2162B,18/04/2025 00:00:00,03:14:00,12,45,12,10,7,,,,,,,,,,,,,,,40,74
M4/2162B,18/04/2025 00:00:00,03:29:00,13,53,8,7,4,,,,,,,,,,,,,,,40,72
M4/2162B,18/04/2025 00:00:00,03:44:00,14,59,6,11,7,,,,,,,,,,,,,,,40,83
M4/2162B,18/04/2025 00:00:00,03:59:00,15,62,12,9,7,,,,,,,,,,,,,,,39,90
M4/2162B,18/04/2025 00:00:00,04:14:00,16,68,12,12,4,,,,,,,,,,,,,,,40,96
M4/2162B,18/04/2025 00:00:00,04:29:00,17,96,23,17,6,,,,,,,,,,,,,,,41,142
M4/2162B,18/04/2025 00:00:00,04:44:00,18,99,16,12,5,,,,,,,,,,,,,,,40,132
M4/2162B,18/04/2025 00:00:00,04:59:00,19,160,21,18,6,,,,,,,,,,,,,,,40,205
M4/2162B,18/04/2025 00:00:00,05:14:00,20,150,34,24,7,,,,,,,,,,,,,,,40,215
M4/2162B,18/04/2025 00:00:00,05:29:00,21,172,32,17,12,,,,,,,,,,,,,,,39,233
M4/2162B,18/04/2025 00:00:00,05:44:00,22,191,45,31,15,,,,,,,,,,,,,,,40,282
M4/2162B,18/04/2025 00:00:00,05:59:00,23,221,45,34,21,,,,,,,,,,,,,,,39,321
M4/2162B,18/04/2025 00:00:00,06:14:00,24,268,61,21,11,,,,,,,,,,,,,,,39,361
M4/2162B,18/04/2025 00:00:00,06:29:00,25,261,66,46,14,,,,,,,,,,,,,,,39,387
M4/2162B,18/04/2025 00:00:00,06:44:00,26,291,77,32,21,,,,,,,,,,,,,,,40,421
M4/2162B,18/04/2025 00:00:00,06:59:00,27,253,92,35,18,,,,,,,,,,,,,,,39,398
M4/2162B,18/04/2025 00:00:00,07:14:00,28,278,78,33,9,,,,,,,,,,,,,,,39,398
M4/2162B,18/04/2025 00:00:00,07:29:00,29,307,122,44,16,,,,,,,,,,,,,,,39,489
M4/2162B,18/04/2025 00:00:00,07:44:00,30,329,120,30,13,,,,,,,,,,,,,,,39,492
M4/2162B,18/04/2025 00:00:00,07:59:00,31,332,142,32,13,,,,,,,,,,,,,,,40,519
M4/2162B,18/04/2025 00:00:00,08:14:00,32,311,88,29,10,,,,,,,,,,,,,,,40,438
M4/2162B,18/04/2025 00:00:00,08:29:00,33,343,130,32,14,,,,,,,,,,,,,,,39,519
M4/2162B,18/04/2025 00:00:00,08:44:00,34,386,104,17,8,,,,,,,,,,,,,,,39,515
M4/2162B,18/04/2025 00:00:00,08:59:00,35,375,101,26,14,,,,,,,,,,,,,,,39,516
M4/2162B,18/04/2025 00:00:00,09:14:00,36,441,98,25,6,,,,,,,,,,,,,,,39,570
M4/2162B,18/04/2025 00:00:00,09:29:00,37,471,104,20,16,,,,,,,,,,,,,,,38,611
M4/2162B,18/04/2025 00:00:00,09:44:00,38,521,98,14,13,,,,,,,,,,,,,,,38,646
M4/2162B,18/04/2025 00:00:00,09:59:00,39,517,111,23,11,,,,,,,,,,,,,,,38,662
M4/2162B,18/04/2025 00:00:00,10:14:00,40,512,132,21,12,,,,,,,,,,,,,,,38,677
M4/2162B,18/04/2025 00:00:00,10:29:00,41,550,110,23,16,,,,,,,,,,,,,,,38,699
M4/2162B,18/04/2025 00:00:00,10:44:00,42,535,144,25,9,,,,,,,,,,,,,,,30,713
M4/2162B,18/04/2025 00:00:00,10:59:00,43,544,162,17,9,,,,,,,,,,,,,,,33,732
M4/2162B,18/04/2025 00:00:00,11:14:00,44,543,93,14,16,,,,,,,,,,,,,,,38,666
M4/2162B,18/04/2025 00:00:00,11:29:00,45,560,108,19,11,,,,,,,,,,,,,,,38,698
M4/2162B,18/04/2025 00:00:00,11:44:00,46,609,99,21,14,,,,,,,,,,,,,,,38,743
M4/2162B,18/04/2025 00:00:00,11:59:00,47,586,110,19,10,,,,,,,,,,,,,,,37,725
M4/2162B,18/04/2025 00:00:00,12:14:00,48,546,121,16,15,,,,,,,,,,,,,,,38,698
M4/2162B,18/04/2025 00:00:00,12:29:00,49,532,108,10,4,,,,,,,,,,,,,,,38,654
M4/2162B,18/04/2025 00:00:00,12:44:00,50,549,65,9,13,,,,,,,,,,,,,,,38,636
M4/2162B,18/04/2025 00:00:00,12:59:00,51,549,85,17,8,,,,,,,,,,,,,,,39,659
M4/2162B,18/04/2025 00:00:00,13:14:00,52,511,96,15,7,,,,,,,,,,,,,,,39,629
M4/2162B,18/04/2025 00:00:00,13:29:00,53,532,98,17,15,,,,,,,,,,,,,,,38,662
M4/2162B,18/04/2025 00:00:00,13:44:00,54,515,85,7,9,,,,,,,,,,,,,,,38,616
M4/2162B,18/04/2025 00:00:00,13:59:00,55,550,89,11,17,,,,,,,,,,,,,,,38,667
M4/2162B,18/04/2025 00:00:00,14:14:00,56,540,90,8,11,,,,,,,,,,,,,,,39,649
M4/2162B,18/04/2025 00:00:00,14:29:00,57,483,85,11,4,,,,,,,,,,,,,,,39,583
M4/2162B,18/04/2025 00:00:00,14:44:00,58,474,89,12,8,,,,,,,,,,,,,,,38,583
M4/2162B,18/04/2025 00:00:00,14:59:00,59,473,69,11,4,,,,,,,,,,,,,,,39,557
M4/2162B,18/04/2025 00:00:00,15:14:00,60,463,82,9,7,,,,,,,,,,,,,,,39,561
M4/2162B,18/04/2025 00:00:00,15:29:00,61,496,82,9,4,,,,,,,,,,,,,,,39,591
M4/2162B,18/04/2025 00:00:00,15:44:00,62,504,102,15,10,,,,,,,,,,,,,,,39,631
M4/2162B,18/04/2025 00:00:00,15:59:00,63,592,102,5,6,,,,,,,,,,,,,,,38,705
M4/2162B,18/04/2025 00:00:00,16:14:00,64,596,75,16,5,,,,,,,,,,,,,,,38,692
M4/2162B,18/04/2025 00:00:00,16:29:00,65,558,87,15,6,,,,,,,,,,,,,,,38,666
M4/2162B,18/04/2025 00:00:00,16:44:00,66,539,90,13,12,,,,,,,,,,,,,,,38,654
M4/2162B,18/04/2025 00:00:00,16:59:00,67,567,90,15,15,,,,,,,,,,,,,,,38,687
M4/2162B,18/04/2025 00:00:00,17:14:00,68,639,88,17,5,,,,,,,,,,,,,,,38,749
M4/2162B,18/04/2025 00:00:00,17:29:00,69,625,97,13,5,,,,,,,,,,,,,,,35,740
M4/2162B,18/04/2025 00:00:00,17:44:00,70,664,74,12,9,,,,,,,,,,,,,,,37,759
M4/2162B,18/04/2025 00:00:00,17:59:00,71,611,69,19,12,,,,,,,,,,,,,,,36,711
M4/2162B,18/04/2025 00:00:00,18:14:00,72,619,102,12,8,,,,,,,,,,,,,,,30,741
M4/2162B,18/04/2025 00:00:00,18:29:00,73,591,58,13,12,,,,,,,,,,,,,,,38,674
M4/2162B,18/04/2025 00:00:00,18:44:00,74,551,72,12,10,,,,,,,,,,,,,,,38,645
M4/2162B,18/04/2025 00:00:00,18:59:00,75,525,55,6,6,,,,,,,,,,,,,,,39,592
M4/2162B,18/04/2025 00:00:00,19:14:00,76,523,63,12,14,,,,,,,,,,,,,,,38,612
M4/2162B,18/04/2025 00:00:00,19:29:00,77,498,56,8,13,,,,,,,,,,,,,,,39,575
M4/2162B,18/04/2025 00:00:00,19:44:00,78,474,63,2,11,,,,,,,,,,,,,,,39,550
M4/2162B,18/04/2025 00:00:00,19:59:00,79,469,61,6,8,,,,,,,,,,,,,,,39,544
M4/2162B,18/04/2025 00:00:00,20:14:00,80,422,54,6,7,,,,,,,,,,,,,,,39,489
M4/2162B,18/04/2025 00:00:00,20:29:00,81,370,50,8,8,,,,,,,,,,,,,,,39,436
M4/2162B,18/04/2025 00:00:00,20:44:00,82,369,53,3,5,,,,,,,,,,,,,,,39,430
M4/2162B,18/04/2025 00:00:00,20:59:00,83,370,50,6,11,,,,,,,,,,,,,,,39,437
M4/2162B,18/04/2025 00:00:00,21:14:00,84,355,48,6,7,,,,,,,,,,,,,,,40,416
M4/2162B,18/04/2025 00:00:00,21:29:00,85,336,47,4,10,,,,,,,,,,,,,,,39,397
M4/2162B,18/04/2025 00:00:00,21:44:00,86,339,58,8,4,,,,,,,,,,,,,,,39,409
M4/2162B,18/04/2025 00:00:00,21:59:00,87,330,42,10,7,,,,,,,,,,,,,,,40,389
M4/2162B,18/04/2025 00:00:00,22:14:00,88,297,48,3,6,,,,,,,,,,,,,,,40,354
M4/2162B,18/04/2025 00:00:00,22:29:00,89,293,41,9,3,,,,,,,,,,,,,,,40,346
M4/2162B,18/04/2025 00:00:00,22:44:00,90,284,25,4,5,,,,,,,,,,,,,,,40,318
M4/2162B,18/04/2025 00:00:00,22:59:00,91,273,35,9,2,,,,,,,,,,,,,,,40,319
M4/2162B,18/04/2025 00:00:00,23:14:00,92,231,26,9,4,,,,,,,,,,,,,,,40,270
M4/2162B,18/04/2025 00:00:00,23:29:00,93,236,23,10,2,,,,,,,,,,,,,,,40,271
M4/2162B,18/04/2025 00:00:00,23:44:00,94,190,26,6,1,,,,,,,,,,,,,,,40,223
M4/2162B,18/04/2025 00:00:00,23:59:00,95,162,19,5,1,,,,,,,,,,,,,,,41,187
M4/2162B,19/04/2025 00:00:00,00:14:00,0,124,14,6,4,,,,,,,,,,,,,,,40,148
M4/2162B,19/04/2025 00:00:00,00:29:00,1,113,12,3,5,,,,,,,,,,,,,,,40,133
M4/2162B,19/04/2025 00:00:00,00:44:00,2,97,9,5,1,,,,,,,,,,,,,,,39,112
M4/2162B,19/04/2025 00:00:00,00:59:00,3,104,10,4,2,,,,,,,,,,,,,,,40,120
M4/2162B,19/04/2025 00:00:00,01:14:00,4,82,6,3,3,,,,,,,,,,,,,,,40,94
M4/2162B,19/04/2025 00:00:00,01:29:00,5,79,10,1,3,,,,,,,,,,,,,,,41,93
M4/2162B,19/04/2025 00:00:00,01:44:00,6,57,2,5,0,,,,,,,,,,,,,,,39,64
M4/2162B,19/04/2025 00:00:00,01:59:00,7,50,1,3,3,,,,,,,,,,,,,,,40,57
M4/2162B,19/04/2025 00:00:00,02:14:00,8,49,5,5,0,,,,,,,,,,,,,,,40,59
M4/2162B,19/04/2025 00:00:00,02:29:00,9,38,4,5,1,,,,,,,,,,,,,,,39,48
M4/2162B,19/04/2025 00:00:00,02:44:00,10,46,5,4,3,,,,,,,,,,,,,,,40,58
M4/2162B,19/04/2025 00:00:00,02:59:00,11,43,6,3,3,,,,,,,,,,,,,,,40,55
M4/2162B,19/04/2025 00:00:00,03:14:00,12,43,7,8,2,,,,,,,,,,,,,,,39,60
M4/2162B,19/04/2025 00:00:00,03:29:00,13,43,5,6,5,,,,,,,,,,,,,,,41,59
M4/2162B,19/04/2025 00:00:00,03:44:00,14,49,11,7,2,,,,,,,,,,,,,,,39,69
M4/2162B,19/04/2025 00:00:00,03:59:00,15,44,7,4,1,,,,,,,,,,,,,,,39,56
M4/2162B,19/04/2025 00:00:00,04:14:00,16,57,8,4,4,,,,,,,,,,,,,,,39,73
M4/2162B,19/04/2025 00:00:00,04:29:00,17,64,15,8,6,,,,,,,,,,,,,,,39,93
M4/2162B,19/04/2025 00:00:00,04:44:00,18,83,12,14,4,,,,,,,,,,,,,,,40,113
M4/2162B,19/04/2025 00:00:00,04:59:00,19,79,10,15,7,,,,,,,,,,,,,,,39,111
M4/2162B,19/04/2025 00:00:00,05:14:00,20,108,19,12,5,,,,,,,,,,,,,,,40,144
M4/2162B,19/04/2025 00:00:00,05:29:00,21,107,23,19,11,,,,,,,,,,,,,,,39,160
M4/2162B,19/04/2025 00:00:00,05:44:00,22,119,25,16,15,,,,,,,,,,,,,,,39,175
M4/2162B,19/04/2025 00:00:00,05:59:00,23,143,31,17,15,,,,,,,,,,,,,,,40,206
M4/2162B,19/04/2025 00:00:00,06:13:00,24,159,47,19,4,,,,,,,,,,,,,,,40,229
M4/2162B,19/04/2025 00:00:00,06:29:00,25,201,48,29,14,,,,,,,,,,,,,,,40,291
M4/2162B,19/04/2025 00:00:00,06:44:00,26,220,55,15,13,,,,,,,,,,,,,,,39,303
M4/2162B,19/04/2025 00:00:00,06:59:00,27,218,81,31,15,,,,,,,,,,,,,,,40,345
M4/2162B,19/04/2025 00:00:00,07:14:00,28,218,78,20,9,,,,,,,,,,,,,,,40,325
M4/2162B,19/04/2025 00:00:00,07:29:00,29,246,85,25,14,,,,,,,,,,,,,,,40,370
M4/2162B,19/04/2025 00:00:00,07:44:00,30,348,111,26,12,,,,,,,,,,,,,,,39,497
M4/2162B,19/04/2025 00:00:00,07:59:00,31,369,96,30,13,,,,,,,,,,,,,,,39,508
M4/2162B,19/04/2025 00:00:00,08:14:00,32,336,116,14,9,,,,,,,,,,,,,,,39,475
M4/2162B,19/04/2025 00:00:00,08:29:00,33,373,98,24,18,,,,,,,,,,,,,,,39,513
M4/2162B,19/04/2025 00:00:00,08:44:00,34,398,90,17,14,,,,,,,,,,,,,,,39,519
M4/2162B,19/04/2025 00:00:00,08:59:00,35,416,106,22,14,,,,,,,,,,,,,,,39,558
M4/2162B,19/04/2025 00:00:00,09:14:00,36,335,63,14,15,,,,,,,,,,,,,,,39,427
M4/2162B,19/04/2025 00:00:00,09:29:00,37,560,101,30,13,,,,,,,,,,,,,,,36,704
M4/2162B,19/04/2025 00:00:00,09:44:00,38,478,71,18,10,,,,,,,,,,,,,,,39,577
M4/2162B,19/04/2025 00:00:00,09:59:00,39,490,87,10,10,,,,,,,,,,,,,,,39,597
M4/2162B,19/04/2025 00:00:00,10:14:00,40,515,94,21,9,,,,,,,,,,,,,,,38,639
M4/2162B,19/04/2025 00:00:00,10:29:00,41,594,85,11,9,,,,,,,,,,,,,,,38,699
M4/2162B,19/04/2025 00:00:00,10:44:00,42,637,91,10,11,,,,,,,,,,,,,,,38,749
M4/2162B,19/04/2025 00:00:00,10:59:00,43,599,86,13,10,,,,,,,,,,,,,,,38,708
M4/2162B,19/04/2025 00:00:00,11:14:00,44,663,113,13,5,,,,,,,,,,,,,,,38,794
M4/2162B,19/04/2025 00:00:00,11:29:00,45,641,91,17,9,,,,,,,,,,,,,,,38,758
M4/2162B,19/04/2025 00:00:00,11:44:00,46,626,133,24,14,,,,,,,,,,,,,,,18,797
M4/2162B,19/04/2025 00:00:00,11:59:00,47,540,144,27,20,,,,,,,,,,,,,,,10,731
M4/2162B,19/04/2025 00:00:00,12:14:00,48,542,125,38,19,,,,,,,,,,,,,,,9,724
M4/2162B,19/04/2025 00:00:00,12:29:00,49,532,157,36,13,,,,,,,,,,,,,,,10,738
M4/2162B,19/04/2025 00:00:00,12:44:00,50,543,128,36,20,,,,,,,,,,,,,,,10,727
M4/2162B,19/04/2025 00:00:00,12:59:00,51,535,145,22,18,,,,,,,,,,,,,,,10,720
M4/2162B,19/04/2025 00:00:00,13:14:00,52,554,124,22,11,,,,,,,,,,,,,,,9,711
M4/2162B,19/04/2025 00:00:00,13:29:00,53,563,131,29,16,,,,,,,,,,,,,,,11,739
M4/2162B,19/04/2025 00:00:00,13:44:00,54,541,146,27,19,,,,,,,,,,,,,,,10,733
M4/2162B,19/04/2025 00:00:00,13:59:00,55,553,142,29,15,,,,,,,,,,,,,,,10,739
M4/2162B,19/04/2025 00:00:00,14:14:00,56,562,142,17,13,,,,,,,,,,,,,,,10,734
M4/2162B,19/04/2025 00:00:00,14:29:00,57,544,148,23,9,,,,,,,,,,,,,,,10,724
M4/2162B,19/04/2025 00:00:00,14:44:00,58,556,86,11,9,,,,,,,,,,,,,,,31,662
M4/2162B,19/04/2025 00:00:00,14:59:00,59,588,74,14,7,,,,,,,,,,,,,,,39,683
M4/2162B,19/04/2025 00:00:00,15:14:00,60,596,87,12,10,,,,,,,,,,,,,,,38,705
M4/2162B,19/04/2025 00:00:00,15:29:00,61,602,87,8,7,,,,,,,,,,,,,,,39,704
M4/2162B,19/04/2025 00:00:00,15:44:00,62,591,73,10,6,,,,,,,,,,,,,,,39,680
M4/2162B,19/04/2025 00:00:00,15:59:00,63,493,88,5,7,,,,,,,,,,,,,,,39,593
M4/2162B,19/04/2025 00:00:00,16:14:00,64,522,75,14,5,,,,,,,,,,,,,,,39,616
M4/2162B,19/04/2025 00:00:00,16:29:00,65,664,73,8,9,,,,,,,,,,,,,,,38,754
M4/2162B,19/04/2025 00:00:00,16:44:00,66,622,94,12,10,,,,,,,,,,,,,,,38,738
M4/2162B,19/04/2025 00:00:00,16:59:00,67,551,63,7,14,,,,,,,,,,,,,,,39,635
M4/2162B,19/04/2025 00:00:00,17:14:00,68,606,78,9,7,,,,,,,,,,,,,,,39,700
M4/2162B,19/04/2025 00:00:00,17:29:00,69,580,84,17,10,,,,,,,,,,,,,,,38,691
M4/2162B,19/04/2025 00:00:00,17:44:00,70,623,92,16,12,,,,,,,,,,,,,,,39,743
M4/2162B,19/04/2025 00:00:00,17:59:00,71,637,67,13,5,,,,,,,,,,,,,,,39,722
M4/2162B,19/04/2025 00:00:00,18:14:00,72,641,80,7,8,,,,,,,,,,,,,,,38,736
M4/2162B,19/04/2025 00:00:00,18:29:00,73,562,73,6,12,,,,,,,,,,,,,,,39,653
M4/2162B,19/04/2025 00:00:00,18:44:00,74,616,67,6,11,,,,,,,,,,,,,,,39,700
M4/2162B,19/04/2025 00:00:00,18:59:00,75,559,67,8,7,,,,,,,,,,,,,,,39,641
M4/2162B,19/04/2025 00:00:00,19:14:00,76,509,62,4,15,,,,,,,,,,,,,,,39,590
M4/2162B,19/04/2025 00:00:00,19:29:00,77,541,57,4,8,,,,,,,,,,,,,,,39,610
M4/2162B,19/04/2025 00:00:00,19:44:00,78,528,78,11,9,,,,,,,,,,,,,,,38,626
M4/2162B,19/04/2025 00:00:00,19:59:00,79,429,75,4,6,,,,,,,,,,,,,,,39,514
M4/2162B,19/04/2025 00:00:00,20:14:00,80,438,61,3,4,,,,,,,,,,,,,,,39,506
M4/2162B,19/04/2025 00:00:00,20:29:00,81,389,59,6,6,,,,,,,,,,,,,,,39,460
M4/2162B,19/04/2025 00:00:00,20:44:00,82,404,50,5,7,,,,,,,,,,,,,,,39,466
M4/2162B,19/04/2025 00:00:00,20:59:00,83,436,50,3,6,,,,,,,,,,,,,,,39,495
M4/2162B,19/04/2025 00:00:00,21:14:00,84,376,53,3,3,,,,,,,,,,,,,,,40,435
M4/2162B,19/04/2025 00:00:00,21:29:00,85,398,62,6,4,,,,,,,,,,,,,,,39,470
M4/2162B,19/04/2025 00:00:00,21:44:00,86,380,45,3,4,,,,,,,,,,,,,,,40,432
M4/2162B,19/04/2025 00:00:00,21:59:00,87,394,54,5,5,,,,,,,,,,,,,,,40,458
M4/2162B,19/04/2025 00:00:00,22:14:00,88,400,45,4,4,,,,,,,,,,,,,,,39,453
M4/2162B,19/04/2025 00:00:00,22:29:00,89,399,41,6,5,,,,,,,,,,,,,,,39,451
M4/2162B,19/04/2025 00:00:00,22:44:00,90,322,41,6,1,,,,,,,,,,,,,,,39,370
M4/2162B,19/04/2025 00:00:00,22:59:00,91,300,29,5,3,,,,,,,,,,,,,,,40,337
M4/2162B,19/04/2025 00:00:00,23:14:00,92,268,27,2,1,,,,,,,,,,,,,,,39,298
M4/2162B,19/04/2025 00:00:00,23:29:00,93,269,30,4,3,,,,,,,,,,,,,,,40,306
M4/2162B,19/04/2025 00:00:00,23:44:00,94,201,19,3,2,,,,,,,,,,,,,,,41,225
M4/2162B,19/04/2025 00:00:00,23:59:00,95,202,18,4,0,,,,,,,,,,,,,,,40,224
M4/2162B,20/04/2025 00:00:00,00:14:00,0,182,12,2,6,,,,,,,,,,,,,,,40,202
M4/2162B,20/04/2025 00:00:00,00:29:00,1,128,10,0,1,,,,,,,,,,,,,,,40,139
M4/2162B,20/04/2025 00:00:00,00:44:00,2,128,10,3,0,,,,,,,,,,,,,,,40,141
M4/2162B,20/04/2025 00:00:00,00:59:00,3,115,9,2,1,,,,,,,,,,,,,,,40,127
M4/2162B,20/04/2025 00:00:00,01:14:00,4,107,7,1,3,,,,,,,,,,,,,,,40,118
M4/2162B,20/04/2025 00:00:00,01:29:00,5,87,5,3,1,,,,,,,,,,,,,,,41,96
M4/2162B,20/04/2025 00:00:00,01:44:00,6,84,6,2,0,,,,,,,,,,,,,,,40,92
M4/2162B,20/04/2025 00:00:00,01:59:00,7,79,8,1,3,,,,,,,,,,,,,,,40,91
M4/2162B,20/04/2025 00:00:00,02:14:00,8,59,5,5,3,,,,,,,,,,,,,,,42,72
M4/2162B,20/04/2025 00:00:00,02:29:00,9,72,6,0,1,,,,,,,,,,,,,,,40,79
M4/2162B,20/04/2025 00:00:00,02:44:00,10,61,5,4,2,,,,,,,,,,,,,,,41,72
M4/2162B,20/04/2025 00:00:00,02:59:00,11,44,7,4,3,,,,,,,,,,,,,,,40,58
M4/2162B,20/04/2025 00:00:00,03:14:00,12,39,4,1,1,,,,,,,,,,,,,,,40,45
M4/2162B,20/04/2025 00:00:00,03:29:00,13,37,9,1,0,,,,,,,,,,,,,,,41,47
M4/2162B,20/04/2025 00:00:00,03:44:00,14,55,5,1,1,,,,,,,,,,,,,,,39,62
M4/2162B,20/04/2025 00:00:00,03:59:00,15,51,11,2,2,,,,,,,,,,,,,,,40,66
M4/2162B,20/04/2025 00:00:00,04:14:00,16,58,10,4,2,,,,,,,,,,,,,,,40,74
M4/2162B,20/04/2025 00:00:00,04:29:00,17,50,4,3,2,,,,,,,,,,,,,,,40,59
M4/2162B,20/04/2025 00:00:00,04:44:00,18,72,8,3,4,,,,,,,,,,,,,,,40,87
M4/2162B,20/04/2025 00:00:00,04:59:00,19,77,15,7,9,,,,,,,,,,,,,,,40,108
M4/2162B,20/04/2025 00:00:00,05:14:00,20,84,18,4,4,,,,,,,,,,,,,,,39,110
M4/2162B,20/04/2025 00:00:00,05:29:00,21,99,13,6,6,,,,,,,,,,,,,,,39,124
M4/2162B,20/04/2025 00:00:00,05:44:00,22,125,20,8,10,,,,,,,,,,,,,,,40,163
M4/2162B,20/04/2025 00:00:00,05:59:00,23,131,20,7,7,,,,,,,,,,,,,,,40,165
M4/2162B,20/04/2025 00:00:00,06:14:00,24,152,24,15,7,,,,,,,,,,,,,,,40,198
M4/2162B,20/04/2025 00:00:00,06:29:00,25,182,38,11,8,,,,,,,,,,,,,,,40,239
M4/2162B,20/04/2025 00:00:00,06:44:00,26,196,49,5,11,,,,,,,,,,,,,,,40,261
M4/2162B,20/04/2025 00:00:00,06:59:00,27,179,49,9,7,,,,,,,,,,,,,,,40,244
M4/2162B,20/04/2025 00:00:00,07:14:00,28,213,70,7,9,,,,,,,,,,,,,,,40,299
M4/2162B,20/04/2025 00:00:00,07:29:00,29,221,64,13,8,,,,,,,,,,,,,,,40,306
M4/2162B,20/04/2025 00:00:00,07:44:00,30,285,87,17,14,,,,,,,,,,,,,,,39,403
M4/2162B,20/04/2025 00:00:00,07:59:00,31,300,86,9,9,,,,,,,,,,,,,,,39,404
M4/2162B,20/04/2025 00:00:00,08:14:00,32,245,67,10,6,,,,,,,,,,,,,,,40,328
M4/2162B,20/04/2025 00:00:00,08:29:00,33,297,79,6,12,,,,,,,,,,,,,,,40,394
M4/2162B,20/04/2025 00:00:00,08:44:00,34,316,75,5,16,,,,,,,,,,,,,,,39,412
M4/2162B,20/04/2025 00:00:00,08:59:00,35,370,83,7,10,,,,,,,,,,,,,,,39,470
M4/2162B,20/04/2025 00:00:00,09:14:00,36,392,79,10,10,,,,,,,,,,,,,,,39,491
M4/2162B,20/04/2025 00:00:00,09:29:00,37,419,78,10,9,,,,,,,,,,,,,,,39,516
M4/2162B,20/04/2025 00:00:00,09:44:00,38,462,52,8,7,,,,,,,,,,,,,,,39,529
M4/2162B,20/04/2025 00:00:00,09:59:00,39,495,55,4,7,,,,,,,,,,,,,,,39,561
M4/2162B,20/04/2025 00:00:00,10:14:00,40,485,69,5,8,,,,,,,,,,,,,,,39,567
M4/2162B,20/04/2025 00:00:00,10:29:00,41,531,80,5,6,,,,,,,,,,,,,,,39,622
M4/2162B,20/04/2025 00:00:00,10:44:00,42,594,87,4,9,,,,,,,,,,,,,,,38,694
M4/2162B,20/04/2025 00:00:00,10:59:00,43,593,80,7,8,,,,,,,,,,,,,,,38,688
M4/2162B,20/04/2025 00:00:00,11:14:00,44,387,117,33,18,,,,,,,,,,,,,,,10,555
M4/2162B,20/04/2025 00:00:00,11:29:00,45,266,73,45,33,,,,,,,,,,,,,,,5,417
M4/2162B,20/04/2025 00:00:00,11:44:00,46,247,75,36,39,,,,,,,,,,,,,,,5,397
M4/2162B,20/04/2025 00:00:00,11:59:00,47,177,52,38,44,,,,,,,,,,,,,,,5,311
M4/2162B,20/04/2025 00:00:00,12:14:00,48,315,82,35,33,,,,,,,,,,,,,,,6,465
M4/2162B,20/04/2025 00:00:00,12:29:00,49,249,77,40,34,,,,,,,,,,,,,,,5,400
M4/2162B,20/04/2025 00:00:00,12:44:00,50,277,94,44,24,,,,,,,,,,,,,,,6,439
M4/2162B,20/04/2025 00:00:00,12:59:00,51,286,81,36,37,,,,,,,,,,,,,,,7,440
M4/2162B,20/04/2025 00:00:00,13:14:00,52,453,51,4,6,,,,,,,,,,,,,,,39,514
M4/2162B,20/04/2025 00:00:00,13:29:00,53,508,68,7,4,,,,,,,,,,,,,,,39,587
M4/2162B,20/04/2025 00:00:00,13:44:00,54,590,65,4,11,,,,,,,,,,,,,,,38,670
M4/2162B,20/04/2025 00:00:00,13:59:00,55,616,85,5,6,,,,,,,,,,,,,,,38,712
M4/2162B,20/04/2025 00:00:00,14:14:00,56,614,81,10,4,,,,,,,,,,,,,,,38,709
M4/2162B,20/04/2025 00:00:00,14:29:00,57,633,81,10,6,,,,,,,,,,,,,,,38,730
M4/2162B,20/04/2025 00:00:00,14:44:00,58,586,64,9,6,,,,,,,,,,,,,,,39,665
M4/2162B,20/04/2025 00:00:00,14:59:00,59,558,83,3,10,,,,,,,,,,,,,,,38,654
M4/2162B,20/04/2025 00:00:00,15:14:00,60,530,76,7,10,,,,,,,,,,,,,,,39,623
M4/2162B,20/04/2025 00:00:00,15:29:00,61,561,81,8,4,,,,,,,,,,,,,,,39,654
M4/2162B,20/04/2025 00:00:00,15:44:00,62,548,95,3,6,,,,,,,,,,,,,,,38,652
M4/2162B,20/04/2025 00:00:00,15:59:00,63,606,68,3,2,,,,,,,,,,,,,,,39,679
M4/2162B,20/04/2025 00:00:00,16:14:00,64,605,76,9,7,,,,,,,,,,,,,,,38,697
M4/2162B,20/04/2025 00:00:00,16:29:00,65,632,68,6,5,,,,,,,,,,,,,,,38,711
M4/2162B,20/04/2025 00:00:00,16:44:00,66,582,86,7,9,,,,,,,,,,,,,,,39,684
M4/2162B,20/04/2025 00:00:00,16:59:00,67,651,89,9,13,,,,,,,,,,,,,,,38,762
M4/2162B,20/04/2025 00:00:00,17:14:00,68,650,73,11,13,,,,,,,,,,,,,,,38,747
M4/2162B,20/04/2025 00:00:00,17:29:00,69,609,77,14,7,,,,,,,,,,,,,,,38,707
M4/2162B,20/04/2025 00:00:00,17:44:00,70,670,80,7,8,,,,,,,,,,,,,,,38,765
M4/2162B,20/04/2025 00:00:00,17:59:00,71,737,77,5,6,,,,,,,,,,,,,,,38,825
M4/2162B,20/04/2025 00:00:00,18:14:00,72,649,107,15,12,,,,,,,,,,,,,,,17,783
M4/2162B,20/04/2025 00:00:00,18:29:00,73,564,134,19,8,,,,,,,,,,,,,,,9,725
M4/2162B,20/04/2025 00:00:00,18:44:00,74,594,112,16,12,,,,,,,,,,,,,,,10,734
M4/2162B,20/04/2025 00:00:00,18:59:00,75,607,118,21,5,,,,,,,,,,,,,,,10,751
M4/2162B,20/04/2025 00:00:00,19:14:00,76,575,121,17,11,,,,,,,,,,,,,,,10,724
M4/2162B,20/04/2025 00:00:00,19:29:00,77,575,116,15,6,,,,,,,,,,,,,,,9,712
M4/2162B,20/04/2025 00:00:00,19:44:00,78,550,131,24,7,,,,,,,,,,,,,,,9,712
M4/2162B,20/04/2025 00:00:00,19:59:00,79,561,118,15,8,,,,,,,,,,,,,,,9,702
M4/2162B,20/04/2025 00:00:00,20:14:00,80,517,124,9,8,,,,,,,,,,,,,,,15,658
M4/2162B,20/04/2025 00:00:00,20:29:00,81,548,72,8,1,,,,,,,,,,,,,,,39,629
M4/2162B,20/04/2025 00:00:00,20:44:00,82,534,53,3,3,,,,,,,,,,,,,,,39,593
M4/2162B,20/04/2025 00:00:00,20:59:00,83,585,92,7,6,,,,,,,,,,,,,,,39,690
M4/2162B,20/04/2025 00:00:00,21:14:00,84,616,79,7,6,,,,,,,,,,,,,,,38,708
M4/2162B,20/04/2025 00:00:00,21:29:00,85,551,74,7,3,,,,,,,,,,,,,,,39,635
M4/2162B,20/04/2025 00:00:00,21:44:00,86,540,70,6,6,,,,,,,,,,,,,,,39,622
M4/2162B,20/04/2025 00:00:00,21:59:00,87,455,52,1,6,,,,,,,,,,,,,,,39,514
M4/2162B,20/04/2025 00:00:00,22:14:00,88,404,49,5,7,,,,,,,,,,,,,,,39,465
M4/2162B,20/04/2025 00:00:00,22:29:00,89,411,49,3,5,,,,,,,,,,,,,,,39,468
M4/2162B,20/04/2025 00:00:00,22:44:00,90,375,35,4,5,,,,,,,,,,,,,,,39,419
M4/2162B,20/04/2025 00:00:00,22:59:00,91,314,31,3,4,,,,,,,,,,,,,,,39,352
M4/2162B,20/04/2025 00:00:00,23:14:00,92,309,26,3,5,,,,,,,,,,,,,,,40,343
M4/2162B,20/04/2025 00:00:00,23:29:00,93,280,23,5,1,,,,,,,,,,,,,,,40,309
M4/2162B,20/04/2025 00:00:00,23:44:00,94,243,27,1,0,,,,,,,,,,,,,,,40,271
M4/2162B,20/04/2025 00:00:00,23:59:00,95,209,14,4,0,,,,,,,,,,,,,,,40,227
M4/2162B,21/04/2025 00:00:00,00:14:00,0,151,16,1,4,,,,,,,,,,,,,,,40,172
M4/2162B,21/04/2025 00:00:00,00:29:00,1,120,9,4,0,,,,,,,,,,,,,,,40,133
M4/2162B,21/04/2025 00:00:00,00:44:00,2,137,16,1,2,,,,,,,,,,,,,,,41,156
M4/2162B,21/04/2025 00:00:00,00:59:00,3,104,11,2,0,,,,,,,,,,,,,,,41,117
M4/2162B,21/04/2025 00:00:00,01:14:00,4,81,7,0,4,,,,,,,,,,,,,,,40,92
M4/2162B,21/04/2025 00:00:00,01:29:00,5,59,4,0,2,,,,,,,,,,,,,,,41,65
M4/2162B,21/04/2025 00:00:00,01:44:00,6,59,2,1,3,,,,,,,,,,,,,,,39,65
M4/2162B,21/04/2025 00:00:00,01:59:00,7,46,6,5,1,,,,,,,,,,,,,,,40,58
M4/2162B,21/04/2025 00:00:00,02:14:00,8,48,3,7,4,,,,,,,,,,,,,,,41,62
M4/2162B,21/04/2025 00:00:00,02:29:00,9,42,6,2,3,,,,,,,,,,,,,,,39,53
M4/2162B,21/04/2025 00:00:00,02:44:00,10,39,2,2,1,,,,,,,,,,,,,,,40,44
M4/2162B,21/04/2025 00:00:00,02:59:00,11,35,2,2,5,,,,,,,,,,,,,,,39,44
M4/2162B,21/04/2025 00:00:00,03:14:00,12,35,7,4,1,,,,,,,,,,,,,,,40,47
M4/2162B,21/04/2025 00:00:00,03:29:00,13,34,6,3,2,,,,,,,,,,,,,,,39,45
M4/2162B,21/04/2025 00:00:00,03:44:00,14,34,6,2,1,,,,,,,,,,,,,,,41,43
M4/2162B,21/04/2025 00:00:00,03:59:00,15,48,3,4,1,,,,,,,,,,,,,,,41,56
M4/2162B,21/04/2025 00:00:00,04:14:00,16,54,10,7,2,,,,,,,,,,,,,,,41,73
M4/2162B,21/04/2025 00:00:00,04:29:00,17,65,16,8,4,,,,,,,,,,,,,,,40,93
M4/2162B,21/04/2025 00:00:00,04:44:00,18,67,15,14,5,,,,,,,,,,,,,,,39,101
M4/2162B,21/04/2025 00:00:00,04:59:00,19,77,11,15,7,,,,,,,,,,,,,,,39,110
M4/2162B,21/04/2025 00:00:00,05:14:00,20,97,16,9,11,,,,,,,,,,,,,,,40,133
M4/2162B,21/04/2025 00:00:00,05:29:00,21,119,21,19,8,,,,,,,,,,,,,,,39,167
M4/2162B,21/04/2025 00:00:00,05:44:00,22,130,22,26,15,,,,,,,,,,,,,,,40,193
M4/2162B,21/04/2025 00:00:00,05:59:00,23,157,34,22,12,,,,,,,,,,,,,,,40,225
M4/2162B,21/04/2025 00:00:00,06:14:00,24,160,44,17,8,,,,,,,,,,,,,,,40,229
M4/2162B,21/04/2025 00:00:00,06:29:00,25,209,50,27,10,,,,,,,,,,,,,,,40,296
M4/2162B,21/04/2025 00:00:00,06:44:00,26,203,51,23,19,,,,,,,,,,,,,,,40,296
M4/2162B,21/04/2025 00:00:00,06:59:00,27,212,61,13,11,,,,,,,,,,,,,,,40,297
M4/2162B,21/04/2025 00:00:00,07:14:00,28,223,78,15,12,,,,,,,,,,,,,,,40,328
M4/2162B,21/04/2025 00:00:00,07:29:00,29,248,98,10,9,,,,,,,,,,,,,,,40,365
M4/2162B,21/04/2025 00:00:00,07:44:00,30,296,121,22,12,,,,,,,,,,,,,,,39,451
M4/2162B,21/04/2025 00:00:00,07:59:00,31,291,84,12,15,,,,,,,,,,,,,,,39,402
M4/2162B,21/04/2025 00:00:00,08:14:00,32,286,89,10,6,,,,,,,,,,,,,,,39,391
M4/2162B,21/04/2025 00:00:00,08:29:00,33,294,95,9,9,,,,,,,,,,,,,,,40,407
M4/2162B,21/04/2025 00:00:00,08:44:00,34,276,79,23,14,,,,,,,,,,,,,,,40,392
M4/2162B,21/04/2025 00:00:00,08:59:00,35,314,66,12,14,,,,,,,,,,,,,,,40,406
M4/2162B,21/04/2025 00:00:00,09:14:00,36,313,73,11,5,,,,,,,,,,,,,,,39,402
M4/2162B,21/04/2025 00:00:00,09:29:00,37,357,63,15,11,,,,,,,,,,,,,,,39,446
M4/2162B,21/04/2025 00:00:00,09:44:00,38,453,75,8,8,,,,,,,,,,,,,,,39,544
M4/2162B,21/04/2025 00:00:00,09:59:00,39,462,96,18,9,,,,,,,,,,,,,,,38,585
M4/2162B,21/04/2025 00:00:00,10:14:00,40,514,78,11,7,,,,,,,,,,,,,,,39,610
M4/2162B,21/04/2025 00:00:00,10:29:00,41,563,74,17,5,,,,,,,,,,,,,,,39,659
M4/2162B,21/04/2025 00:00:00,10:44:00,42,648,89,11,5,,,,,,,,,,,,,,,38,753
M4/2162B,21/04/2025 00:00:00,10:59:00,43,663,83,10,9,,,,,,,,,,,,,,,39,765
M4/2162B,21/04/2025 00:00:00,11:14:00,44,678,101,10,7,,,,,,,,,,,,,,,39,796
M4/2162B,21/04/2025 00:00:00,11:29:00,45,564,160,29,8,,,,,,,,,,,,,,,16,761
M4/2162B,21/04/2025 00:00:00,11:44:00,46,562,145,21,12,,,,,,,,,,,,,,,10,740
M4/2162B,21/04/2025 00:00:00,11:59:00,47,581,158,17,14,,,,,,,,,,,,,,,10,770
M4/2162B,21/04/2025 00:00:00,12:14:00,48,570,142,24,16,,,,,,,,,,,,,,,10,752
M4/2162B,21/04/2025 00:00:00,12:29:00,49,533,154,22,19,,,,,,,,,,,,,,,9,728
M4/2162B,21/04/2025 00:00:00,12:44:00,50,589,143,25,20,,,,,,,,,,,,,,,10,777
M4/2162B,21/04/2025 00:00:00,12:59:00,51,574,141,27,8,,,,,,,,,,,,,,,9,750
M4/2162B,21/04/2025 00:00:00,13:14:00,52,564,115,23,7,,,,,,,,,,,,,,,9,709
M4/2162B,21/04/2025 00:00:00,13:29:00,53,561,143,20,9,,,,,,,,,,,,,,,10,733
M4/2162B,21/04/2025 00:00:00,13:44:00,54,589,129,14,12,,,,,,,,,,,,,,,10,744
M4/2162B,21/04/2025 00:00:00,13:59:00,55,570,155,35,11,,,,,,,,,,,,,,,10,771
M4/2162B,21/04/2025 00:00:00,14:14:00,56,488,101,22,20,,,,,,,,,,,,,,,9,631
M4/2162B,21/04/2025 00:00:00,14:29:00,57,594,142,12,13,,,,,,,,,,,,,,,11,761
M4/2162B,21/04/2025 00:00:00,14:44:00,58,606,159,19,13,,,,,,,,,,,,,,,11,797
M4/2162B,21/04/2025 00:00:00,14:59:00,59,573,139,27,16,,,,,,,,,,,,,,,10,755
M4/2162B,21/04/2025 00:00:00,15:14:00,60,604,127,13,9,,,,,,,,,,,,,,,10,753
M4/2162B,21/04/2025 00:00:00,15:29:00,61,584,145,15,9,,,,,,,,,,,,,,,10,753
M4/2162B,21/04/2025 00:00:00,15:44:00,62,510,143,25,18,,,,,,,,,,,,,,,9,696
M4/2162B,21/04/2025 00:00:00,15:59:00,63,550,150,23,9,,,,,,,,,,,,,,,10,732
M4/2162B,21/04/2025 00:00:00,16:14:00,64,605,122,17,8,,,,,,,,,,,,,,,10,752
M4/2162B,21/04/2025 00:00:00,16:29:00,65,559,138,17,14,,,,,,,,,,,,,,,10,728
M4/2162B,21/04/2025 00:00:00,16:44:00,66,576,111,12,11,,,,,,,,,,,,,,,9,710
M4/2162B,21/04/2025 00:00:00,16:59:00,67,573,124,19,12,,,,,,,,,,,,,,,9,728
M4/2162B,21/04/2025 00:00:00,17:14:00,68,608,141,19,11,,,,,,,,,,,,,,,10,779
M4/2162B,21/04/2025 00:00:00,17:29:00,69,609,130,21,15,,,,,,,,,,,,,,,10,775
M4/2162B,21/04/2025 00:00:00,17:44:00,70,634,123,17,16,,,,,,,,,,,,,,,11,790
M4/2162B,21/04/2025 00:00:00,17:59:00,71,615,134,35,17,,,,,,,,,,,,,,,10,801
M4/2162B,21/04/2025 00:00:00,18:14:00,72,574,136,29,13,,,,,,,,,,,,,,,9,752
M4/2162B,21/04/2025 00:00:00,18:29:00,73,595,137,30,19,,,,,,,,,,,,,,,10,781
M4/2162B,21/04/2025 00:00:00,18:44:00,74,583,136,20,10,,,,,,,,,,,,,,,9,749
M4/2162B,21/04/2025 00:00:00,18:59:00,75,591,116,18,15,,,,,,,,,,,,,,,9,740
M4/2162B,21/04/2025 00:00:00,19:14:00,76,586,117,18,15,,,,,,,,,,,,,,,10,736
M4/2162B,21/04/2025 00:00:00,19:29:00,77,573,113,20,13,,,,,,,,,,,,,,,9,719
M4/2162B,21/04/2025 00:00:00,19:44:00,78,504,133,27,11,,,,,,,,,,,,,,,8,675
M4/2162B,21/04/2025 00:00:00,19:59:00,79,588,112,15,24,,,,,,,,,,,,,,,10,739
M4/2162B,21/04/2025 00:00:00,20:14:00,80,605,112,20,10,,,,,,,,,,,,,,,10,747
M4/2162B,21/04/2025 00:00:00,20:29:00,81,531,125,12,12,,,,,,,,,,,,,,,9,680
M4/2162B,21/04/2025 00:00:00,20:44:00,82,549,139,23,7,,,,,,,,,,,,,,,9,718
M4/2162B,21/04/2025 00:00:00,20:59:00,83,556,127,19,14,,,,,,,,,,,,,,,10,716
M4/2162B,21/04/2025 00:00:00,21:14:00,84,517,157,21,4,,,,,,,,,,,,,,,10,699
M4/2162B,21/04/2025 00:00:00,21:29:00,85,544,158,15,8,,,,,,,,,,,,,,,10,725
M4/2162B,21/04/2025 00:00:00,21:44:00,86,540,80,11,10,,,,,,,,,,,,,,,26,641
M4/2162B,21/04/2025 00:00:00,21:59:00,87,556,49,7,7,,,,,,,,,,,,,,,39,619
M4/2162B,21/04/2025 00:00:00,22:14:00,88,609,63,8,8,,,,,,,,,,,,,,,39,688
M4/2162B,21/04/2025 00:00:00,22:29:00,89,468,60,10,4,,,,,,,,,,,,,,,39,542
M4/2162B,21/04/2025 00:00:00,22:44:00,90,405,57,3,6,,,,,,,,,,,,,,,40,471
M4/2162B,21/04/2025 00:00:00,22:59:00,91,435,55,5,5,,,,,,,,,,,,,,,40,500
M4/2162B,21/04/2025 00:00:00,23:14:00,92,330,40,9,3,,,,,,,,,,,,,,,40,382
M4/2162B,21/04/2025 00:00:00,23:29:00,93,286,34,15,2,,,,,,,,,,,,,,,40,337
M4/2162B,21/04/2025 00:00:00,23:44:00,94,301,41,5,4,,,,,,,,,,,,,,,39,351
M4/2162B,21/04/2025 00:00:00,23:59:00,95,173,21,12,0,,,,,,,,,,,,,,,40,206
M4/2162B,22/04/2025 00:00:00,00:14:00,0,115,23,8,5,,,,,,,,,,,,,,,39,151
M4/2162B,22/04/2025 00:00:00,00:29:00,1,89,16,9,3,,,,,,,,,,,,,,,40,117
M4/2162B,22/04/2025 00:00:00,00:44:00,2,67,8,8,4,,,,,,,,,,,,,,,40,87
M4/2162B,22/04/2025 00:00:00,00:59:00,3,73,6,8,0,,,,,,,,,,,,,,,39,87
M4/2162B,22/04/2025 00:00:00,01:14:00,4,59,10,4,4,,,,,,,,,,,,,,,40,77
M4/2162B,22/04/2025 00:00:00,01:29:00,5,46,7,8,0,,,,,,,,,,,,,,,41,61
M4/2162B,22/04/2025 00:00:00,01:44:00,6,43,5,6,3,,,,,,,,,,,,,,,39,57
M4/2162B,22/04/2025 00:00:00,01:59:00,7,31,5,3,2,,,,,,,,,,,,,,,41,41
M4/2162B,22/04/2025 00:00:00,02:14:00,8,36,5,7,1,,,,,,,,,,,,,,,39,49
M4/2162B,22/04/2025 00:00:00,02:29:00,9,22,3,8,2,,,,,,,,,,,,,,,39,35
M4/2162B,22/04/2025 00:00:00,02:44:00,10,25,5,6,3,,,,,,,,,,,,,,,39,39
M4/2162B,22/04/2025 00:00:00,02:59:00,11,25,4,2,4,,,,,,,,,,,,,,,40,35
M4/2162B,22/04/2025 00:00:00,03:14:00,12,29,16,6,2,,,,,,,,,,,,,,,39,53
M4/2162B,22/04/2025 00:00:00,03:29:00,13,34,9,13,8,,,,,,,,,,,,,,,40,64
M4/2162B,22/04/2025 00:00:00,03:44:00,14,38,7,12,1,,,,,,,,,,,,,,,40,58
M4/2162B,22/04/2025 00:00:00,03:59:00,15,38,13,18,2,,,,,,,,,,,,,,,39,71
M4/2162B,22/04/2025 00:00:00,04:14:00,16,60,15,12,7,,,,,,,,,,,,,,,40,94
M4/2162B,22/04/2025 00:00:00,04:29:00,17,55,21,24,6,,,,,,,,,,,,,,,39,106
M4/2162B,22/04/2025 00:00:00,04:44:00,18,87,21,22,4,,,,,,,,,,,,,,,39,134
M4/2162B,22/04/2025 00:00:00,04:59:00,19,118,17,39,10,,,,,,,,,,,,,,,40,184
M4/2162B,22/04/2025 00:00:00,05:14:00,20,160,27,22,12,,,,,,,,,,,,,,,39,221
M4/2162B,22/04/2025 00:00:00,05:29:00,21,192,53,35,11,,,,,,,,,,,,,,,39,291
M4/2162B,22/04/2025 00:00:00,05:44:00,22,290,68,36,10,,,,,,,,,,,,,,,40,404
M4/2162B,22/04/2025 00:00:00,05:59:00,23,350,103,48,18,,,,,,,,,,,,,,,39,519
M4/2162B,22/04/2025 00:00:00,06:14:00,24,538,158,54,22,,,,,,,,,,,,,,,38,772
M4/2162B,22/04/2025 00:00:00,06:29:00,25,486,194,90,16,,,,,,,,,,,,,,,13,786
M4/2162B,22/04/2025 00:00:00,06:44:00,26,438,192,104,21,,,,,,,,,,,,,,,10,755
M4/2162B,22/04/2025 00:00:00,06:59:00,27,475,186,88,21,,,,,,,,,,,,,,,12,770
M4/2162B,22/04/2025 00:00:00,07:14:00,28,466,182,81,24,,,,,,,,,,,,,,,11,753
M4/2162B,22/04/2025 00:00:00,07:29:00,29,436,186,77,29,,,,,,,,,,,,,,,10,728
M4/2162B,22/04/2025 00:00:00,07:44:00,30,502,192,56,19,,,,,,,,,,,,,,,10,769
M4/2162B,22/04/2025 00:00:00,07:59:00,31,478,182,72,15,,,,,,,,,,,,,,,10,747
M4/2162B,22/04/2025 00:00:00,08:14:00,32,476,170,77,20,,,,,,,,,,,,,,,10,743
M4/2162B,22/04/2025 00:00:00,08:29:00,33,443,178,68,32,,,,,,,,,,,,,,,10,721
M4/2162B,22/04/2025 00:00:00,08:44:00,34,366,159,59,25,,,,,,,,,,,,,,,8,609
M4/2162B,22/04/2025 00:00:00,08:59:00,35,515,164,81,21,,,,,,,,,,,,,,,11,781
M4/2162B,22/04/2025 00:00:00,09:14:00,36,453,165,81,19,,,,,,,,,,,,,,,10,718
M4/2162B,22/04/2025 00:00:00,09:29:00,37,299,129,49,18,,,,,,,,,,,,,,,9,495
M4/2162B,22/04/2025 00:00:00,09:44:00,38,485,189,52,24,,,,,,,,,,,,,,,11,750
M4/2162B,22/04/2025 00:00:00,09:59:00,39,418,176,76,23,,,,,,,,,,,,,,,10,693
M4/2162B,22/04/2025 00:00:00,10:14:00,40,454,179,54,17,,,,,,,,,,,,,,,9,704
M4/2162B,22/04/2025 00:00:00,10:29:00,41,437,168,67,16,,,,,,,,,,,,,,,10,688
M4/2162B,22/04/2025 00:00:00,10:44:00,42,370,173,55,31,,,,,,,,,,,,,,,18,629
M4/2162B,22/04/2025 00:00:00,10:59:00,43,448,157,44,19,,,,,,,,,,,,,,,29,668
M4/2162B,22/04/2025 00:00:00,11:14:00,44,457,149,49,15,,,,,,,,,,,,,,,31,670
M4/2162B,22/04/2025 00:00:00,11:29:00,45,478,119,46,13,,,,,,,,,,,,,,,38,656
M4/2162B,22/04/2025 00:00:00,11:44:00,46,517,126,51,12,,,,,,,,,,,,,,,39,705
M4/2162B,22/04/2025 00:00:00,11:59:00,47,484,170,56,16,,,,,,,,,,,,,,,28,726
M4/2162B,22/04/2025 00:00:00,12:14:00,48,394,173,53,18,,,,,,,,,,,,,,,8,638
M4/2162B,22/04/2025 00:00:00,12:29:00,49,424,166,45,24,,,,,,,,,,,,,,,10,659
M4/2162B,22/04/2025 00:00:00,12:44:00,50,464,157,40,14,,,,,,,,,,,,,,,29,675
M4/2162B,22/04/2025 00:00:00,12:59:00,51,528,118,45,15,,,,,,,,,,,,,,,35,706
M4/2162B,22/04/2025 00:00:00,13:14:00,52,455,155,44,12,,,,,,,,,,,,,,,37,666
M4/2162B,22/04/2025 00:00:00,13:29:00,53,264,96,34,27,,,,,,,,,,,,,,,10,421
M4/2162B,22/04/2025 00:00:00,13:44:00,54,464,171,52,27,,,,,,,,,,,,,,,9,714
M4/2162B,22/04/2025 00:00:00,13:59:00,55,402,98,45,19,,,,,,,,,,,,,,,19,564
M4/2162B,22/04/2025 00:00:00,14:14:00,56,463,104,32,9,,,,,,,,,,,,,,,39,608
M4/2162B,22/04/2025 00:00:00,14:29:00,57,475,114,30,5,,,,,,,,,,,,,,,39,624
M4/2162B,22/04/2025 00:00:00,14:44:00,58,533,110,32,17,,,,,,,,,,,,,,,39,692
M4/2162B,22/04/2025 00:00:00,14:59:00,59,561,113,27,8,,,,,,,,,,,,,,,39,709
M4/2162B,22/04/2025 00:00:00,15:14:00,60,554,113,25,15,,,,,,,,,,,,,,,39,707
M4/2162B,22/04/2025 00:00:00,15:29:00,61,621,123,23,9,,,,,,,,,,,,,,,39,776
M4/2162B,22/04/2025 00:00:00,15:44:00,62,584,101,32,8,,,,,,,,,,,,,,,39,725
M4/2162B,22/04/2025 00:00:00,15:59:00,63,533,122,37,4,,,,,,,,,,,,,,,39,696
M4/2162B,22/04/2025 00:00:00,16:14:00,64,587,114,27,9,,,,,,,,,,,,,,,39,736
M4/2162B,22/04/2025 00:00:00,16:29:00,65,640,91,20,6,,,,,,,,,,,,,,,38,757
M4/2162B,22/04/2025 00:00:00,16:44:00,66,690,98,26,5,,,,,,,,,,,,,,,36,819
M4/2162B,22/04/2025 00:00:00,16:59:00,67,524,162,35,13,,,,,,,,,,,,,,,10,734
M4/2162B,22/04/2025 00:00:00,17:14:00,68,563,155,19,14,,,,,,,,,,,,,,,10,751
M4/2162B,22/04/2025 00:00:00,17:29:00,69,597,157,30,8,,,,,,,,,,,,,,,10,792
M4/2162B,22/04/2025 00:00:00,17:44:00,70,575,179,28,11,,,,,,,,,,,,,,,10,793
M4/2162B,22/04/2025 00:00:00,17:59:00,71,587,149,28,16,,,,,,,,,,,,,,,10,780
M4/2162B,22/04/2025 00:00:00,18:14:00,72,553,160,23,13,,,,,,,,,,,,,,,9,749
M4/2162B,22/04/2025 00:00:00,18:29:00,73,603,125,18,17,,,,,,,,,,,,,,,9,763
M4/2162B,22/04/2025 00:00:00,18:44:00,74,574,136,33,11,,,,,,,,,,,,,,,11,754
M4/2162B,22/04/2025 00:00:00,18:59:00,75,543,140,35,15,,,,,,,,,,,,,,,9,733
M4/2162B,22/04/2025 00:00:00,19:14:00,76,568,143,21,10,,,,,,,,,,,,,,,9,742
M4/2162B,22/04/2025 00:00:00,19:29:00,77,587,105,11,14,,,,,,,,,,,,,,,9,716
M4/2162B,22/04/2025 00:00:00,19:44:00,78,454,182,26,14,,,,,,,,,,,,,,,14,676
M4/2162B,22/04/2025 00:00:00,19:59:00,79,479,116,11,4,,,,,,,,,,,,,,,30,610
M4/2162B,22/04/2025 00:00:00,20:14:00,80,496,74,14,2,,,,,,,,,,,,,,,39,586
M4/2162B,22/04/2025 00:00:00,20:29:00,81,497,87,8,8,,,,,,,,,,,,,,,39,600
M4/2162B,22/04/2025 00:00:00,20:44:00,82,496,91,10,4,,,,,,,,,,,,,,,39,601
M4/2162B,22/04/2025 00:00:00,20:59:00,83,504,74,12,10,,,,,,,,,,,,,,,39,600
M4/2162B,22/04/2025 00:00:00,21:14:00,84,495,93,10,7,,,,,,,,,,,,,,,39,605
M4/2162B,22/04/2025 00:00:00,21:29:00,85,452,81,11,4,,,,,,,,,,,,,,,39,548
M4/2162B,22/04/2025 00:00:00,21:44:00,86,406,66,10,8,,,,,,,,,,,,,,,39,490
M4/2162B,22/04/2025 00:00:00,21:59:00,87,409,109,3,5,,,,,,,,,,,,,,,39,526
M4/2162B,22/04/2025 00:00:00,22:14:00,88,385,85,16,7,,,,,,,,,,,,,,,39,493
M4/2162B,22/04/2025 00:00:00,22:29:00,89,313,51,8,9,,,,,,,,,,,,,,,40,381
M4/2162B,22/04/2025 00:00:00,22:44:00,90,306,53,10,8,,,,,,,,,,,,,,,39,377
M4/2162B,22/04/2025 00:00:00,22:59:00,91,306,46,7,3,,,,,,,,,,,,,,,40,362
M4/2162B,22/04/2025 00:00:00,23:14:00,92,264,46,9,7,,,,,,,,,,,,,,,39,326
M4/2162B,22/04/2025 00:00:00,23:29:00,93,208,40,13,1,,,,,,,,,,,,,,,40,262
M4/2162B,22/04/2025 00:00:00,23:44:00,94,147,20,6,5,,,,,,,,,,,,,,,40,178
M4/2162B,22/04/2025 00:00:00,23:59:00,95,133,24,9,6,,,,,,,,,,,,,,,39,172
M4/2162B,23/04/2025 00:00:00,00:14:00,0,97,14,4,6,,,,,,,,,,,,,,,39,121
M4/2162B,23/04/2025 00:00:00,00:29:00,1,82,19,7,4,,,,,,,,,,,,,,,41,112
M4/2162B,23/04/2025 00:00:00,00:44:00,2,64,14,16,3,,,,,,,,,,,,,,,40,97
M4/2162B,23/04/2025 00:00:00,00:59:00,3,53,15,2,5,,,,,,,,,,,,,,,40,75
M4/2162B,23/04/2025 00:00:00,01:14:00,4,40,9,7,2,,,,,,,,,,,,,,,39,58
M4/2162B,23/04/2025 00:00:00,01:29:00,5,44,17,5,4,,,,,,,,,,,,,,,41,70
M4/2162B,23/04/2025 00:00:00,01:44:00,6,29,6,11,3,,,,,,,,,,,,,,,39,49
M4/2162B,23/04/2025 00:00:00,01:59:00,7,29,4,2,2,,,,,,,,,,,,,,,38,37
M4/2162B,23/04/2025 00:00:00,02:14:00,8,28,5,3,6,,,,,,,,,,,,,,,38,42
M4/2162B,23/04/2025 00:00:00,02:29:00,9,22,8,10,4,,,,,,,,,,,,,,,39,44
M4/2162B,23/04/2025 00:00:00,02:44:00,10,22,8,9,3,,,,,,,,,,,,,,,39,42
M4/2162B,23/04/2025 00:00:00,02:59:00,11,41,9,7,5,,,,,,,,,,,,,,,38,62
M4/2162B,23/04/2025 00:00:00,03:14:00,12,30,5,18,4,,,,,,,,,,,,,,,39,57
M4/2162B,23/04/2025 00:00:00,03:29:00,13,29,5,17,4,,,,,,,,,,,,,,,39,55
M4/2162B,23/04/2025 00:00:00,03:44:00,14,48,8,11,4,,,,,,,,,,,,,,,40,71
M4/2162B,23/04/2025 00:00:00,03:59:00,15,47,16,6,7,,,,,,,,,,,,,,,40,76
M4/2162B,23/04/2025 00:00:00,04:14:00,16,58,21,14,3,,,,,,,,,,,,,,,39,96
M4/2162B,23/04/2025 00:00:00,04:29:00,17,57,20,20,10,,,,,,,,,,,,,,,39,107
M4/2162B,23/04/2025 00:00:00,04:44:00,18,83,23,18,5,,,,,,,,,,,,,,,40,129
M4/2162B,23/04/2025 00:00:00,04:59:00,19,107,17,17,9,,,,,,,,,,,,,,,39,150
M4/2162B,23/04/2025 00:00:00,05:14:00,20,110,34,29,10,,,,,,,,,,,,,,,39,183
M4/2162B,23/04/2025 00:00:00,05:29:00,21,173,58,34,14,,,,,,,,,,,,,,,40,279
M4/2162B,23/04/2025 00:00:00,05:44:00,22,220,56,40,14,,,,,,,,,,,,,,,39,330
M4/2162B,23/04/2025 00:00:00,05:59:00,23,313,115,54,16,,,,,,,,,,,,,,,39,498
M4/2162B,23/04/2025 00:00:00,06:14:00,24,473,139,65,23,,,,,,,,,,,,,,,38,700
M4/2162B,23/04/2025 00:00:00,06:29:00,25,464,198,90,24,,,,,,,,,,,,,,,16,776
M4/2162B,23/04/2025 00:00:00,06:44:00,26,447,179,85,16,,,,,,,,,,,,,,,10,727
M4/2162B,23/04/2025 00:00:00,06:59:00,27,453,180,99,29,,,,,,,,,,,,,,,11,761
M4/2162B,23/04/2025 00:00:00,07:14:00,28,453,157,85,28,,,,,,,,,,,,,,,10,723
M4/2162B,23/04/2025 00:00:00,07:29:00,29,417,182,62,27,,,,,,,,,,,,,,,9,688
M4/2162B,23/04/2025 00:00:00,07:44:00,30,453,184,64,24,,,,,,,,,,,,,,,10,725
M4/2162B,23/04/2025 00:00:00,07:59:00,31,449,170,71,8,,,,,,,,,,,,,,,9,698
M4/2162B,23/04/2025 00:00:00,08:14:00,32,459,168,66,15,,,,,,,,,,,,,,,10,708
M4/2162B,23/04/2025 00:00:00,08:29:00,33,457,164,62,15,,,,,,,,,,,,,,,9,698
M4/2162B,23/04/2025 00:00:00,08:44:00,34,460,177,66,18,,,,,,,,,,,,,,,10,721
M4/2162B,23/04/2025 00:00:00,08:59:00,35,484,175,53,26,,,,,,,,,,,,,,,9,738
M4/2162B,23/04/2025 00:00:00,09:14:00,36,492,161,65,22,,,,,,,,,,,,,,,10,740
M4/2162B,23/04/2025 00:00:00,09:29:00,37,469,182,59,17,,,,,,,,,,,,,,,10,727
M4/2162B,23/04/2025 00:00:00,09:44:00,38,499,159,60,23,,,,,,,,,,,,,,,10,741
M4/2162B,23/04/2025 00:00:00,09:59:00,39,448,180,67,19,,,,,,,,,,,,,,,9,714
M4/2162B,23/04/2025 00:00:00,10:14:00,40,380,171,59,23,,,,,,,,,,,,,,,10,632
M4/2162B,23/04/2025 00:00:00,10:29:00,41,424,179,77,19,,,,,,,,,,,,,,,9,699
M4/2162B,23/04/2025 00:00:00,10:44:00,42,415,149,75,25,,,,,,,,,,,,,,,10,664
M4/2162B,23/04/2025 00:00:00,10:59:00,43,355,183,61,22,,,,,,,,,,,,,,,10,621
M4/2162B,23/04/2025 00:00:00,11:14:00,44,378,124,40,10,,,,,,,,,,,,,,,34,551
M4/2162B,23/04/2025 00:00:00,11:29:00,45,431,128,39,12,,,,,,,,,,,,,,,38,610
M4/2162B,23/04/2025 00:00:00,11:44:00,46,483,133,41,14,,,,,,,,,,,,,,,38,671
M4/2162B,23/04/2025 00:00:00,11:59:00,47,453,133,36,23,,,,,,,,,,,,,,,39,645
M4/2162B,23/04/2025 00:00:00,12:14:00,48,468,119,47,16,,,,,,,,,,,,,,,38,650
M4/2162B,23/04/2025 00:00:00,12:29:00,49,517,133,51,17,,,,,,,,,,,,,,,37,718
M4/2162B,23/04/2025 00:00:00,12:44:00,50,491,136,48,15,,,,,,,,,,,,,,,37,690
M4/2162B,23/04/2025 00:00:00,12:59:00,51,473,108,42,15,,,,,,,,,,,,,,,39,638
M4/2162B,23/04/2025 00:00:00,13:14:00,52,435,91,61,8,,,,,,,,,,,,,,,38,596
M4/2162B,23/04/2025 00:00:00,13:29:00,53,440,115,65,7,,,,,,,,,,,,,,,39,627
M4/2162B,23/04/2025 00:00:00,13:44:00,54,443,95,29,16,,,,,,,,,,,,,,,39,583
M4/2162B,23/04/2025 00:00:00,13:59:00,55,435,100,38,12,,,,,,,,,,,,,,,39,585
M4/2162B,23/04/2025 00:00:00,14:14:00,56,418,95,33,13,,,,,,,,,,,,,,,39,559
M4/2162B,23/04/2025 00:00:00,14:29:00,57,449,137,28,7,,,,,,,,,,,,,,,39,621
M4/2162B,23/04/2025 00:00:00,14:44:00,58,517,99,45,8,,,,,,,,,,,,,,,39,669
M4/2162B,23/04/2025 00:00:00,14:59:00,59,468,143,37,9,,,,,,,,,,,,,,,39,657
M4/2162B,23/04/2025 00:00:00,15:14:00,60,477,98,29,10,,,,,,,,,,,,,,,39,614
M4/2162B,23/04/2025 00:00:00,15:29:00,61,541,116,37,9,,,,,,,,,,,,,,,38,703
M4/2162B,23/04/2025 00:00:00,15:44:00,62,535,117,35,15,,,,,,,,,,,,,,,39,702
M4/2162B,23/04/2025 00:00:00,15:59:00,63,475,107,19,2,,,,,,,,,,,,,,,39,603
M4/2162B,23/04/2025 00:00:00,16:14:00,64,554,98,17,13,,,,,,,,,,,,,,,39,682
M4/2162B,23/04/2025 00:00:00,16:29:00,65,582,108,19,5,,,,,,,,,,,,,,,38,714
M4/2162B,23/04/2025 00:00:00,16:44:00,66,601,96,14,9,,,,,,,,,,,,,,,38,720
M4/2162B,23/04/2025 00:00:00,16:59:00,67,668,93,18,14,,,,,,,,,,,,,,,38,792
M4/2162B,23/04/2025 00:00:00,17:14:00,68,658,108,31,10,,,,,,,,,,,,,,,37,807
M4/2162B,23/04/2025 00:00:00,17:29:00,69,582,188,29,11,,,,,,,,,,,,,,,24,810
M4/2162B,23/04/2025 00:00:00,17:44:00,70,595,138,27,13,,,,,,,,,,,,,,,10,773
M4/2162B,23/04/2025 00:00:00,17:59:00,71,565,163,28,8,,,,,,,,,,,,,,,10,764
M4/2162B,23/04/2025 00:00:00,18:14:00,72,578,140,25,10,,,,,,,,,,,,,,,10,753
M4/2162B,23/04/2025 00:00:00,18:29:00,73,534,158,15,13,,,,,,,,,,,,,,,12,719
M4/2162B,23/04/2025 00:00:00,18:44:00,74,595,87,9,10,,,,,,,,,,,,,,,36,701
M4/2162B,23/04/2025 00:00:00,18:59:00,75,675,91,12,9,,,,,,,,,,,,,,,38,787
M4/2162B,23/04/2025 00:00:00,19:14:00,76,603,77,10,3,,,,,,,,,,,,,,,39,693
M4/2162B,23/04/2025 00:00:00,19:29:00,77,567,70,14,10,,,,,,,,,,,,,,,39,661
M4/2162B,23/04/2025 00:00:00,19:44:00,78,533,89,15,6,,,,,,,,,,,,,,,38,643
M4/2162B,23/04/2025 00:00:00,19:59:00,79,482,91,10,4,,,,,,,,,,,,,,,39,587
M4/2162B,23/04/2025 00:00:00,20:14:00,80,465,88,6,6,,,,,,,,,,,,,,,39,565
M4/2162B,23/04/2025 00:00:00,20:29:00,81,458,75,12,9,,,,,,,,,,,,,,,39,554
M4/2162B,23/04/2025 00:00:00,20:44:00,82,425,75,5,6,,,,,,,,,,,,,,,39,511
M4/2162B,23/04/2025 00:00:00,20:59:00,83,405,76,15,9,,,,,,,,,,,,,,,39,505
M4/2162B,23/04/2025 00:00:00,21:14:00,84,401,72,12,8,,,,,,,,,,,,,,,39,493
M4/2162B,23/04/2025 00:00:00,21:29:00,85,407,60,12,9,,,,,,,,,,,,,,,39,488
M4/2162B,23/04/2025 00:00:00,21:44:00,86,350,75,6,1,,,,,,,,,,,,,,,39,432
M4/2162B,23/04/2025 00:00:00,21:59:00,87,328,52,8,5,,,,,,,,,,,,,,,39,393
M4/2162B,23/04/2025 00:00:00,22:14:00,88,276,47,9,4,,,,,,,,,,,,,,,40,336
M4/2162B,23/04/2025 00:00:00,22:29:00,89,270,52,17,6,,,,,,,,,,,,,,,40,345
M4/2162B,23/04/2025 00:00:00,22:44:00,90,291,37,9,8,,,,,,,,,,,,,,,40,345
M4/2162B,23/04/2025 00:00:00,22:59:00,91,213,39,9,3,,,,,,,,,,,,,,,39,264
M4/2162B,23/04/2025 00:00:00,23:14:00,92,212,38,14,2,,,,,,,,,,,,,,,40,266
M4/2162B,23/04/2025 00:00:00,23:29:00,93,203,38,8,1,,,,,,,,,,,,,,,40,250
M4/2162B,23/04/2025 00:00:00,23:44:00,94,184,21,8,10,,,,,,,,,,,,,,,40,223
M4/2162B,23/04/2025 00:00:00,23:59:00,95,137,21,14,3,,,,,,,,,,,,,,,40,175
M4/2162B,24/04/2025 00:00:00,00:14:00,0,117,32,5,9,,,,,,,,,,,,,,,40,163
M4/2162B,24/04/2025 00:00:00,00:29:00,1,105,20,8,8,,,,,,,,,,,,,,,40,141
M4/2162B,24/04/2025 00:00:00,00:44:00,2,75,11,6,6,,,,,,,,,,,,,,,41,98
M4/2162B,24/04/2025 00:00:00,00:59:00,3,69,10,6,4,,,,,,,,,,,,,,,41,89
M4/2162B,24/04/2025 00:00:00,01:14:00,4,64,7,6,1,,,,,,,,,,,,,,,40,78
M4/2162B,24/04/2025 00:00:00,01:29:00,5,40,7,8,3,,,,,,,,,,,,,,,41,58
M4/2162B,24/04/2025 00:00:00,01:44:00,6,48,9,2,4,,,,,,,,,,,,,,,39,63
M4/2162B,24/04/2025 00:00:00,01:59:00,7,34,4,6,7,,,,,,,,,,,,,,,40,51
M4/2162B,24/04/2025 00:00:00,02:14:00,8,40,8,5,8,,,,,,,,,,,,,,,40,61
M4/2162B,24/04/2025 00:00:00,02:29:00,9,27,7,12,4,,,,,,,,,,,,,,,39,50
M4/2162B,24/04/2025 00:00:00,02:44:00,10,28,4,9,2,,,,,,,,,,,,,,,39,43
M4/2162B,24/04/2025 00:00:00,02:59:00,11,42,7,6,4,,,,,,,,,,,,,,,40,59
M4/2162B,24/04/2025 00:00:00,03:14:00,12,28,12,7,6,,,,,,,,,,,,,,,40,53
M4/2162B,24/04/2025 00:00:00,03:29:00,13,30,8,11,4,,,,,,,,,,,,,,,40,53
M4/2162B,24/04/2025 00:00:00,03:44:00,14,35,5,10,6,,,,,,,,,,,,,,,39,56
M4/2162B,24/04/2025 00:00:00,03:59:00,15,46,7,6,4,,,,,,,,,,,,,,,39,63
M4/2162B,24/04/2025 00:00:00,04:14:00,16,61,10,14,8,,,,,,,,,,,,,,,40,93
M4/2162B,24/04/2025 00:00:00,04:29:00,17,65,20,20,6,,,,,,,,,,,,,,,39,111
M4/2162B,24/04/2025 00:00:00,04:44:00,18,89,25,23,7,,,,,,,,,,,,,,,40,144
M4/2162B,24/04/2025 00:00:00,04:59:00,19,117,27,39,12,,,,,,,,,,,,,,,40,195
M4/2162B,24/04/2025 00:00:00,05:14:00,20,128,39,30,9,,,,,,,,,,,,,,,40,206
M4/2162B,24/04/2025 00:00:00,05:29:00,21,177,52,39,12,,,,,,,,,,,,,,,40,280
M4/2162B,24/04/2025 00:00:00,05:44:00,22,217,77,40,21,,,,,,,,,,,,,,,39,355
M4/2162B,24/04/2025 00:00:00,05:59:00,23,344,112,54,18,,,,,,,,,,,,,,,40,528
M4/2162B,24/04/2025 00:00:00,06:14:00,24,492,154,73,25,,,,,,,,,,,,,,,39,744
M4/2162B,24/04/2025 00:00:00,06:29:00,25,544,218,114,30,,,,,,,,,,,,,,,20,906
M4/2162B,24/04/2025 00:00:00,06:44:00,26,426,212,98,30,,,,,,,,,,,,,,,11,766
M4/2162B,24/04/2025 00:00:00,06:59:00,27,455,201,94,25,,,,,,,,,,,,,,,11,775
M4/2162B,24/04/2025 00:00:00,07:14:00,28,470,187,79,35,,,,,,,,,,,,,,,11,771
M4/2162B,24/04/2025 00:00:00,07:29:00,29,497,192,61,30,,,,,,,,,,,,,,,11,780
M4/2162B,24/04/2025 00:00:00,07:44:00,30,464,191,77,25,,,,,,,,,,,,,,,10,757
M4/2162B,24/04/2025 00:00:00,07:59:00,31,493,195,60,26,,,,,,,,,,,,,,,10,774
M4/2162B,24/04/2025 00:00:00,08:14:00,32,455,208,72,22,,,,,,,,,,,,,,,10,757
M4/2162B,24/04/2025 00:00:00,08:29:00,33,526,171,52,21,,,,,,,,,,,,,,,11,770
M4/2162B,24/04/2025 00:00:00,08:44:00,34,504,186,61,24,,,,,,,,,,,,,,,10,775
M4/2162B,24/04/2025 00:00:00,08:59:00,35,463,189,71,21,,,,,,,,,,,,,,,10,744
M4/2162B,24/04/2025 00:00:00,09:14:00,36,478,185,70,23,,,,,,,,,,,,,,,11,756
M4/2162B,24/04/2025 00:00:00,09:29:00,37,480,163,73,22,,,,,,,,,,,,,,,11,738
M4/2162B,24/04/2025 00:00:00,09:44:00,38,445,177,63,28,,,,,,,,,,,,,,,10,713
M4/2162B,24/04/2025 00:00:00,09:59:00,39,430,175,89,16,,,,,,,,,,,,,,,10,710
M4/2162B,24/04/2025 00:00:00,10:14:00,40,422,175,76,33,,,,,,,,,,,,,,,10,706
M4/2162B,24/04/2025 00:00:00,10:29:00,41,428,158,60,22,,,,,,,,,,,,,,,9,668
M4/2162B,24/04/2025 00:00:00,10:44:00,42,407,172,52,22,,,,,,,,,,,,,,,9,653
M4/2162B,24/04/2025 00:00:00,10:59:00,43,443,181,51,29,,,,,,,,,,,,,,,10,704
M4/2162B,24/04/2025 00:00:00,11:14:00,44,429,184,63,24,,,,,,,,,,,,,,,10,700
M4/2162B,24/04/2025 00:00:00,11:29:00,45,425,164,63,27,,,,,,,,,,,,,,,11,679
M4/2162B,24/04/2025 00:00:00,11:44:00,46,438,118,46,22,,,,,,,,,,,,,,,35,624
M4/2162B,24/04/2025 00:00:00,11:59:00,47,468,136,43,20,,,,,,,,,,,,,,,39,667
M4/2162B,24/04/2025 00:00:00,12:14:00,48,462,126,45,9,,,,,,,,,,,,,,,39,642
M4/2162B,24/04/2025 00:00:00,12:29:00,49,463,133,44,11,,,,,,,,,,,,,,,39,651
M4/2162B,24/04/2025 00:00:00,12:44:00,50,456,162,41,13,,,,,,,,,,,,,,,38,672
M4/2162B,24/04/2025 00:00:00,12:59:00,51,492,137,39,18,,,,,,,,,,,,,,,38,686
M4/2162B,24/04/2025 00:00:00,13:14:00,52,515,123,44,14,,,,,,,,,,,,,,,39,696
M4/2162B,24/04/2025 00:00:00,13:29:00,53,493,120,52,14,,,,,,,,,,,,,,,38,679
M4/2162B,24/04/2025 00:00:00,13:44:00,54,478,103,41,19,,,,,,,,,,,,,,,39,641
M4/2162B,24/04/2025 00:00:00,13:59:00,55,477,144,55,17,,,,,,,,,,,,,,,29,693
M4/2162B,24/04/2025 00:00:00,14:14:00,56,472,95,40,9,,,,,,,,,,,,,,,39,616
M4/2162B,24/04/2025 00:00:00,14:29:00,57,526,126,29,8,,,,,,,,,,,,,,,39,689
M4/2162B,24/04/2025 00:00:00,14:44:00,58,491,100,30,14,,,,,,,,,,,,,,,39,635
M4/2162B,24/04/2025 00:00:00,14:59:00,59,453,95,36,8,,,,,,,,,,,,,,,38,592
M4/2162B,24/04/2025 00:00:00,15:14:00,60,541,108,39,17,,,,,,,,,,,,,,,39,705
M4/2162B,24/04/2025 00:00:00,15:29:00,61,592,148,25,13,,,,,,,,,,,,,,,38,778
M4/2162B,24/04/2025 00:00:00,15:44:00,62,554,109,40,16,,,,,,,,,,,,,,,37,719
M4/2162B,24/04/2025 00:00:00,15:59:00,63,558,116,44,16,,,,,,,,,,,,,,,39,734
M4/2162B,24/04/2025 00:00:00,16:14:00,64,567,115,27,11,,,,,,,,,,,,,,,38,720
M4/2162B,24/04/2025 00:00:00,16:29:00,65,587,113,25,10,,,,,,,,,,,,,,,39,735
M4/2162B,24/04/2025 00:00:00,16:44:00,66,665,140,33,12,,,,,,,,,,,,,,,34,850
M4/2162B,24/04/2025 00:00:00,16:59:00,67,534,163,41,16,,,,,,,,,,,,,,,12,754
M4/2162B,24/04/2025 00:00:00,17:14:00,68,547,157,41,18,,,,,,,,,,,,,,,10,763
M4/2162B,24/04/2025 00:00:00,17:29:00,69,534,131,42,11,,,,,,,,,,,,,,,9,718
M4/2162B,24/04/2025 00:00:00,17:44:00,70,568,147,40,19,,,,,,,,,,,,,,,10,774
M4/2162B,24/04/2025 00:00:00,17:59:00,71,530,149,37,19,,,,,,,,,,,,,,,17,735
M4/2162B,24/04/2025 00:00:00,18:14:00,72,509,197,37,10,,,,,,,,,,,,,,,16,753
M4/2162B,24/04/2025 00:00:00,18:29:00,73,491,162,50,14,,,,,,,,,,,,,,,12,717
M4/2162B,24/04/2025 00:00:00,18:44:00,74,581,145,17,8,,,,,,,,,,,,,,,31,751
M4/2162B,24/04/2025 00:00:00,18:59:00,75,558,107,13,14,,,,,,,,,,,,,,,36,692
M4/2162B,24/04/2025 00:00:00,19:14:00,76,532,94,16,5,,,,,,,,,,,,,,,39,647
M4/2162B,24/04/2025 00:00:00,19:29:00,77,550,90,10,11,,,,,,,,,,,,,,,39,661
M4/2162B,24/04/2025 00:00:00,19:44:00,78,513,94,15,10,,,,,,,,,,,,,,,39,632
M4/2162B,24/04/2025 00:00:00,19:59:00,79,503,104,11,4,,,,,,,,,,,,,,,39,622
M4/2162B,24/04/2025 00:00:00,20:14:00,80,462,84,16,14,,,,,,,,,,,,,,,39,576
M4/2162B,24/04/2025 00:00:00,20:29:00,81,417,58,8,8,,,,,,,,,,,,,,,39,491
M4/2162B,24/04/2025 00:00:00,20:44:00,82,378,64,8,5,,,,,,,,,,,,,,,39,455
M4/2162B,24/04/2025 00:00:00,20:59:00,83,359,65,11,14,,,,,,,,,,,,,,,39,449
M4/2162B,24/04/2025 00:00:00,21:14:00,84,337,65,19,9,,,,,,,,,,,,,,,39,430
M4/2162B,24/04/2025 00:00:00,21:29:00,85,359,74,15,11,,,,,,,,,,,,,,,39,459
M4/2162B,24/04/2025 00:00:00,21:44:00,86,319,61,11,4,,,,,,,,,,,,,,,40,395
M4/2162B,24/04/2025 00:00:00,21:59:00,87,361,63,8,6,,,,,,,,,,,,,,,39,438
M4/2162B,24/04/2025 00:00:00,22:14:00,88,316,57,8,13,,,,,,,,,,,,,,,39,394
M4/2162B,24/04/2025 00:00:00,22:29:00,89,314,59,15,12,,,,,,,,,,,,,,,39,400
M4/2162B,24/04/2025 00:00:00,22:44:00,90,325,70,8,5,,,,,,,,,,,,,,,39,408
M4/2162B,24/04/2025 00:00:00,22:59:00,91,238,42,12,6,,,,,,,,,,,,,,,39,298
M4/2162B,24/04/2025 00:00:00,23:14:00,92,242,46,7,1,,,,,,,,,,,,,,,39,296
M4/2162B,24/04/2025 00:00:00,23:29:00,93,240,35,8,6,,,,,,,,,,,,,,,40,289
M4/2162B,24/04/2025 00:00:00,23:44:00,94,157,28,9,7,,,,,,,,,,,,,,,40,201
M4/2162B,24/04/2025 00:00:00,23:59:00,95,127,21,6,7,,,,,,,,,,,,,,,40,161
M4/2162B,25/04/2025 00:00:00,00:14:00,0,101,14,11,4,,,,,,,,,,,,,,,40,130
M4/2162B,25/04/2025 00:00:00,00:29:00,1,87,16,12,8,,,,,,,,,,,,,,,40,123
M4/2162B,25/04/2025 00:00:00,00:44:00,2,58,12,9,4,,,,,,,,,,,,,,,40,83
M4/2162B,25/04/2025 00:00:00,00:59:00,3,63,7,6,3,,,,,,,,,,,,,,,39,79
M4/2162B,25/04/2025 00:00:00,01:14:00,4,58,14,7,5,,,,,,,,,,,,,,,40,84
M4/2162B,25/04/2025 00:00:00,01:29:00,5,53,10,10,3,,,,,,,,,,,,,,,42,76
M4/2162B,25/04/2025 00:00:00,01:44:00,6,57,8,10,3,,,,,,,,,,,,,,,41,78
M4/2162B,25/04/2025 00:00:00,01:59:00,7,50,8,5,4,,,,,,,,,,,,,,,41,67
M4/2162B,25/04/2025 00:00:00,02:14:00,8,48,5,8,7,,,,,,,,,,,,,,,39,68
M4/2162B,25/04/2025 00:00:00,02:29:00,9,32,10,9,3,,,,,,,,,,,,,,,41,54
M4/2162B,25/04/2025 00:00:00,02:44:00,10,38,5,9,5,,,,,,,,,,,,,,,39,57
M4/2162B,25/04/2025 00:00:00,02:59:00,11,31,4,11,6,,,,,,,,,,,,,,,39,52
M4/2162B,25/04/2025 00:00:00,03:14:00,12,26,9,7,4,,,,,,,,,,,,,,,41,46
M4/2162B,25/04/2025 00:00:00,03:29:00,13,44,6,13,3,,,,,,,,,,,,,,,40,66
M4/2162B,25/04/2025 00:00:00,03:44:00,14,45,19,9,4,,,,,,,,,,,,,,,40,77
M4/2162B,25/04/2025 00:00:00,03:59:00,15,51,14,8,6,,,,,,,,,,,,,,,40,79
M4/2162B,25/04/2025 00:00:00,04:14:00,16,59,10,13,4,,,,,,,,,,,,,,,40,86
M4/2162B,25/04/2025 00:00:00,04:29:00,17,88,17,23,7,,,,,,,,,,,,,,,40,135
M4/2162B,25/04/2025 00:00:00,04:44:00,18,75,23,23,5,,,,,,,,,,,,,,,40,126
M4/2162B,25/04/2025 00:00:00,04:59:00,19,119,28,22,7,,,,,,,,,,,,,,,39,176
M4/2162B,25/04/2025 00:00:00,05:14:00,20,144,39,25,17,,,,,,,,,,,,,,,39,225
M4/2162B,25/04/2025 00:00:00,05:29:00,21,161,55,47,21,,,,,,,,,,,,,,,39,284
M4/2162B,25/04/2025 00:00:00,05:44:00,22,229,47,37,18,,,,,,,,,,,,,,,40,331
M4/2162B,25/04/2025 00:00:00,05:59:00,23,321,109,67,25,,,,,,,,,,,,,,,39,522
M4/2162B,25/04/2025 00:00:00,06:14:00,24,470,148,71,12,,,,,,,,,,,,,,,39,701
M4/2162B,25/04/2025 00:00:00,06:29:00,25,470,226,123,24,,,,,,,,,,,,,,,35,843
M4/2162B,25/04/2025 00:00:00,06:44:00,26,397,217,82,33,,,,,,,,,,,,,,,12,729
M4/2162B,25/04/2025 00:00:00,06:59:00,27,404,214,99,32,,,,,,,,,,,,,,,11,749
M4/2162B,25/04/2025 00:00:00,07:14:00,28,451,201,75,31,,,,,,,,,,,,,,,11,758
M4/2162B,25/04/2025 00:00:00,07:29:00,29,418,198,94,27,,,,,,,,,,,,,,,10,737
M4/2162B,25/04/2025 00:00:00,07:44:00,30,389,154,105,31,,,,,,,,,,,,,,,9,679
M4/2162B,25/04/2025 00:00:00,07:59:00,31,383,192,75,24,,,,,,,,,,,,,,,9,674
M4/2162B,25/04/2025 00:00:00,08:14:00,32,441,174,62,31,,,,,,,,,,,,,,,10,708
M4/2162B,25/04/2025 00:00:00,08:29:00,33,419,190,85,26,,,,,,,,,,,,,,,10,720
M4/2162B,25/04/2025 00:00:00,08:44:00,34,439,194,76,23,,,,,,,,,,,,,,,9,732
M4/2162B,25/04/2025 00:00:00,08:59:00,35,367,179,74,25,,,,,,,,,,,,,,,8,645
M4/2162B,25/04/2025 00:00:00,09:07:00,36,454,204,64,26,,,,,,,,,,,,,,,10,748
M4/2162B,25/04/2025 00:00:00,09:29:59,37,,,,,,,,,,,,,,,,,,,,
M4/2162B,25/04/2025 00:00:00,09:44:00,38,450,168,69,36,,,,,,,,,,,,,,,10,723
M4/2162B,25/04/2025 00:00:00,09:59:00,39,459,178,63,24,,,,,,,,,,,,,,,10,724
M4/2162B,25/04/2025 00:00:00,10:14:00,40,429,189,72,23,,,,,,,,,,,,,,,11,713
M4/2162B,25/04/2025 00:00:00,10:29:00,41,427,158,67,25,,,,,,,,,,,,,,,9,677
M4/2162B,25/04/2025 00:00:00,10:44:00,42,403,210,67,21,,,,,,,,,,,,,,,10,701
M4/2162B,25/04/2025 00:00:00,10:59:00,43,410,189,69,19,,,,,,,,,,,,,,,17,687
M4/2162B,25/04/2025 00:00:00,11:14:00,44,430,129,36,19,,,,,,,,,,,,,,,38,614
M4/2162B,25/04/2025 00:00:00,11:29:00,45,499,142,41,14,,,,,,,,,,,,,,,38,696
M4/2162B,25/04/2025 00:00:00,11:44:00,46,497,135,52,18,,,,,,,,,,,,,,,38,702
M4/2162B,25/04/2025 00:00:00,11:59:00,47,450,124,40,24,,,,,,,,,,,,,,,38,638
M4/2162B,25/04/2025 00:00:00,12:14:00,48,489,116,39,13,,,,,,,,,,,,,,,39,657
M4/2162B,25/04/2025 00:00:00,12:29:00,49,474,123,45,12,,,,,,,,,,,,,,,39,654
M4/2162B,25/04/2025 00:00:00,12:44:00,50,459,138,39,10,,,,,,,,,,,,,,,39,646
M4/2162B,25/04/2025 00:00:00,12:59:00,51,491,122,44,15,,,,,,,,,,,,,,,39,672
M4/2162B,25/04/2025 00:00:00,13:14:00,52,437,109,38,14,,,,,,,,,,,,,,,39,598
M4/2162B,25/04/2025 00:00:00,13:29:00,53,539,125,39,15,,,,,,,,,,,,,,,38,718
M4/2162B,25/04/2025 00:00:00,13:44:00,54,491,99,41,18,,,,,,,,,,,,,,,38,649
M4/2162B,25/04/2025 00:00:00,13:59:00,55,433,94,33,14,,,,,,,,,,,,,,,39,574
M4/2162B,25/04/2025 00:00:00,14:14:00,56,417,83,23,6,,,,,,,,,,,,,,,40,529
M4/2162B,25/04/2025 00:00:00,14:29:00,57,448,118,21,8,,,,,,,,,,,,,,,40,595
M4/2162B,25/04/2025 00:00:00,14:44:00,58,458,86,20,9,,,,,,,,,,,,,,,39,573
M4/2162B,25/04/2025 00:00:00,14:59:00,59,517,128,25,15,,,,,,,,,,,,,,,39,685
M4/2162B,25/04/2025 00:00:00,15:14:00,60,501,116,22,12,,,,,,,,,,,,,,,39,651
M4/2162B,25/04/2025 00:00:00,15:29:00,61,549,102,32,7,,,,,,,,,,,,,,,39,690
M4/2162B,25/04/2025 00:00:00,15:44:00,62,543,99,25,10,,,,,,,,,,,,,,,39,677
M4/2162B,25/04/2025 00:00:00,15:59:00,63,540,120,35,11,,,,,,,,,,,,,,,39,706
M4/2162B,25/04/2025 00:00:00,16:14:00,64,568,99,22,15,,,,,,,,,,,,,,,39,704
M4/2162B,25/04/2025 00:00:00,16:29:00,65,653,105,24,12,,,,,,,,,,,,,,,38,794
M4/2162B,25/04/2025 00:00:00,16:44:00,66,608,106,17,7,,,,,,,,,,,,,,,38,738
M4/2162B,25/04/2025 00:00:00,16:59:00,67,639,136,22,11,,,,,,,,,,,,,,,37,808
M4/2162B,25/04/2025 00:00:00,17:14:00,68,490,217,49,13,,,,,,,,,,,,,,,11,769
M4/2162B,25/04/2025 00:00:00,17:29:00,69,539,161,35,17,,,,,,,,,,,,,,,10,752
M4/2162B,25/04/2025 00:00:00,17:44:00,70,540,147,37,19,,,,,,,,,,,,,,,10,743
M4/2162B,25/04/2025 00:00:00,17:59:00,71,551,136,43,19,,,,,,,,,,,,,,,10,749
M4/2162B,25/04/2025 00:00:00,18:14:00,72,540,154,25,17,,,,,,,,,,,,,,,9,736
M4/2162B,25/04/2025 00:00:00,18:29:00,73,565,118,34,10,,,,,,,,,,,,,,,9,727
M4/2162B,25/04/2025 00:00:00,18:44:00,74,548,147,25,18,,,,,,,,,,,,,,,12,738
M4/2162B,25/04/2025 00:00:00,18:59:00,75,541,149,26,15,,,,,,,,,,,,,,,10,731
M4/2162B,25/04/2025 00:00:00,19:14:00,76,501,134,34,16,,,,,,,,,,,,,,,9,686
M4/2162B,25/04/2025 00:00:00,19:29:00,77,480,144,33,14,,,,,,,,,,,,,,,12,671
M4/2162B,25/04/2025 00:00:00,19:44:00,78,501,87,17,7,,,,,,,,,,,,,,,39,612
M4/2162B,25/04/2025 00:00:00,19:59:00,79,443,90,9,6,,,,,,,,,,,,,,,39,548
M4/2162B,25/04/2025 00:00:00,20:14:00,80,461,81,11,9,,,,,,,,,,,,,,,38,562
M4/2162B,25/04/2025 00:00:00,20:29:00,81,418,66,9,8,,,,,,,,,,,,,,,39,501
M4/2162B,25/04/2025 00:00:00,20:44:00,82,392,50,12,8,,,,,,,,,,,,,,,39,462
M4/2162B,25/04/2025 00:00:00,20:59:00,83,384,51,16,12,,,,,,,,,,,,,,,38,463
M4/2162B,25/04/2025 00:00:00,21:14:00,84,428,53,13,7,,,,,,,,,,,,,,,39,501
M4/2162B,25/04/2025 00:00:00,21:29:00,85,391,68,7,8,,,,,,,,,,,,,,,38,474
M4/2162B,25/04/2025 00:00:00,21:44:00,86,365,51,9,8,,,,,,,,,,,,,,,40,433
M4/2162B,25/04/2025 00:00:00,21:59:00,87,345,44,11,7,,,,,,,,,,,,,,,39,407
M4/2162B,25/04/2025 00:00:00,22:14:00,88,278,55,10,9,,,,,,,,,,,,,,,39,352
M4/2162B,25/04/2025 00:00:00,22:29:00,89,300,47,3,8,,,,,,,,,,,,,,,39,358
M4/2162B,25/04/2025 00:00:00,22:44:00,90,293,56,9,7,,,,,,,,,,,,,,,40,365
M4/2162B,25/04/2025 00:00:00,22:59:00,91,307,38,9,5,,,,,,,,,,,,,,,40,359
M4/2162B,25/04/2025 00:00:00,23:14:00,92,231,31,21,3,,,,,,,,,,,,,,,40,286
M4/2162B,25/04/2025 00:00:00,23:29:00,93,206,31,6,5,,,,,,,,,,,,,,,40,248
M4/2162B,25/04/2025 00:00:00,23:44:00,94,201,22,7,6,,,,,,,,,,,,,,,39,236
M4/2162B,25/04/2025 00:00:00,23:59:00,95,159,24,7,3,,,,,,,,,,,,,,,40,193
M4/2162B,26/04/2025 00:00:00,00:14:00,0,138,14,4,3,,,,,,,,,,,,,,,40,159
M4/2162B,26/04/2025 00:00:00,00:29:00,1,137,15,8,7,,,,,,,,,,,,,,,40,167
M4/2162B,26/04/2025 00:00:00,00:44:00,2,97,16,6,2,,,,,,,,,,,,,,,41,121
M4/2162B,26/04/2025 00:00:00,00:59:00,3,72,12,5,1,,,,,,,,,,,,,,,40,90
M4/2162B,26/04/2025 00:00:00,01:14:00,4,63,9,2,2,,,,,,,,,,,,,,,40,76
M4/2162B,26/04/2025 00:00:00,01:29:00,5,82,6,6,4,,,,,,,,,,,,,,,40,98
M4/2162B,26/04/2025 00:00:00,01:44:00,6,66,5,4,3,,,,,,,,,,,,,,,39,78
M4/2162B,26/04/2025 00:00:00,01:59:00,7,56,6,8,4,,,,,,,,,,,,,,,40,74
M4/2162B,26/04/2025 00:00:00,02:14:00,8,59,3,5,3,,,,,,,,,,,,,,,40,70
M4/2162B,26/04/2025 00:00:00,02:29:00,9,52,7,9,3,,,,,,,,,,,,,,,40,71
M4/2162B,26/04/2025 00:00:00,02:44:00,10,45,7,6,1,,,,,,,,,,,,,,,40,59
M4/2162B,26/04/2025 00:00:00,02:59:00,11,45,8,2,2,,,,,,,,,,,,,,,40,57
M4/2162B,26/04/2025 00:00:00,03:14:00,12,38,6,3,2,,,,,,,,,,,,,,,39,49
M4/2162B,26/04/2025 00:00:00,03:29:00,13,42,7,7,3,,,,,,,,,,,,,,,41,59
M4/2162B,26/04/2025 00:00:00,03:44:00,14,38,12,10,0,,,,,,,,,,,,,,,38,60
M4/2162B,26/04/2025 00:00:00,03:59:00,15,52,6,4,6,,,,,,,,,,,,,,,39,68
M4/2162B,26/04/2025 00:00:00,04:14:00,16,57,11,8,5,,,,,,,,,,,,,,,39,81
M4/2162B,26/04/2025 00:00:00,04:29:00,17,80,14,17,7,,,,,,,,,,,,,,,39,118
M4/2162B,26/04/2025 00:00:00,04:44:00,18,89,12,15,4,,,,,,,,,,,,,,,40,120
M4/2162B,26/04/2025 00:00:00,04:59:00,19,84,17,14,9,,,,,,,,,,,,,,,40,124
M4/2162B,26/04/2025 00:00:00,05:14:00,20,103,20,15,12,,,,,,,,,,,,,,,40,150
M4/2162B,26/04/2025 00:00:00,05:29:00,21,135,29,19,14,,,,,,,,,,,,,,,39,197
M4/2162B,26/04/2025 00:00:00,05:44:00,22,148,34,24,17,,,,,,,,,,,,,,,39,223
M4/2162B,26/04/2025 00:00:00,05:59:00,23,166,65,29,9,,,,,,,,,,,,,,,39,269
M4/2162B,26/04/2025 00:00:00,06:14:00,24,208,46,39,13,,,,,,,,,,,,,,,40,306
M4/2162B,26/04/2025 00:00:00,06:29:00,25,197,89,33,9,,,,,,,,,,,,,,,40,328
M4/2162B,26/04/2025 00:00:00,06:44:00,26,290,97,46,28,,,,,,,,,,,,,,,39,461
M4/2162B,26/04/2025 00:00:00,06:59:00,27,324,93,35,15,,,,,,,,,,,,,,,39,467
M4/2162B,26/04/2025 00:00:00,07:14:00,28,380,135,43,14,,,,,,,,,,,,,,,39,572
M4/2162B,26/04/2025 00:00:00,07:29:00,29,402,121,37,15,,,,,,,,,,,,,,,39,575
M4/2162B,26/04/2025 00:00:00,07:44:00,30,431,125,30,14,,,,,,,,,,,,,,,39,600
M4/2162B,26/04/2025 00:00:00,07:59:00,31,396,130,36,15,,,,,,,,,,,,,,,39,577
M4/2162B,26/04/2025 00:00:00,08:14:00,32,408,134,40,17,,,,,,,,,,,,,,,39,599
M4/2162B,26/04/2025 00:00:00,08:29:00,33,455,95,25,10,,,,,,,,,,,,,,,39,585
M4/2162B,26/04/2025 00:00:00,08:44:00,34,525,97,28,16,,,,,,,,,,,,,,,39,666
M4/2162B,26/04/2025 00:00:00,08:59:00,35,525,112,31,15,,,,,,,,,,,,,,,39,683
M4/2162B,26/04/2025 00:00:00,09:14:00,36,595,117,27,7,,,,,,,,,,,,,,,38,746
M4/2162B,26/04/2025 00:00:00,09:29:00,37,631,116,14,18,,,,,,,,,,,,,,,38,779
M4/2162B,26/04/2025 00:00:00,09:44:00,38,634,111,16,10,,,,,,,,,,,,,,,38,771
M4/2162B,26/04/2025 00:00:00,09:59:00,39,612,136,23,18,,,,,,,,,,,,,,,24,789
M4/2162B,26/04/2025 00:00:00,10:14:00,40,515,144,38,24,,,,,,,,,,,,,,,10,721
M4/2162B,26/04/2025 00:00:00,10:29:00,41,585,119,31,14,,,,,,,,,,,,,,,10,749
M4/2162B,26/04/2025 00:00:00,10:44:00,42,556,161,28,21,,,,,,,,,,,,,,,10,766
M4/2162B,26/04/2025 00:00:00,10:59:00,43,548,162,31,13,,,,,,,,,,,,,,,11,754
M4/2162B,26/04/2025 00:00:00,11:14:00,44,596,134,34,16,,,,,,,,,,,,,,,10,780
M4/2162B,26/04/2025 00:00:00,11:29:00,45,563,170,27,16,,,,,,,,,,,,,,,10,776
M4/2162B,26/04/2025 00:00:00,11:44:00,46,549,160,36,19,,,,,,,,,,,,,,,10,764
M4/2162B,26/04/2025 00:00:00,11:59:00,47,547,159,21,18,,,,,,,,,,,,,,,10,745
M4/2162B,26/04/2025 00:00:00,12:14:00,48,536,149,28,16,,,,,,,,,,,,,,,10,729
M4/2162B,26/04/2025 00:00:00,12:29:00,49,526,149,35,15,,,,,,,,,,,,,,,10,725
M4/2162B,26/04/2025 00:00:00,12:44:00,50,507,139,30,15,,,,,,,,,,,,,,,9,691
M4/2162B,26/04/2025 00:00:00,12:59:00,51,537,173,26,12,,,,,,,,,,,,,,,10,748
M4/2162B,26/04/2025 00:00:00,13:14:00,52,564,146,26,11,,,,,,,,,,,,,,,10,747
M4/2162B,26/04/2025 00:00:00,13:29:00,53,550,150,33,15,,,,,,,,,,,,,,,10,748
M4/2162B,26/04/2025 00:00:00,13:44:00,54,561,117,45,15,,,,,,,,,,,,,,,11,738
M4/2162B,26/04/2025 00:00:00,13:59:00,55,563,123,26,17,,,,,,,,,,,,,,,10,729
M4/2162B,26/04/2025 00:00:00,14:14:00,56,539,142,24,9,,,,,,,,,,,,,,,10,714
M4/2162B,26/04/2025 00:00:00,14:29:00,57,561,129,26,12,,,,,,,,,,,,,,,9,728
M4/2162B,26/04/2025 00:00:00,14:44:00,58,561,136,28,18,,,,,,,,,,,,,,,10,743
M4/2162B,26/04/2025 00:00:00,14:59:00,59,579,137,28,18,,,,,,,,,,,,,,,10,762
M4/2162B,26/04/2025 00:00:00,15:14:00,60,535,145,26,10,,,,,,,,,,,,,,,9,716
M4/2162B,26/04/2025 00:00:00,15:29:00,61,523,150,39,10,,,,,,,,,,,,,,,11,722
M4/2162B,26/04/2025 00:00:00,15:44:00,62,511,166,27,10,,,,,,,,,,,,,,,14,714
M4/2162B,26/04/2025 00:00:00,15:59:00,63,519,137,30,13,,,,,,,,,,,,,,,9,699
M4/2162B,26/04/2025 00:00:00,16:14:00,64,564,134,19,9,,,,,,,,,,,,,,,10,726
M4/2162B,26/04/2025 00:00:00,16:29:00,65,541,143,26,7,,,,,,,,,,,,,,,9,717
M4/2162B,26/04/2025 00:00:00,16:44:00,66,527,148,45,9,,,,,,,,,,,,,,,9,729
M4/2162B,26/04/2025 00:00:00,16:59:00,67,546,140,20,20,,,,,,,,,,,,,,,10,726
M4/2162B,26/04/2025 00:00:00,17:14:00,68,518,155,21,18,,,,,,,,,,,,,,,10,712
M4/2162B,26/04/2025 00:00:00,17:29:00,69,534,134,31,10,,,,,,,,,,,,,,,9,709
M4/2162B,26/04/2025 00:00:00,17:44:00,70,517,154,32,15,,,,,,,,,,,,,,,10,718
M4/2162B,26/04/2025 00:00:00,17:59:00,71,571,135,19,14,,,,,,,,,,,,,,,10,739
M4/2162B,26/04/2025 00:00:00,18:14:00,72,535,83,8,11,,,,,,,,,,,,,,,30,637
M4/2162B,26/04/2025 00:00:00,18:29:00,73,644,72,10,13,,,,,,,,,,,,,,,38,739
M4/2162B,26/04/2025 00:00:00,18:44:00,74,649,60,7,11,,,,,,,,,,,,,,,39,727
M4/2162B,26/04/2025 00:00:00,18:59:00,75,610,68,9,9,,,,,,,,,,,,,,,38,696
M4/2162B,26/04/2025 00:00:00,19:14:00,76,540,66,5,14,,,,,,,,,,,,,,,39,625
M4/2162B,26/04/2025 00:00:00,19:29:00,77,568,82,5,8,,,,,,,,,,,,,,,39,663
M4/2162B,26/04/2025 00:00:00,19:44:00,78,520,84,10,10,,,,,,,,,,,,,,,39,624
M4/2162B,26/04/2025 00:00:00,19:59:00,79,520,66,11,6,,,,,,,,,,,,,,,38,603
M4/2162B,26/04/2025 00:00:00,20:14:00,80,440,64,12,10,,,,,,,,,,,,,,,39,526
M4/2162B,26/04/2025 00:00:00,20:29:00,81,408,57,3,15,,,,,,,,,,,,,,,39,483
M4/2162B,26/04/2025 00:00:00,20:44:00,82,390,51,6,8,,,,,,,,,,,,,,,39,455
M4/2162B,26/04/2025 00:00:00,20:59:00,83,385,72,8,16,,,,,,,,,,,,,,,39,481
M4/2162B,26/04/2025 00:00:00,21:14:00,84,384,62,7,8,,,,,,,,,,,,,,,39,461
M4/2162B,26/04/2025 00:00:00,21:29:00,85,365,60,12,7,,,,,,,,,,,,,,,39,444
M4/2162B,26/04/2025 00:00:00,21:44:00,86,353,62,7,7,,,,,,,,,,,,,,,39,429
M4/2162B,26/04/2025 00:00:00,21:59:00,87,379,43,3,8,,,,,,,,,,,,,,,39,433
M4/2162B,26/04/2025 00:00:00,22:14:00,88,303,35,0,6,,,,,,,,,,,,,,,40,344
M4/2162B,26/04/2025 00:00:00,22:29:00,89,283,44,5,6,,,,,,,,,,,,,,,40,338
M4/2162B,26/04/2025 00:00:00,22:44:00,90,307,38,4,4,,,,,,,,,,,,,,,40,353
M4/2162B,26/04/2025 00:00:00,22:59:00,91,297,41,1,5,,,,,,,,,,,,,,,40,344
M4/2162B,26/04/2025 00:00:00,23:14:00,92,286,35,4,4,,,,,,,,,,,,,,,40,329
M4/2162B,26/04/2025 00:00:00,23:29:00,93,249,25,11,3,,,,,,,,,,,,,,,40,288
M4/2162B,26/04/2025 00:00:00,23:44:00,94,240,25,2,1,,,,,,,,,,,,,,,40,268
M4/2162B,26/04/2025 00:00:00,23:59:00,95,209,27,2,5,,,,,,,,,,,,,,,40,243
M4/2162B,27/04/2025 00:00:00,00:14:00,0,207,14,10,4,,,,,,,,,,,,,,,40,235
M4/2162B,27/04/2025 00:00:00,00:29:00,1,159,11,5,1,,,,,,,,,,,,,,,40,176
M4/2162B,27/04/2025 00:00:00,00:44:00,2,135,17,7,2,,,,,,,,,,,,,,,41,161
M4/2162B,27/04/2025 00:00:00,00:59:00,3,138,12,8,2,,,,,,,,,,,,,,,40,160
M4/2162B,27/04/2025 00:00:00,01:14:00,4,122,12,2,6,,,,,,,,,,,,,,,41,142
M4/2162B,27/04/2025 00:00:00,01:29:00,5,95,12,3,3,,,,,,,,,,,,,,,40,113
M4/2162B,27/04/2025 00:00:00,01:44:00,6,79,4,5,0,,,,,,,,,,,,,,,40,88
M4/2162B,27/04/2025 00:00:00,01:59:00,7,89,6,2,2,,,,,,,,,,,,,,,40,99
M4/2162B,27/04/2025 00:00:00,02:14:00,8,78,14,6,3,,,,,,,,,,,,,,,40,101
M4/2162B,27/04/2025 00:00:00,02:29:00,9,86,8,3,0,,,,,,,,,,,,,,,41,97
M4/2162B,27/04/2025 00:00:00,02:44:00,10,80,10,1,4,,,,,,,,,,,,,,,41,95
M4/2162B,27/04/2025 00:00:00,02:59:00,11,65,8,4,1,,,,,,,,,,,,,,,41,78
M4/2162B,27/04/2025 00:00:00,03:14:00,12,64,9,4,3,,,,,,,,,,,,,,,41,80
M4/2162B,27/04/2025 00:00:00,03:29:00,13,74,9,5,1,,,,,,,,,,,,,,,40,89
M4/2162B,27/04/2025 00:00:00,03:44:00,14,61,13,0,2,,,,,,,,,,,,,,,40,76
M4/2162B,27/04/2025 00:00:00,03:59:00,15,57,5,2,0,,,,,,,,,,,,,,,40,64
M4/2162B,27/04/2025 00:00:00,04:14:00,16,67,8,4,5,,,,,,,,,,,,,,,40,84
M4/2162B,27/04/2025 00:00:00,04:29:00,17,62,14,7,3,,,,,,,,,,,,,,,40,86
M4/2162B,27/04/2025 00:00:00,04:44:00,18,101,8,6,7,,,,,,,,,,,,,,,40,122
M4/2162B,27/04/2025 00:00:00,04:59:00,19,103,16,11,13,,,,,,,,,,,,,,,40,143
M4/2162B,27/04/2025 00:00:00,05:14:00,20,117,23,5,10,,,,,,,,,,,,,,,40,155
M4/2162B,27/04/2025 00:00:00,05:29:00,21,119,28,21,14,,,,,,,,,,,,,,,40,182
M4/2162B,27/04/2025 00:00:00,05:44:00,22,139,41,14,16,,,,,,,,,,,,,,,40,210
M4/2162B,27/04/2025 00:00:00,05:59:00,23,170,44,13,21,,,,,,,,,,,,,,,40,248
M4/2162B,27/04/2025 00:00:00,06:14:00,24,200,30,20,21,,,,,,,,,,,,,,,40,271
M4/2162B,27/04/2025 00:00:00,06:29:00,25,228,58,16,18,,,,,,,,,,,,,,,40,320
M4/2162B,27/04/2025 00:00:00,06:44:00,26,270,69,14,13,,,,,,,,,,,,,,,40,366
M4/2162B,27/04/2025 00:00:00,06:59:00,27,263,68,24,16,,,,,,,,,,,,,,,40,371
M4/2162B,27/04/2025 00:00:00,07:14:00,28,287,76,17,16,,,,,,,,,,,,,,,40,396
M4/2162B,27/04/2025 00:00:00,07:29:00,29,373,79,12,14,,,,,,,,,,,,,,,40,478
M4/2162B,27/04/2025 00:00:00,07:44:00,30,381,94,19,16,,,,,,,,,,,,,,,39,510
M4/2162B,27/04/2025 00:00:00,07:59:00,31,408,96,14,12,,,,,,,,,,,,,,,39,530
M4/2162B,27/04/2025 00:00:00,08:14:00,32,382,97,12,16,,,,,,,,,,,,,,,39,507
M4/2162B,27/04/2025 00:00:00,08:29:00,33,423,100,14,7,,,,,,,,,,,,,,,39,544
M4/2162B,27/04/2025 00:00:00,08:44:00,34,436,102,11,11,,,,,,,,,,,,,,,40,560
M4/2162B,27/04/2025 00:00:00,08:59:00,35,450,62,15,13,,,,,,,,,,,,,,,39,540
M4/2162B,27/04/2025 00:00:00,09:14:00,36,477,82,10,9,,,,,,,,,,,,,,,39,578
M4/2162B,27/04/2025 00:00:00,09:29:00,37,562,88,12,8,,,,,,,,,,,,,,,39,670
M4/2162B,27/04/2025 00:00:00,09:44:00,38,556,101,12,9,,,,,,,,,,,,,,,39,678
M4/2162B,27/04/2025 00:00:00,09:59:00,39,553,83,9,11,,,,,,,,,,,,,,,39,656
M4/2162B,27/04/2025 00:00:00,10:14:00,40,527,79,9,10,,,,,,,,,,,,,,,38,625
M4/2162B,27/04/2025 00:00:00,10:29:00,41,610,97,6,7,,,,,,,,,,,,,,,38,720
M4/2162B,27/04/2025 00:00:00,10:44:00,42,644,87,7,9,,,,,,,,,,,,,,,38,747
M4/2162B,27/04/2025 00:00:00,10:59:00,43,605,106,18,7,,,,,,,,,,,,,,,38,736
M4/2162B,27/04/2025 00:00:00,11:14:00,44,664,93,9,3,,,,,,,,,,,,,,,38,769
M4/2162B,27/04/2025 00:00:00,11:29:00,45,687,95,13,15,,,,,,,,,,,,,,,31,810
M4/2162B,27/04/2025 00:00:00,11:44:00,46,616,161,9,3,,,,,,,,,,,,,,,21,789
M4/2162B,27/04/2025 00:00:00,11:59:00,47,535,142,26,21,,,,,,,,,,,,,,,10,724
M4/2162B,27/04/2025 00:00:00,12:14:00,48,556,129,27,13,,,,,,,,,,,,,,,10,725
M4/2162B,27/04/2025 00:00:00,12:29:00,49,575,162,28,16,,,,,,,,,,,,,,,10,781
M4/2162B,27/04/2025 00:00:00,12:44:00,50,582,147,23,10,,,,,,,,,,,,,,,10,762
M4/2162B,27/04/2025 00:00:00,12:59:00,51,539,141,32,11,,,,,,,,,,,,,,,9,723
M4/2162B,27/04/2025 00:00:00,13:14:00,52,555,130,28,12,,,,,,,,,,,,,,,10,725
M4/2162B,27/04/2025 00:00:00,13:29:00,53,566,156,27,16,,,,,,,,,,,,,,,11,765
M4/2162B,27/04/2025 00:00:00,13:44:00,54,542,133,28,21,,,,,,,,,,,,,,,10,724
M4/2162B,27/04/2025 00:00:00,13:59:00,55,535,133,33,18,,,,,,,,,,,,,,,10,719
M4/2162B,27/04/2025 00:00:00,14:14:00,56,555,142,16,13,,,,,,,,,,,,,,,10,726
M4/2162B,27/04/2025 00:00:00,14:29:00,57,497,163,32,12,,,,,,,,,,,,,,,12,704
M4/2162B,27/04/2025 00:00:00,14:44:00,58,543,74,6,11,,,,,,,,,,,,,,,38,634
M4/2162B,27/04/2025 00:00:00,14:59:00,59,533,71,11,6,,,,,,,,,,,,,,,39,621
M4/2162B,27/04/2025 00:00:00,15:14:00,60,562,85,4,7,,,,,,,,,,,,,,,39,658
M4/2162B,27/04/2025 00:00:00,15:29:00,61,612,93,3,5,,,,,,,,,,,,,,,39,713
M4/2162B,27/04/2025 00:00:00,15:44:00,62,632,101,10,7,,,,,,,,,,,,,,,35,750
M4/2162B,27/04/2025 00:00:00,15:59:00,63,568,83,4,11,,,,,,,,,,,,,,,37,666
M4/2162B,27/04/2025 00:00:00,16:14:00,64,483,85,6,11,,,,,,,,,,,,,,,39,585
M4/2162B,27/04/2025 00:00:00,16:29:00,65,591,83,10,7,,,,,,,,,,,,,,,39,691
M4/2162B,27/04/2025 00:00:00,16:44:00,66,665,117,19,5,,,,,,,,,,,,,,,29,806
M4/2162B,27/04/2025 00:00:00,16:59:00,67,557,130,25,11,,,,,,,,,,,,,,,10,723
M4/2162B,27/04/2025 00:00:00,17:14:00,68,533,143,37,13,,,,,,,,,,,,,,,10,726
M4/2162B,27/04/2025 00:00:00,17:29:00,69,550,157,21,14,,,,,,,,,,,,,,,11,742
M4/2162B,27/04/2025 00:00:00,17:44:00,70,502,146,46,14,,,,,,,,,,,,,,,10,708
M4/2162B,27/04/2025 00:00:00,17:59:00,71,543,137,34,13,,,,,,,,,,,,,,,9,727
M4/2162B,27/04/2025 00:00:00,18:14:00,72,511,141,28,13,,,,,,,,,,,,,,,9,693
M4/2162B,27/04/2025 00:00:00,18:29:00,73,509,151,31,11,,,,,,,,,,,,,,,9,702
M4/2162B,27/04/2025 00:00:00,18:44:00,74,514,161,28,10,,,,,,,,,,,,,,,14,713
M4/2162B,27/04/2025 00:00:00,18:59:00,75,508,170,17,9,,,,,,,,,,,,,,,18,704
M4/2162B,27/04/2025 00:00:00,19:14:00,76,548,134,16,11,,,,,,,,,,,,,,,23,709
M4/2162B,27/04/2025 00:00:00,19:29:00,77,537,63,5,7,,,,,,,,,,,,,,,39,612
M4/2162B,27/04/2025 00:00:00,19:44:00,78,545,83,3,9,,,,,,,,,,,,,,,39,640
M4/2162B,27/04/2025 00:00:00,19:59:00,79,562,75,8,8,,,,,,,,,,,,,,,39,653
M4/2162B,27/04/2025 00:00:00,20:14:00,80,585,77,4,11,,,,,,,,,,,,,,,38,677
M4/2162B,27/04/2025 00:00:00,20:29:00,81,595,64,12,9,,,,,,,,,,,,,,,38,680
M4/2162B,27/04/2025 00:00:00,20:44:00,82,524,78,6,6,,,,,,,,,,,,,,,39,614
M4/2162B,27/04/2025 00:00:00,20:59:00,83,529,84,16,11,,,,,,,,,,,,,,,39,640
M4/2162B,27/04/2025 00:00:00,21:14:00,84,492,86,7,7,,,,,,,,,,,,,,,39,592
M4/2162B,27/04/2025 00:00:00,21:29:00,85,496,77,9,6,,,,,,,,,,,,,,,39,588
M4/2162B,27/04/2025 00:00:00,21:44:00,86,485,58,14,7,,,,,,,,,,,,,,,39,564
M4/2162B,27/04/2025 00:00:00,21:59:00,87,406,56,9,10,,,,,,,,,,,,,,,40,481
M4/2162B,27/04/2025 00:00:00,22:14:00,88,420,74,11,9,,,,,,,,,,,,,,,39,514
M4/2162B,27/04/2025 00:00:00,22:29:00,89,370,53,7,6,,,,,,,,,,,,,,,39,436
M4/2162B,27/04/2025 00:00:00,22:44:00,90,314,37,9,2,,,,,,,,,,,,,,,39,362
M4/2162B,27/04/2025 00:00:00,22:59:00,91,293,43,7,3,,,,,,,,,,,,,,,40,346
M4/2162B,27/04/2025 00:00:00,23:14:00,92,284,48,7,4,,,,,,,,,,,,,,,40,343
M4/2162B,27/04/2025 00:00:00,23:29:00,93,245,44,5,4,,,,,,,,,,,,,,,40,298
M4/2162B,27/04/2025 00:00:00,23:44:00,94,255,36,11,4,,,,,,,,,,,,,,,40,306
M4/2162B,27/04/2025 00:00:00,23:59:00,95,137,21,8,5,,,,,,,,,,,,,,,40,171
M4/2162B,28/04/2025 00:00:00,00:14:00,0,111,12,17,7,,,,,,,,,,,,,,,40,147
M4/2162B,28/04/2025 00:00:00,00:29:00,1,102,14,12,10,,,,,,,,,,,,,,,40,138
M4/2162B,28/04/2025 00:00:00,00:44:00,2,97,10,6,4,,,,,,,,,,,,,,,40,117
M4/2162B,28/04/2025 00:00:00,00:59:00,3,54,5,10,3,,,,,,,,,,,,,,,41,72
M4/2162B,28/04/2025 00:00:00,01:14:00,4,74,9,8,6,,,,,,,,,,,,,,,41,97
M4/2162B,28/04/2025 00:00:00,01:29:00,5,55,6,6,4,,,,,,,,,,,,,,,41,71
M4/2162B,28/04/2025 00:00:00,01:44:00,6,44,4,3,3,,,,,,,,,,,,,,,40,54
M4/2162B,28/04/2025 00:00:00,01:59:00,7,38,7,4,3,,,,,,,,,,,,,,,40,52
M4/2162B,28/04/2025 00:00:00,02:14:00,8,35,12,11,2,,,,,,,,,,,,,,,40,60
M4/2162B,28/04/2025 00:00:00,02:29:00,9,22,8,9,3,,,,,,,,,,,,,,,39,42
M4/2162B,28/04/2025 00:00:00,02:44:00,10,35,5,11,5,,,,,,,,,,,,,,,39,56
M4/2162B,28/04/2025 00:00:00,02:59:00,11,39,3,8,3,,,,,,,,,,,,,,,40,53
M4/2162B,28/04/2025 00:00:00,03:14:00,12,27,7,6,5,,,,,,,,,,,,,,,40,45
M4/2162B,28/04/2025 00:00:00,03:29:00,13,34,9,7,1,,,,,,,,,,,,,,,39,51
M4/2162B,28/04/2025 00:00:00,03:44:00,14,35,14,12,4,,,,,,,,,,,,,,,41,65
M4/2162B,28/04/2025 00:00:00,03:59:00,15,43,15,12,5,,,,,,,,,,,,,,,40,75
M4/2162B,28/04/2025 00:00:00,04:14:00,16,63,14,13,5,,,,,,,,,,,,,,,40,95
M4/2162B,28/04/2025 00:00:00,04:29:00,17,66,17,31,3,,,,,,,,,,,,,,,40,117
M4/2162B,28/04/2025 00:00:00,04:44:00,18,94,34,20,8,,,,,,,,,,,,,,,40,156
M4/2162B,28/04/2025 00:00:00,04:59:00,19,116,31,21,10,,,,,,,,,,,,,,,39,178
M4/2162B,28/04/2025 00:00:00,05:14:00,20,161,34,33,9,,,,,,,,,,,,,,,40,237
M4/2162B,28/04/2025 00:00:00,05:29:00,21,206,61,28,11,,,,,,,,,,,,,,,40,306
M4/2162B,28/04/2025 00:00:00,05:44:00,22,286,74,45,18,,,,,,,,,,,,,,,39,423
M4/2162B,28/04/2025 00:00:00,05:59:00,23,369,114,62,15,,,,,,,,,,,,,,,39,560
M4/2162B,28/04/2025 00:00:00,06:14:00,24,512,175,75,26,,,,,,,,,,,,,,,37,788
M4/2162B,28/04/2025 00:00:00,06:29:00,25,460,212,93,29,,,,,,,,,,,,,,,13,794
M4/2162B,28/04/2025 00:00:00,06:44:00,26,420,220,93,37,,,,,,,,,,,,,,,11,770
M4/2162B,28/04/2025 00:00:00,06:59:00,27,453,217,93,16,,,,,,,,,,,,,,,11,779
M4/2162B,28/04/2025 00:00:00,07:14:00,28,452,205,80,30,,,,,,,,,,,,,,,11,767
M4/2162B,28/04/2025 00:00:00,07:29:00,29,427,200,84,33,,,,,,,,,,,,,,,10,744
M4/2162B,28/04/2025 00:00:00,07:44:00,30,426,196,78,24,,,,,,,,,,,,,,,10,724
M4/2162B,28/04/2025 00:00:00,07:59:00,31,466,181,74,25,,,,,,,,,,,,,,,10,747
M4/2162B,28/04/2025 00:00:00,08:14:00,32,464,194,64,16,,,,,,,,,,,,,,,10,738
M4/2162B,28/04/2025 00:00:00,08:29:00,33,467,201,67,19,,,,,,,,,,,,,,,10,754
M4/2162B,28/04/2025 00:00:00,08:44:00,34,475,181,74,26,,,,,,,,,,,,,,,11,756
M4/2162B,28/04/2025 00:00:00,08:59:00,35,491,170,59,23,,,,,,,,,,,,,,,10,743
M4/2162B,28/04/2025 00:00:00,09:14:00,36,435,191,71,28,,,,,,,,,,,,,,,10,725
M4/2162B,28/04/2025 00:00:00,09:29:00,37,453,210,63,19,,,,,,,,,,,,,,,10,745
M4/2162B,28/04/2025 00:00:00,09:44:00,38,439,208,58,26,,,,,,,,,,,,,,,10,731
M4/2162B,28/04/2025 00:00:00,09:59:00,39,423,189,79,24,,,,,,,,,,,,,,,10,715
M4/2162B,28/04/2025 00:00:00,10:14:00,40,409,167,68,27,,,,,,,,,,,,,,,10,671
M4/2162B,28/04/2025 00:00:00,10:29:00,41,414,168,64,22,,,,,,,,,,,,,,,9,668
M4/2162B,28/04/2025 00:00:00,10:44:00,42,430,177,72,24,,,,,,,,,,,,,,,10,703
M4/2162B,28/04/2025 00:00:00,10:59:00,43,410,175,60,22,,,,,,,,,,,,,,,10,667
M4/2162B,28/04/2025 00:00:00,11:14:00,44,411,194,49,19,,,,,,,,,,,,,,,11,673
M4/2162B,28/04/2025 00:00:00,11:29:00,45,436,160,52,21,,,,,,,,,,,,,,,26,669
M4/2162B,28/04/2025 00:00:00,11:44:00,46,412,223,57,21,,,,,,,,,,,,,,,14,713
M4/2162B,28/04/2025 00:00:00,11:59:00,47,393,202,54,20,,,,,,,,,,,,,,,16,669
M4/2162B,28/04/2025 00:00:00,12:14:00,48,451,159,51,13,,,,,,,,,,,,,,,27,674
M4/2162B,28/04/2025 00:00:00,12:29:00,49,516,140,55,13,,,,,,,,,,,,,,,37,724
M4/2162B,28/04/2025 00:00:00,12:44:00,50,495,109,38,20,,,,,,,,,,,,,,,39,662
M4/2162B,28/04/2025 00:00:00,12:59:00,51,530,118,52,16,,,,,,,,,,,,,,,39,716
M4/2162B,28/04/2025 00:00:00,13:14:00,52,479,112,42,14,,,,,,,,,,,,,,,39,647
M4/2162B,28/04/2025 00:00:00,13:29:00,53,431,113,41,11,,,,,,,,,,,,,,,39,596
M4/2162B,28/04/2025 00:00:00,13:44:00,54,478,133,50,22,,,,,,,,,,,,,,,38,683
M4/2162B,28/04/2025 00:00:00,13:59:00,55,461,135,48,22,,,,,,,,,,,,,,,39,666
M4/2162B,28/04/2025 00:00:00,14:14:00,56,498,103,31,13,,,,,,,,,,,,,,,39,645
M4/2162B,28/04/2025 00:00:00,14:29:00,57,511,115,24,15,,,,,,,,,,,,,,,39,665
M4/2162B,28/04/2025 00:00:00,14:44:00,58,516,118,30,10,,,,,,,,,,,,,,,39,674
M4/2162B,28/04/2025 00:00:00,14:59:00,59,505,118,27,20,,,,,,,,,,,,,,,39,670
M4/2162B,28/04/2025 00:00:00,15:14:00,60,502,109,26,14,,,,,,,,,,,,,,,39,651
M4/2162B,28/04/2025 00:00:00,15:29:00,61,483,114,28,8,,,,,,,,,,,,,,,39,633
M4/2162B,28/04/2025 00:00:00,15:44:00,62,533,108,20,15,,,,,,,,,,,,,,,39,676
M4/2162B,28/04/2025 00:00:00,15:59:00,63,519,110,26,4,,,,,,,,,,,,,,,39,659
M4/2162B,28/04/2025 00:00:00,16:14:00,64,579,98,20,12,,,,,,,,,,,,,,,38,709
M4/2162B,28/04/2025 00:00:00,16:29:00,65,649,98,22,5,,,,,,,,,,,,,,,38,774
M4/2162B,28/04/2025 00:00:00,16:44:00,66,597,105,34,5,,,,,,,,,,,,,,,36,741
M4/2162B,28/04/2025 00:00:00,16:59:00,67,554,167,39,17,,,,,,,,,,,,,,,15,777
M4/2162B,28/04/2025 00:00:00,17:14:00,68,540,161,49,10,,,,,,,,,,,,,,,10,760
M4/2162B,28/04/2025 00:00:00,17:29:00,69,529,147,40,18,,,,,,,,,,,,,,,9,734
M4/2162B,28/04/2025 00:00:00,17:44:00,70,581,150,31,15,,,,,,,,,,,,,,,10,777
M4/2162B,28/04/2025 00:00:00,17:59:00,71,541,155,36,22,,,,,,,,,,,,,,,10,754
M4/2162B,28/04/2025 00:00:00,18:14:00,72,548,135,36,18,,,,,,,,,,,,,,,10,737
M4/2162B,28/04/2025 00:00:00,18:29:00,73,555,132,35,15,,,,,,,,,,,,,,,10,737
M4/2162B,28/04/2025 00:00:00,18:43:00,74,564,125,33,18,,,,,,,,,,,,,,,10,740
M4/2162B,28/04/2025 00:00:00,18:59:00,75,519,161,24,12,,,,,,,,,,,,,,,19,716
M4/2162B,28/04/2025 00:00:00,19:14:00,76,530,82,13,6,,,,,,,,,,,,,,,39,631
M4/2162B,28/04/2025 00:00:00,19:29:00,77,599,105,17,7,,,,,,,,,,,,,,,39,728
M4/2162B,28/04/2025 00:00:00,19:44:00,78,557,90,16,10,,,,,,,,,,,,,,,39,673
M4/2162B,28/04/2025 00:00:00,19:59:00,79,450,82,12,6,,,,,,,,,,,,,,,39,550
M4/2162B,28/04/2025 00:00:00,20:14:00,80,429,67,7,6,,,,,,,,,,,,,,,39,509
M4/2162B,28/04/2025 00:00:00,20:29:00,81,455,69,12,5,,,,,,,,,,,,,,,39,541
M4/2162B,28/04/2025 00:00:00,20:44:00,82,335,79,11,3,,,,,,,,,,,,,,,39,428
M4/2162B,28/04/2025 00:00:00,20:59:00,83,397,68,13,10,,,,,,,,,,,,,,,40,488
M4/2162B,28/04/2025 00:00:00,21:14:00,84,443,94,9,9,,,,,,,,,,,,,,,39,555
M4/2162B,28/04/2025 00:00:00,21:29:00,85,362,63,16,11,,,,,,,,,,,,,,,40,452
M4/2162B,28/04/2025 00:00:00,21:44:00,86,360,55,13,7,,,,,,,,,,,,,,,40,435
M4/2162B,28/04/2025 00:00:00,21:59:00,87,279,41,12,6,,,,,,,,,,,,,,,40,338
M4/2162B,28/04/2025 00:00:00,22:14:00,88,316,69,14,9,,,,,,,,,,,,,,,40,408
M4/2162B,28/04/2025 00:00:00,22:29:00,89,306,47,11,7,,,,,,,,,,,,,,,39,371
M4/2162B,28/04/2025 00:00:00,22:44:00,90,274,39,9,7,,,,,,,,,,,,,,,40,329
M4/2162B,28/04/2025 00:00:00,22:59:00,91,134,26,1,2,,,,,,,,,,,,,,,40,163
M4/2162B,28/04/2025 00:00:00,23:14:00,92,299,66,8,3,,,,,,,,,,,,,,,38,376
M4/2162B,28/04/2025 00:00:00,23:29:00,93,170,22,8,6,,,,,,,,,,,,,,,40,206
M4/2162B,28/04/2025 00:00:00,23:44:00,94,107,13,7,5,,,,,,,,,,,,,,,40,132
M4/2162B,28/04/2025 00:00:00,23:59:00,95,68,24,5,1,,,,,,,,,,,,,,,41,98
M4/2162B,29/04/2025 00:00:00,00:14:00,0,42,10,6,2,,,,,,,,,,,,,,,39,60
M4/2162B,29/04/2025 00:00:00,00:29:00,1,0,0,0,0,,,,,,,,,,,,,,,0,0
M4/2162B,29/04/2025 00:00:00,00:44:00,2,0,0,1,0,,,,,,,,,,,,,,,11,1
M4/2162B,29/04/2025 00:00:00,00:59:00,3,0,0,0,0,,,,,,,,,,,,,,,0,0
M4/2162B,29/04/2025 00:00:00,01:14:00,4,0,0,0,0,,,,,,,,,,,,,,,0,0
M4/2162B,29/04/2025 00:00:00,01:29:00,5,0,0,0,0,,,,,,,,,,,,,,,0,0
M4/2162B,29/04/2025 00:00:00,01:44:00,6,0,0,0,0,,,,,,,,,,,,,,,0,0
M4/2162B,29/04/2025 00:00:00,01:59:00,7,1,0,0,0,,,,,,,,,,,,,,,21,1
M4/2162B,29/04/2025 00:00:00,02:14:00,8,0,0,0,0,,,,,,,,,,,,,,,0,0
M4/2162B,29/04/2025 00:00:00,02:29:00,9,0,0,0,0,,,,,,,,,,,,,,,0,0
M4/2162B,29/04/2025 00:00:00,02:44:00,10,1,0,0,0,,,,,,,,,,,,,,,13,1
M4/2162B,29/04/2025 00:00:00,02:59:00,11,0,0,0,0,,,,,,,,,,,,,,,0,0
M4/2162B,29/04/2025 00:00:00,03:14:00,12,0,0,0,0,,,,,,,,,,,,,,,0,0
M4/2162B,29/04/2025 00:00:00,03:29:00,13,0,0,0,0,,,,,,,,,,,,,,,0,0
M4/2162B,29/04/2025 00:00:00,03:44:00,14,0,1,0,1,,,,,,,,,,,,,,,37,2
M4/2162B,29/04/2025 00:00:00,03:59:00,15,7,3,2,0,,,,,,,,,,,,,,,38,12
M4/2162B,29/04/2025 00:00:00,04:14:00,16,17,8,11,2,,,,,,,,,,,,,,,40,38
M4/2162B,29/04/2025 00:00:00,04:29:00,17,47,14,14,4,,,,,,,,,,,,,,,40,79
M4/2162B,29/04/2025 00:00:00,04:44:00,18,79,20,19,3,,,,,,,,,,,,,,,39,121
M4/2162B,29/04/2025 00:00:00,04:59:00,19,81,22,18,10,,,,,,,,,,,,,,,39,131
M4/2162B,29/04/2025 00:00:00,05:14:00,20,136,46,21,4,,,,,,,,,,,,,,,40,207
M4/2162B,29/04/2025 00:00:00,05:29:00,21,152,49,39,11,,,,,,,,,,,,,,,40,251
M4/2162B,29/04/2025 00:00:00,05:44:00,22,230,87,44,13,,,,,,,,,,,,,,,40,374
M4/2162B,29/04/2025 00:00:00,05:59:00,23,326,118,43,23,,,,,,,,,,,,,,,40,510
M4/2162B,29/04/2025 00:00:00,06:14:00,24,528,183,81,18,,,,,,,,,,,,,,,38,810
M4/2162B,29/04/2025 00:00:00,06:29:00,25,418,218,105,37,,,,,,,,,,,,,,,13,778
M4/2162B,29/04/2025 00:00:00,06:44:00,26,452,197,89,28,,,,,,,,,,,,,,,11,766
M4/2162B,29/04/2025 00:00:00,06:59:00,27,464,173,86,36,,,,,,,,,,,,,,,11,759
M4/2162B,29/04/2025 00:00:00,07:14:00,28,470,199,73,28,,,,,,,,,,,,,,,10,770
M4/2162B,29/04/2025 00:00:00,07:29:00,29,445,190,71,30,,,,,,,,,,,,,,,9,736
M4/2162B,29/04/2025 00:00:00,07:44:00,30,406,144,86,31,,,,,,,,,,,,,,,9,667
M4/2162B,29/04/2025 00:00:00,07:59:00,31,361,134,67,30,,,,,,,,,,,,,,,8,592
M4/2162B,29/04/2025 00:00:00,08:14:00,32,338,156,69,31,,,,,,,,,,,,,,,9,594
M4/2162B,29/04/2025 00:00:00,08:29:00,33,395,126,65,32,,,,,,,,,,,,,,,8,618
M4/2162B,29/04/2025 00:00:00,08:44:00,34,369,144,70,32,,,,,,,,,,,,,,,9,615
M4/2162B,29/04/2025 00:00:00,08:59:00,35,390,157,70,27,,,,,,,,,,,,,,,9,644
M4/2162B,29/04/2025 00:00:00,09:14:00,36,305,145,66,28,,,,,,,,,,,,,,,7,544
M4/2162B,29/04/2025 00:00:00,09:29:00,37,368,141,63,30,,,,,,,,,,,,,,,8,602
M4/2162B,29/04/2025 00:00:00,09:44:00,38,536,165,75,24,,,,,,,,,,,,,,,11,800
M4/2162B,29/04/2025 00:00:00,09:59:00,39,494,164,68,20,,,,,,,,,,,,,,,10,746
M4/2162B,29/04/2025 00:00:00,10:14:00,40,438,173,73,27,,,,,,,,,,,,,,,10,711
M4/2162B,29/04/2025 00:00:00,10:29:00,41,468,171,66,23,,,,,,,,,,,,,,,10,728
M4/2162B,29/04/2025 00:00:00,10:44:00,42,436,156,82,23,,,,,,,,,,,,,,,9,697
M4/2162B,29/04/2025 00:00:00,10:59:00,43,438,196,64,32,,,,,,,,,,,,,,,10,730
M4/2162B,29/04/2025 00:00:00,11:14:00,44,451,200,68,33,,,,,,,,,,,,,,,11,752
M4/2162B,29/04/2025 00:00:00,11:29:00,45,416,164,58,30,,,,,,,,,,,,,,,10,668
M4/2162B,29/04/2025 00:00:00,11:44:00,46,436,154,62,16,,,,,,,,,,,,,,,10,668
M4/2162B,29/04/2025 00:00:00,11:59:00,47,466,121,63,13,,,,,,,,,,,,,,,33,663
M4/2162B,29/04/2025 00:00:00,12:14:00,48,476,126,48,14,,,,,,,,,,,,,,,39,664
M4/2162B,29/04/2025 00:00:00,12:29:00,49,512,131,48,17,,,,,,,,,,,,,,,38,708
M4/2162B,29/04/2025 00:00:00,12:44:00,50,417,109,45,19,,,,,,,,,,,,,,,39,590
M4/2162B,29/04/2025 00:00:00,12:59:00,51,429,115,59,22,,,,,,,,,,,,,,,39,625
M4/2162B,29/04/2025 00:00:00,13:14:00,52,442,106,51,16,,,,,,,,,,,,,,,39,615
M4/2162B,29/04/2025 00:00:00,13:29:00,53,483,121,42,12,,,,,,,,,,,,,,,39,658
M4/2162B,29/04/2025 00:00:00,13:44:00,54,452,124,42,14,,,,,,,,,,,,,,,39,632
M4/2162B,29/04/2025 00:00:00,13:59:00,55,499,119,47,12,,,,,,,,,,,,,,,39,677
M4/2162B,29/04/2025 00:00:00,14:14:00,56,483,78,31,12,,,,,,,,,,,,,,,39,604
M4/2162B,29/04/2025 00:00:00,14:29:00,57,506,111,38,12,,,,,,,,,,,,,,,39,666
M4/2162B,29/04/2025 00:00:00,14:43:00,58,94,42,21,31,,,,,,,,,,,,,,,6,189
M4/2162B,29/04/2025 00:00:00,14:59:00,59,41,17,15,35,,,,,,,,,,,,,,,3,108
M4/2162B,29/04/2025 00:00:00,15:14:00,60,3,0,2,3,,,,,,,,,,,,,,,1,9
M4/2162B,29/04/2025 00:00:00,15:29:00,61,0,0,0,0,,,,,,,,,,,,,,,0,0
M4/2162B,29/04/2025 00:00:00,15:44:00,62,0,0,0,0,,,,,,,,,,,,,,,0,0
M4/2162B,29/04/2025 00:00:00,15:59:00,63,0,0,0,0,,,,,,,,,,,,,,,0,0
M4/2162B,29/04/2025 00:00:00,16:14:00,64,0,0,0,0,,,,,,,,,,,,,,,0,0
M4/2162B,29/04/2025 00:00:00,16:29:00,65,0,0,0,0,,,,,,,,,,,,,,,0,0
M4/2162B,29/04/2025 00:00:00,16:44:00,66,40,28,12,19,,,,,,,,,,,,,,,4,99
M4/2162B,29/04/2025 00:00:00,16:59:00,67,98,21,37,48,,,,,,,,,,,,,,,3,204
M4/2162B,29/04/2025 00:00:00,17:14:00,68,71,18,25,41,,,,,,,,,,,,,,,4,155
M4/2162B,29/04/2025 00:00:00,17:29:00,69,1,0,0,1,,,,,,,,,,,,,,,34,2
M4/2162B,29/04/2025 00:00:00,17:44:00,70,443,49,10,3,,,,,,,,,,,,,,,39,505
M4/2162B,29/04/2025 00:00:00,17:59:00,71,195,75,38,36,,,,,,,,,,,,,,,9,344
M4/2162B,29/04/2025 00:00:00,18:14:00,72,424,169,33,14,,,,,,,,,,,,,,,14,640
M4/2162B,29/04/2025 00:00:00,18:29:00,73,488,195,40,20,,,,,,,,,,,,,,,13,743
M4/2162B,29/04/2025 00:00:00,18:44:00,74,285,100,23,3,,,,,,,,,,,,,,,13,411
M4/2162B,29/04/2025 00:00:00,18:59:00,75,493,139,33,21,,,,,,,,,,,,,,,9,686
M4/2162B,29/04/2025 00:00:00,19:14:00,76,587,148,28,27,,,,,,,,,,,,,,,10,790
M4/2162B,29/04/2025 00:00:00,19:29:00,77,530,121,42,19,,,,,,,,,,,,,,,8,712
M4/2162B,29/04/2025 00:00:00,19:44:00,78,433,138,24,12,,,,,,,,,,,,,,,15,607
M4/2162B,29/04/2025 00:00:00,19:59:00,79,454,95,8,7,,,,,,,,,,,,,,,39,564
M4/2162B,29/04/2025 00:00:00,20:14:00,80,424,73,10,3,,,,,,,,,,,,,,,39,510
M4/2162B,29/04/2025 00:00:00,20:29:00,81,397,59,7,4,,,,,,,,,,,,,,,39,467
M4/2162B,29/04/2025 00:00:00,20:44:00,82,342,68,14,8,,,,,,,,,,,,,,,39,432
M4/2162B,29/04/2025 00:00:00,20:59:00,83,344,81,12,8,,,,,,,,,,,,,,,40,445
M4/2162B,29/04/2025 00:00:00,21:14:00,84,350,92,11,6,,,,,,,,,,,,,,,39,459
M4/2162B,29/04/2025 00:00:00,21:29:00,85,356,70,15,8,,,,,,,,,,,,,,,39,449
M4/2162B,29/04/2025 00:00:00,21:44:00,86,339,60,15,1,,,,,,,,,,,,,,,39,415
M4/2162B,29/04/2025 00:00:00,21:59:00,87,307,60,7,4,,,,,,,,,,,,,,,39,378
M4/2162B,29/04/2025 00:00:00,22:14:00,88,298,55,14,6,,,,,,,,,,,,,,,40,373
M4/2162B,29/04/2025 00:00:00,22:29:00,89,252,41,6,8,,,,,,,,,,,,,,,39,307
M4/2162B,29/04/2025 00:00:00,22:44:00,90,232,36,10,4,,,,,,,,,,,,,,,40,282
M4/2162B,29/04/2025 00:00:00,22:59:00,91,286,48,8,6,,,,,,,,,,,,,,,39,348
M4/2162B,29/04/2025 00:00:00,23:14:00,92,165,24,10,2,,,,,,,,,,,,,,,39,201
M4/2162B,29/04/2025 00:00:00,23:29:00,93,96,17,6,1,,,,,,,,,,,,,,,40,120
M4/2162B,29/04/2025 00:00:00,23:44:00,94,95,13,4,3,,,,,,,,,,,,,,,41,115
M4/2162B,29/04/2025 00:00:00,23:59:00,95,43,7,1,0,,,,,,,,,,,,,,,41,51
M4/2162B,30/04/2025 00:00:00,00:14:00,0,0,1,0,0,,,,,,,,,,,,,,,49,1
M4/2162B,30/04/2025 00:00:00,00:29:00,1,1,0,0,0,,,,,,,,,,,,,,,25,1
M4/2162B,30/04/2025 00:00:00,00:44:00,2,0,0,0,0,,,,,,,,,,,,,,,0,0
M4/2162B,30/04/2025 00:00:00,00:59:00,3,0,0,0,0,,,,,,,,,,,,,,,0,0
M4/2162B,30/04/2025 00:00:00,01:14:00,4,0,0,0,0,,,,,,,,,,,,,,,0,0
M4/2162B,30/04/2025 00:00:00,01:29:00,5,0,0,0,0,,,,,,,,,,,,,,,0,0
M4/2162B,30/04/2025 00:00:00,01:44:00,6,1,0,0,0,,,,,,,,,,,,,,,19,1
M4/2162B,30/04/2025 00:00:00,01:59:00,7,0,1,1,0,,,,,,,,,,,,,,,25,2
M4/2162B,30/04/2025 00:00:00,02:14:00,8,0,1,1,0,,,,,,,,,,,,,,,7,2
M4/2162B,30/04/2025 00:00:00,02:29:00,9,0,0,0,0,,,,,,,,,,,,,,,0,0
M4/2162B,30/04/2025 00:00:00,02:44:00,10,0,0,0,0,,,,,,,,,,,,,,,0,0
M4/2162B,30/04/2025 00:00:00,02:59:00,11,0,0,0,0,,,,,,,,,,,,,,,0,0
M4/2162B,30/04/2025 00:00:00,03:14:00,12,1,0,0,1,,,,,,,,,,,,,,,44,2
M4/2162B,30/04/2025 00:00:00,03:29:00,13,3,1,0,0,,,,,,,,,,,,,,,43,4
M4/2162B,30/04/2025 00:00:00,03:44:00,14,0,1,0,0,,,,,,,,,,,,,,,44,1
M4/2162B,30/04/2025 00:00:00,03:59:00,15,9,2,2,1,,,,,,,,,,,,,,,38,14
M4/2162B,30/04/2025 00:00:00,04:14:00,16,32,11,9,3,,,,,,,,,,,,,,,40,55
M4/2162B,30/04/2025 00:00:00,04:29:00,17,49,17,22,6,,,,,,,,,,,,,,,38,94
M4/2162B,30/04/2025 00:00:00,04:44:00,18,51,16,18,3,,,,,,,,,,,,,,,39,88
M4/2162B,30/04/2025 00:00:00,04:59:00,19,68,18,19,9,,,,,,,,,,,,,,,39,114
M4/2162B,30/04/2025 00:00:00,05:14:00,20,126,28,22,12,,,,,,,,,,,,,,,40,188
M4/2162B,30/04/2025 00:00:00,05:29:00,21,179,36,35,15,,,,,,,,,,,,,,,40,265
M4/2162B,30/04/2025 00:00:00,05:44:00,22,230,83,47,11,,,,,,,,,,,,,,,40,371
M4/2162B,30/04/2025 00:00:00,05:59:00,23,324,108,49,25,,,,,,,,,,,,,,,40,506
M4/2162B,30/04/2025 00:00:00,06:14:00,24,502,150,81,28,,,,,,,,,,,,,,,38,761
M4/2162B,30/04/2025 00:00:00,06:29:00,25,476,222,110,21,,,,,,,,,,,,,,,16,829
M4/2162B,30/04/2025 00:00:00,06:44:00,26,429,190,101,34,,,,,,,,,,,,,,,11,754
M4/2162B,30/04/2025 00:00:00,06:59:00,27,388,238,87,28,,,,,,,,,,,,,,,13,741
M4/2162B,30/04/2025 00:00:00,07:14:00,28,470,175,90,28,,,,,,,,,,,,,,,15,763
M4/2162B,30/04/2025 00:00:00,07:29:00,29,441,191,77,32,,,,,,,,,,,,,,,10,741
M4/2162B,30/04/2025 00:00:00,07:44:00,30,479,159,81,27,,,,,,,,,,,,,,,10,746
M4/2162B,30/04/2025 00:00:00,07:59:00,31,434,171,85,22,,,,,,,,,,,,,,,10,712
M4/2162B,30/04/2025 00:00:00,08:14:00,32,408,173,73,24,,,,,,,,,,,,,,,9,678
M4/2162B,30/04/2025 00:00:00,08:29:00,33,450,169,68,38,,,,,,,,,,,,,,,10,725
M4/2162B,30/04/2025 00:00:00,08:44:00,34,493,158,66,29,,,,,,,,,,,,,,,10,746
M4/2162B,30/04/2025 00:00:00,08:59:00,35,478,187,77,29,,,,,,,,,,,,,,,11,771
M4/2162B,30/04/2025 00:00:00,09:14:00,36,444,185,83,25,,,,,,,,,,,,,,,10,737
M4/2162B,30/04/2025 00:00:00,09:29:00,37,446,189,89,27,,,,,,,,,,,,,,,10,751
M4/2162B,30/04/2025 00:00:00,09:44:00,38,470,203,82,15,,,,,,,,,,,,,,,11,770
M4/2162B,30/04/2025 00:00:00,09:59:00,39,475,190,70,18,,,,,,,,,,,,,,,10,752
M4/2162B,30/04/2025 00:00:00,10:14:00,40,418,198,84,26,,,,,,,,,,,,,,,10,726
M4/2162B,30/04/2025 00:00:00,10:29:00,41,446,158,77,30,,,,,,,,,,,,,,,10,711
M4/2162B,30/04/2025 00:00:00,10:44:00,42,502,167,68,21,,,,,,,,,,,,,,,10,758
M4/2162B,30/04/2025 00:00:00,10:59:00,43,453,160,64,25,,,,,,,,,,,,,,,10,701
M4/2162B,30/04/2025 00:00:00,11:14:00,44,418,186,63,26,,,,,,,,,,,,,,,10,693
M4/2162B,30/04/2025 00:00:00,11:29:00,45,403,157,68,25,,,,,,,,,,,,,,,9,653
M4/2162B,30/04/2025 00:00:00,11:44:00,46,394,176,68,31,,,,,,,,,,,,,,,10,669
M4/2162B,30/04/2025 00:00:00,11:59:00,47,388,140,56,25,,,,,,,,,,,,,,,19,609
M4/2162B,30/04/2025 00:00:00,12:14:00,48,500,124,48,18,,,,,,,,,,,,,,,38,690
M4/2162B,30/04/2025 00:00:00,12:29:00,49,471,134,58,15,,,,,,,,,,,,,,,38,678
M4/2162B,30/04/2025 00:00:00,12:44:00,50,474,108,47,12,,,,,,,,,,,,,,,38,641
M4/2162B,30/04/2025 00:00:00,12:59:00,51,418,114,46,13,,,,,,,,,,,,,,,39,591
M4/2162B,30/04/2025 00:00:00,13:14:00,52,431,101,31,11,,,,,,,,,,,,,,,39,574
M4/2162B,30/04/2025 00:00:00,13:29:00,53,437,106,41,12,,,,,,,,,,,,,,,39,596
M4/2162B,30/04/2025 00:00:00,13:44:00,54,432,97,32,9,,,,,,,,,,,,,,,39,570
M4/2162B,30/04/2025 00:00:00,13:59:00,55,468,126,38,13,,,,,,,,,,,,,,,39,645
M4/2162B,30/04/2025 00:00:00,14:14:00,56,469,92,36,8,,,,,,,,,,,,,,,39,605
M4/2162B,30/04/2025 00:00:00,14:29:00,57,522,124,34,16,,,,,,,,,,,,,,,38,696
M4/2162B,30/04/2025 00:00:00,14:44:00,58,487,144,35,21,,,,,,,,,,,,,,,39,687
M4/2162B,30/04/2025 00:00:00,14:59:00,59,507,105,32,9,,,,,,,,,,,,,,,39,653
M4/2162B,30/04/2025 00:00:00,15:14:00,60,559,139,47,15,,,,,,,,,,,,,,,38,761
M4/2162B,30/04/2025 00:00:00,15:29:00,61,564,127,41,14,,,,,,,,,,,,,,,38,746
M4/2162B,30/04/2025 00:00:00,15:44:00,62,531,114,31,11,,,,,,,,,,,,,,,39,687
M4/2162B,30/04/2025 00:00:00,15:59:00,63,553,106,27,4,,,,,,,,,,,,,,,39,690
M4/2162B,30/04/2025 00:00:00,16:14:00,64,552,92,41,6,,,,,,,,,,,,,,,39,691
M4/2162B,30/04/2025 00:00:00,16:29:00,65,648,113,25,8,,,,,,,,,,,,,,,38,794
M4/2162B,30/04/2025 00:00:00,16:44:00,66,609,130,33,6,,,,,,,,,,,,,,,35,778
M4/2162B,30/04/2025 00:00:00,16:59:00,67,493,191,58,9,,,,,,,,,,,,,,,12,751
M4/2162B,30/04/2025 00:00:00,17:14:00,68,538,121,41,11,,,,,,,,,,,,,,,9,711
M4/2162B,30/04/2025 00:00:00,17:29:00,69,521,160,51,17,,,,,,,,,,,,,,,10,749
M4/2162B,30/04/2025 00:00:00,17:44:00,70,558,147,24,17,,,,,,,,,,,,,,,10,746
M4/2162B,30/04/2025 00:00:00,17:59:00,71,570,153,29,14,,,,,,,,,,,,,,,10,766
M4/2162B,30/04/2025 00:00:00,18:14:00,72,579,142,30,12,,,,,,,,,,,,,,,10,763
M4/2162B,30/04/2025 00:00:00,18:29:00,73,538,159,24,18,,,,,,,,,,,,,,,9,739
M4/2162B,30/04/2025 00:00:00,18:44:00,74,573,144,27,10,,,,,,,,,,,,,,,10,754
M4/2162B,30/04/2025 00:00:00,18:59:00,75,556,155,28,17,,,,,,,,,,,,,,,11,756
M4/2162B,30/04/2025 00:00:00,19:14:00,76,444,186,29,9,,,,,,,,,,,,,,,16,668
M4/2162B,30/04/2025 00:00:00,19:29:00,77,613,93,13,7,,,,,,,,,,,,,,,38,726
M4/2162B,30/04/2025 00:00:00,19:44:00,78,550,98,15,10,,,,,,,,,,,,,,,39,673
M4/2162B,30/04/2025 00:00:00,19:59:00,79,547,91,17,8,,,,,,,,,,,,,,,38,663
M4/2162B,30/04/2025 00:00:00,20:14:00,80,446,69,9,6,,,,,,,,,,,,,,,39,530
M4/2162B,30/04/2025 00:00:00,20:29:00,81,424,81,10,9,,,,,,,,,,,,,,,39,524
M4/2162B,30/04/2025 00:00:00,20:44:00,82,409,74,15,6,,,,,,,,,,,,,,,39,504
M4/2162B,30/04/2025 00:00:00,20:59:00,83,367,64,11,9,,,,,,,,,,,,,,,39,451
M4/2162B,30/04/2025 00:00:00,21:14:00,84,402,73,12,9,,,,,,,,,,,,,,,39,496
M4/2162B,30/04/2025 00:00:00,21:29:00,85,382,78,11,5,,,,,,,,,,,,,,,40,476
M4/2162B,30/04/2025 00:00:00,21:44:00,86,365,72,5,7,,,,,,,,,,,,,,,39,449
M4/2162B,30/04/2025 00:00:00,21:59:00,87,313,43,12,2,,,,,,,,,,,,,,,40,370
M4/2162B,30/04/2025 00:00:00,22:14:00,88,391,78,15,6,,,,,,,,,,,,,,,38,490
M4/2162B,30/04/2025 00:00:00,22:29:00,89,323,64,3,6,,,,,,,,,,,,,,,38,396
M4/2162B,30/04/2025 00:00:00,22:44:00,90,276,53,6,5,,,,,,,,,,,,,,,40,340
M4/2162B,30/04/2025 00:00:00,22:59:00,91,195,43,5,5,,,,,,,,,,,,,,,40,248
M4/2162B,30/04/2025 00:00:00,23:14:00,92,140,23,3,1,,,,,,,,,,,,,,,40,167
M4/2162B,30/04/2025 00:00:00,23:29:00,93,60,6,1,1,,,,,,,,,,,,,,,39,68
M4/2162B,30/04/2025 00:00:00,23:44:00,94,0,0,0,0,,,,,,,,,,,,,,,0,0
M4/2162B,30/04/2025 00:00:00,23:59:00,95,0,0,0,0,,,,,,,,,,,,,,,0,0
