Site Name,Report Date,Time Period Ending,Time Interval,0 - 520 cm,521  - 660 cm,661 - 1160 cm,1160+ cm,0 - 10 mph,11 - 15 mph,16 - 20 mph,21 - 25 mph,26 - 30 mph,31 - 35 mph,36 - 40 mph,41 - 45 mph,46 - 50 mph,51 - 55 mph,56 - 60 mph,61 - 70 mph,71 - 80 mph,80+ mph,Avg mph,Total Volume
M1/2116B,02/04/2025 00:00:00,00:14:00,0,68,31,7,8,,,,,,,,,,,,,,,49,114
M1/2116B,02/04/2025 00:00:00,00:29:00,1,46,25,5,3,,,,,,,,,,,,,,,50,79
M1/2116B,02/04/2025 00:00:00,00:44:00,2,34,22,7,10,,,,,,,,,,,,,,,49,73
M1/2116B,02/04/2025 00:00:00,00:59:00,3,26,15,7,6,,,,,,,,,,,,,,,50,54
M1/2116B,02/04/2025 00:00:00,01:14:00,4,23,26,3,4,,,,,,,,,,,,,,,49,56
M1/2116B,02/04/2025 00:00:00,01:29:00,5,29,16,6,7,,,,,,,,,,,,,,,48,58
M1/2116B,02/04/2025 00:00:00,01:44:00,6,18,13,4,10,,,,,,,,,,,,,,,48,45
M1/2116B,02/04/2025 00:00:00,01:59:00,7,17,17,4,5,,,,,,,,,,,,,,,48,43
M1/2116B,02/04/2025 00:00:00,02:14:00,8,16,12,4,7,,,,,,,,,,,,,,,48,39
M1/2116B,02/04/2025 00:00:00,02:29:00,9,11,6,7,5,,,,,,,,,,,,,,,47,29
M1/2116B,02/04/2025 00:00:00,02:44:00,10,16,11,6,9,,,,,,,,,,,,,,,53,42
M1/2116B,02/04/2025 00:00:00,02:59:00,11,16,12,2,6,,,,,,,,,,,,,,,49,36
M1/2116B,02/04/2025 00:00:00,03:14:00,12,7,3,9,9,,,,,,,,,,,,,,,49,28
M1/2116B,02/04/2025 00:00:00,03:29:00,13,16,6,6,8,,,,,,,,,,,,,,,51,36
M1/2116B,02/04/2025 00:00:00,03:44:00,14,21,10,7,13,,,,,,,,,,,,,,,51,51
M1/2116B,02/04/2025 00:00:00,03:59:00,15,24,9,7,11,,,,,,,,,,,,,,,52,51
M1/2116B,02/04/2025 00:00:00,04:14:00,16,21,4,9,11,,,,,,,,,,,,,,,51,45
M1/2116B,02/04/2025 00:00:00,04:29:00,17,22,22,6,9,,,,,,,,,,,,,,,52,59
M1/2116B,02/04/2025 00:00:00,04:44:00,18,45,28,10,8,,,,,,,,,,,,,,,53,91
M1/2116B,02/04/2025 00:00:00,04:59:00,19,50,37,11,10,,,,,,,,,,,,,,,54,108
M1/2116B,02/04/2025 00:00:00,05:14:00,20,60,35,10,14,,,,,,,,,,,,,,,54,119
M1/2116B,02/04/2025 00:00:00,05:29:00,21,106,60,13,8,,,,,,,,,,,,,,,55,187
M1/2116B,02/04/2025 00:00:00,05:44:00,22,104,78,21,17,,,,,,,,,,,,,,,54,220
M1/2116B,02/04/2025 00:00:00,05:59:00,23,196,134,41,26,,,,,,,,,,,,,,,53,397
M1/2116B,02/04/2025 00:00:00,06:14:00,24,214,190,51,24,,,,,,,,,,,,,,,53,479
M1/2116B,02/04/2025 00:00:00,06:29:00,25,321,262,82,31,,,,,,,,,,,,,,,46,696
M1/2116B,02/04/2025 00:00:00,06:44:00,26,285,296,98,31,,,,,,,,,,,,,,,27,710
M1/2116B,02/04/2025 00:00:00,06:59:00,27,280,210,73,41,,,,,,,,,,,,,,,9,604
M1/2116B,02/04/2025 00:00:00,07:14:00,28,258,217,66,39,,,,,,,,,,,,,,,10,580
M1/2116B,02/04/2025 00:00:00,07:29:00,29,256,175,82,53,,,,,,,,,,,,,,,8,566
M1/2116B,02/04/2025 00:00:00,07:44:00,30,283,186,84,36,,,,,,,,,,,,,,,9,589
M1/2116B,02/04/2025 00:00:00,07:59:00,31,228,170,72,54,,,,,,,,,,,,,,,8,524
M1/2116B,02/04/2025 00:00:00,08:14:00,32,272,166,67,50,,,,,,,,,,,,,,,9,555
M1/2116B,02/04/2025 00:00:00,08:29:00,33,280,143,84,42,,,,,,,,,,,,,,,8,548
M1/2116B,02/04/2025 00:00:00,08:44:00,34,225,168,68,46,,,,,,,,,,,,,,,9,507
M1/2116B,02/04/2025 00:00:00,08:59:00,35,261,173,71,50,,,,,,,,,,,,,,,9,555
M1/2116B,02/04/2025 00:00:00,09:14:00,36,271,177,70,47,,,,,,,,,,,,,,,9,565
M1/2116B,02/04/2025 00:00:00,09:29:00,37,238,143,63,44,,,,,,,,,,,,,,,8,488
M1/2116B,02/04/2025 00:00:00,09:44:00,38,265,131,62,47,,,,,,,,,,,,,,,9,505
M1/2116B,02/04/2025 00:00:00,09:59:00,39,199,105,45,54,,,,,,,,,,,,,,,8,403
M1/2116B,02/04/2025 00:00:00,10:14:00,40,209,120,44,46,,,,,,,,,,,,,,,10,419
M1/2116B,02/04/2025 00:00:00,10:29:00,41,117,105,35,33,,,,,,,,,,,,,,,32,290
M1/2116B,02/04/2025 00:00:00,10:44:00,42,168,101,28,15,,,,,,,,,,,,,,,46,312
M1/2116B,02/04/2025 00:00:00,10:59:00,43,159,99,36,13,,,,,,,,,,,,,,,49,306
M1/2116B,02/04/2025 00:00:00,11:14:00,44,160,111,34,19,,,,,,,,,,,,,,,51,324
M1/2116B,02/04/2025 00:00:00,11:29:00,45,152,108,23,19,,,,,,,,,,,,,,,52,302
M1/2116B,02/04/2025 00:00:00,11:44:00,46,141,89,30,13,,,,,,,,,,,,,,,51,273
M1/2116B,02/04/2025 00:00:00,11:59:00,47,144,73,33,16,,,,,,,,,,,,,,,51,266
M1/2116B,02/04/2025 00:00:00,12:14:00,48,162,79,32,14,,,,,,,,,,,,,,,52,287
M1/2116B,02/04/2025 00:00:00,12:29:00,49,164,80,32,17,,,,,,,,,,,,,,,51,294
M1/2116B,02/04/2025 00:00:00,12:44:00,50,139,74,29,17,,,,,,,,,,,,,,,52,259
M1/2116B,02/04/2025 00:00:00,12:59:00,51,152,84,22,22,,,,,,,,,,,,,,,51,280
M1/2116B,02/04/2025 00:00:00,13:14:00,52,134,79,28,9,,,,,,,,,,,,,,,53,250
M1/2116B,02/04/2025 00:00:00,13:29:00,53,113,64,30,8,,,,,,,,,,,,,,,51,215
M1/2116B,02/04/2025 00:00:00,13:44:00,54,135,67,20,13,,,,,,,,,,,,,,,51,235
M1/2116B,02/04/2025 00:00:00,13:59:00,55,129,56,24,11,,,,,,,,,,,,,,,52,220
M1/2116B,02/04/2025 00:00:00,14:14:00,56,103,63,26,14,,,,,,,,,,,,,,,51,206
M1/2116B,02/04/2025 00:00:00,14:29:00,57,136,65,21,13,,,,,,,,,,,,,,,52,235
M1/2116B,02/04/2025 00:00:00,14:44:00,58,134,68,29,14,,,,,,,,,,,,,,,51,245
M1/2116B,02/04/2025 00:00:00,14:59:00,59,159,75,20,9,,,,,,,,,,,,,,,52,263
M1/2116B,02/04/2025 00:00:00,15:14:00,60,114,80,18,11,,,,,,,,,,,,,,,51,223
M1/2116B,02/04/2025 00:00:00,15:29:00,61,140,56,28,9,,,,,,,,,,,,,,,52,233
M1/2116B,02/04/2025 00:00:00,15:44:00,62,135,71,23,7,,,,,,,,,,,,,,,51,236
M1/2116B,02/04/2025 00:00:00,15:59:00,63,168,95,19,11,,,,,,,,,,,,,,,52,293
M1/2116B,02/04/2025 00:00:00,16:14:00,64,171,86,15,13,,,,,,,,,,,,,,,51,285
M1/2116B,02/04/2025 00:00:00,16:29:00,65,186,75,15,9,,,,,,,,,,,,,,,52,285
M1/2116B,02/04/2025 00:00:00,16:44:00,66,192,96,20,10,,,,,,,,,,,,,,,52,318
M1/2116B,02/04/2025 00:00:00,16:59:00,67,197,79,21,7,,,,,,,,,,,,,,,51,304
M1/2116B,02/04/2025 00:00:00,17:14:00,68,190,106,24,8,,,,,,,,,,,,,,,52,328
M1/2116B,02/04/2025 00:00:00,17:29:00,69,214,100,5,9,,,,,,,,,,,,,,,51,328
M1/2116B,02/04/2025 00:00:00,17:44:00,70,246,109,18,11,,,,,,,,,,,,,,,50,384
M1/2116B,02/04/2025 00:00:00,17:59:00,71,256,94,17,11,,,,,,,,,,,,,,,52,378
M1/2116B,02/04/2025 00:00:00,18:14:00,72,249,110,20,8,,,,,,,,,,,,,,,52,387
M1/2116B,02/04/2025 00:00:00,18:29:00,73,243,98,10,13,,,,,,,,,,,,,,,53,365
M1/2116B,02/04/2025 00:00:00,18:44:00,74,264,93,12,15,,,,,,,,,,,,,,,53,384
M1/2116B,02/04/2025 00:00:00,18:59:00,75,247,84,14,10,,,,,,,,,,,,,,,53,355
M1/2116B,02/04/2025 00:00:00,19:14:00,76,241,87,16,10,,,,,,,,,,,,,,,52,354
M1/2116B,02/04/2025 00:00:00,19:29:00,77,230,90,18,11,,,,,,,,,,,,,,,51,349
M1/2116B,02/04/2025 00:00:00,19:44:00,78,198,89,16,14,,,,,,,,,,,,,,,52,317
M1/2116B,02/04/2025 00:00:00,19:59:00,79,167,84,10,4,,,,,,,,,,,,,,,52,265
M1/2116B,02/04/2025 00:00:00,20:14:00,80,125,72,15,11,,,,,,,,,,,,,,,50,223
M1/2116B,02/04/2025 00:00:00,20:29:00,81,152,70,9,12,,,,,,,,,,,,,,,50,243
M1/2116B,02/04/2025 00:00:00,20:44:00,82,128,47,16,13,,,,,,,,,,,,,,,50,204
M1/2116B,02/04/2025 00:00:00,20:59:00,83,97,47,11,9,,,,,,,,,,,,,,,49,164
M1/2116B,02/04/2025 00:00:00,21:14:00,84,103,39,10,9,,,,,,,,,,,,,,,51,161
M1/2116B,02/04/2025 00:00:00,21:29:00,85,104,62,10,13,,,,,,,,,,,,,,,50,189
M1/2116B,02/04/2025 00:00:00,21:44:00,86,93,42,6,6,,,,,,,,,,,,,,,52,147
M1/2116B,02/04/2025 00:00:00,21:59:00,87,84,44,4,12,,,,,,,,,,,,,,,52,144
M1/2116B,02/04/2025 00:00:00,22:14:00,88,77,44,5,10,,,,,,,,,,,,,,,49,136
M1/2116B,02/04/2025 00:00:00,22:29:00,89,90,34,8,6,,,,,,,,,,,,,,,51,138
M1/2116B,02/04/2025 00:00:00,22:44:00,90,49,31,3,8,,,,,,,,,,,,,,,52,91
M1/2116B,02/04/2025 00:00:00,22:59:00,91,68,34,3,9,,,,,,,,,,,,,,,50,114
M1/2116B,02/04/2025 00:00:00,23:14:00,92,77,28,3,5,,,,,,,,,,,,,,,49,114
M1/2116B,02/04/2025 00:00:00,23:29:00,93,47,29,2,6,,,,,,,,,,,,,,,51,84
M1/2116B,02/04/2025 00:00:00,23:44:00,94,48,26,4,3,,,,,,,,,,,,,,,49,81
M1/2116B,02/04/2025 00:00:00,23:59:00,95,48,15,7,9,,,,,,,,,,,,,,,53,79
M1/2116B,03/04/2025 00:00:00,00:14:00,0,42,23,2,3,,,,,,,,,,,,,,,50,70
M1/2116B,03/04/2025 00:00:00,00:29:00,1,34,25,9,3,,,,,,,,,,,,,,,50,71
M1/2116B,03/04/2025 00:00:00,00:44:00,2,36,18,5,8,,,,,,,,,,,,,,,48,67
M1/2116B,03/04/2025 00:00:00,00:59:00,3,28,24,10,13,,,,,,,,,,,,,,,45,75
M1/2116B,03/04/2025 00:00:00,01:14:00,4,27,15,4,12,,,,,,,,,,,,,,,49,58
M1/2116B,03/04/2025 00:00:00,01:29:00,5,21,8,3,6,,,,,,,,,,,,,,,47,39
M1/2116B,03/04/2025 00:00:00,01:44:00,6,21,14,4,8,,,,,,,,,,,,,,,48,47
M1/2116B,03/04/2025 00:00:00,01:59:00,7,23,14,4,10,,,,,,,,,,,,,,,48,51
M1/2116B,03/04/2025 00:00:00,02:14:00,8,21,8,9,4,,,,,,,,,,,,,,,49,42
M1/2116B,03/04/2025 00:00:00,02:29:00,9,23,8,3,12,,,,,,,,,,,,,,,50,46
M1/2116B,03/04/2025 00:00:00,02:44:00,10,21,15,5,7,,,,,,,,,,,,,,,49,48
M1/2116B,03/04/2025 00:00:00,02:59:00,11,10,11,5,12,,,,,,,,,,,,,,,50,38
M1/2116B,03/04/2025 00:00:00,03:14:00,12,12,13,5,9,,,,,,,,,,,,,,,48,39
M1/2116B,03/04/2025 00:00:00,03:29:00,13,13,15,8,12,,,,,,,,,,,,,,,50,48
M1/2116B,03/04/2025 00:00:00,03:44:00,14,18,19,8,9,,,,,,,,,,,,,,,52,54
M1/2116B,03/04/2025 00:00:00,03:59:00,15,15,11,1,13,,,,,,,,,,,,,,,49,40
M1/2116B,03/04/2025 00:00:00,04:14:00,16,19,12,13,14,,,,,,,,,,,,,,,50,58
M1/2116B,03/04/2025 00:00:00,04:29:00,17,21,22,6,10,,,,,,,,,,,,,,,51,59
M1/2116B,03/04/2025 00:00:00,04:44:00,18,44,22,13,6,,,,,,,,,,,,,,,53,85
M1/2116B,03/04/2025 00:00:00,04:59:00,19,64,19,10,9,,,,,,,,,,,,,,,54,102
M1/2116B,03/04/2025 00:00:00,05:14:00,20,73,28,16,10,,,,,,,,,,,,,,,53,127
M1/2116B,03/04/2025 00:00:00,05:29:00,21,112,63,28,17,,,,,,,,,,,,,,,54,220
M1/2116B,03/04/2025 00:00:00,05:44:00,22,123,91,20,14,,,,,,,,,,,,,,,55,248
M1/2116B,03/04/2025 00:00:00,05:59:00,23,164,126,44,19,,,,,,,,,,,,,,,53,353
M1/2116B,03/04/2025 00:00:00,06:14:00,24,225,186,64,26,,,,,,,,,,,,,,,53,501
M1/2116B,03/04/2025 00:00:00,06:29:00,25,230,184,50,19,,,,,,,,,,,,,,,53,483
M1/2116B,03/04/2025 00:00:00,06:44:00,26,223,192,74,27,,,,,,,,,,,,,,,50,516
M1/2116B,03/04/2025 00:00:00,06:59:00,27,231,226,54,19,,,,,,,,,,,,,,,52,530
M1/2116B,03/04/2025 00:00:00,07:14:00,28,259,233,68,8,,,,,,,,,,,,,,,49,567
M1/2116B,03/04/2025 00:00:00,07:29:00,29,302,247,61,24,,,,,,,,,,,,,,,48,634
M1/2116B,03/04/2025 00:00:00,07:44:00,30,340,297,90,17,,,,,,,,,,,,,,,45,744
M1/2116B,03/04/2025 00:00:00,07:59:00,31,298,228,102,36,,,,,,,,,,,,,,,11,664
M1/2116B,03/04/2025 00:00:00,08:14:00,32,287,207,94,35,,,,,,,,,,,,,,,10,623
M1/2116B,03/04/2025 00:00:00,08:29:00,33,270,194,88,47,,,,,,,,,,,,,,,10,599
M1/2116B,03/04/2025 00:00:00,08:44:00,34,267,182,85,46,,,,,,,,,,,,,,,9,580
M1/2116B,03/04/2025 00:00:00,08:59:00,35,278,174,74,44,,,,,,,,,,,,,,,10,569
M1/2116B,03/04/2025 00:00:00,09:14:00,36,265,165,80,48,,,,,,,,,,,,,,,9,558
M1/2116B,03/04/2025 00:00:00,09:29:00,37,267,162,74,53,,,,,,,,,,,,,,,9,555
M1/2116B,03/04/2025 00:00:00,09:44:00,38,265,141,67,58,,,,,,,,,,,,,,,9,531
M1/2116B,03/04/2025 00:00:00,09:59:00,39,232,157,53,30,,,,,,,,,,,,,,,24,472
M1/2116B,03/04/2025 00:00:00,10:14:00,40,181,114,52,25,,,,,,,,,,,,,,,50,372
M1/2116B,03/04/2025 00:00:00,10:29:00,41,204,120,56,30,,,,,,,,,,,,,,,49,409
M1/2116B,03/04/2025 00:00:00,10:44:00,42,185,109,41,14,,,,,,,,,,,,,,,50,349
M1/2116B,03/04/2025 00:00:00,10:59:00,43,191,87,30,16,,,,,,,,,,,,,,,50,324
M1/2116B,03/04/2025 00:00:00,11:14:00,44,148,106,40,23,,,,,,,,,,,,,,,50,317
M1/2116B,03/04/2025 00:00:00,11:29:00,45,157,96,26,15,,,,,,,,,,,,,,,50,294
M1/2116B,03/04/2025 00:00:00,11:44:00,46,152,77,34,15,,,,,,,,,,,,,,,51,278
M1/2116B,03/04/2025 00:00:00,11:59:00,47,156,96,28,15,,,,,,,,,,,,,,,51,295
M1/2116B,03/04/2025 00:00:00,12:14:00,48,147,86,30,15,,,,,,,,,,,,,,,51,278
M1/2116B,03/04/2025 00:00:00,12:29:00,49,149,77,24,14,,,,,,,,,,,,,,,52,264
M1/2116B,03/04/2025 00:00:00,12:44:00,50,146,92,30,18,,,,,,,,,,,,,,,51,286
M1/2116B,03/04/2025 00:00:00,12:59:00,51,155,75,22,17,,,,,,,,,,,,,,,51,269
M1/2116B,03/04/2025 00:00:00,13:14:00,52,144,59,25,9,,,,,,,,,,,,,,,51,237
M1/2116B,03/04/2025 00:00:00,13:29:00,53,179,79,24,15,,,,,,,,,,,,,,,50,297
M1/2116B,03/04/2025 00:00:00,13:44:00,54,133,79,21,9,,,,,,,,,,,,,,,50,242
M1/2116B,03/04/2025 00:00:00,13:59:00,55,144,75,21,13,,,,,,,,,,,,,,,51,253
M1/2116B,03/04/2025 00:00:00,14:14:00,56,144,87,36,16,,,,,,,,,,,,,,,51,283
M1/2116B,03/04/2025 00:00:00,14:29:00,57,131,54,21,16,,,,,,,,,,,,,,,51,222
M1/2116B,03/04/2025 00:00:00,14:44:00,58,159,71,37,10,,,,,,,,,,,,,,,50,277
M1/2116B,03/04/2025 00:00:00,14:59:00,59,159,60,30,12,,,,,,,,,,,,,,,50,261
M1/2116B,03/04/2025 00:00:00,15:14:00,60,125,92,26,18,,,,,,,,,,,,,,,50,261
M1/2116B,03/04/2025 00:00:00,15:29:00,61,139,89,28,12,,,,,,,,,,,,,,,51,268
M1/2116B,03/04/2025 00:00:00,15:44:00,62,170,85,26,11,,,,,,,,,,,,,,,51,292
M1/2116B,03/04/2025 00:00:00,15:59:00,63,160,104,26,6,,,,,,,,,,,,,,,53,296
M1/2116B,03/04/2025 00:00:00,16:14:00,64,185,77,16,7,,,,,,,,,,,,,,,52,285
M1/2116B,03/04/2025 00:00:00,16:29:00,65,189,92,23,15,,,,,,,,,,,,,,,51,319
M1/2116B,03/04/2025 00:00:00,16:44:00,66,219,117,22,12,,,,,,,,,,,,,,,52,370
M1/2116B,03/04/2025 00:00:00,16:59:00,67,230,100,14,13,,,,,,,,,,,,,,,51,357
M1/2116B,03/04/2025 00:00:00,17:14:00,68,233,102,12,9,,,,,,,,,,,,,,,52,356
M1/2116B,03/04/2025 00:00:00,17:29:00,69,278,111,20,10,,,,,,,,,,,,,,,51,419
M1/2116B,03/04/2025 00:00:00,17:44:00,70,267,106,15,10,,,,,,,,,,,,,,,53,398
M1/2116B,03/04/2025 00:00:00,17:59:00,71,289,121,17,9,,,,,,,,,,,,,,,51,436
M1/2116B,03/04/2025 00:00:00,18:14:00,72,275,107,20,5,,,,,,,,,,,,,,,52,407
M1/2116B,03/04/2025 00:00:00,18:29:00,73,259,122,17,11,,,,,,,,,,,,,,,52,409
M1/2116B,03/04/2025 00:00:00,18:44:00,74,237,97,15,15,,,,,,,,,,,,,,,52,364
M1/2116B,03/04/2025 00:00:00,18:59:00,75,235,83,13,8,,,,,,,,,,,,,,,51,339
M1/2116B,03/04/2025 00:00:00,19:14:00,76,189,92,15,6,,,,,,,,,,,,,,,52,302
M1/2116B,03/04/2025 00:00:00,19:29:00,77,181,72,11,9,,,,,,,,,,,,,,,53,273
M1/2116B,03/04/2025 00:00:00,19:44:00,78,156,86,9,5,,,,,,,,,,,,,,,52,256
M1/2116B,03/04/2025 00:00:00,19:59:00,79,148,58,16,12,,,,,,,,,,,,,,,52,234
M1/2116B,03/04/2025 00:00:00,20:14:00,80,114,60,15,9,,,,,,,,,,,,,,,52,198
M1/2116B,03/04/2025 00:00:00,20:29:00,81,150,57,8,7,,,,,,,,,,,,,,,52,222
M1/2116B,03/04/2025 00:00:00,20:44:00,82,113,54,10,11,,,,,,,,,,,,,,,50,186
M1/2116B,03/04/2025 00:00:00,20:59:00,83,95,61,8,9,,,,,,,,,,,,,,,52,173
M1/2116B,03/04/2025 00:00:00,21:14:00,84,119,53,9,7,,,,,,,,,,,,,,,52,188
M1/2116B,03/04/2025 00:00:00,21:29:00,85,97,42,7,11,,,,,,,,,,,,,,,52,157
M1/2116B,03/04/2025 00:00:00,21:44:00,86,107,39,8,7,,,,,,,,,,,,,,,50,161
M1/2116B,03/04/2025 00:00:00,21:59:00,87,88,50,7,11,,,,,,,,,,,,,,,49,156
M1/2116B,03/04/2025 00:00:00,22:14:00,88,95,35,4,10,,,,,,,,,,,,,,,51,144
M1/2116B,03/04/2025 00:00:00,22:29:00,89,93,25,4,1,,,,,,,,,,,,,,,53,123
M1/2116B,03/04/2025 00:00:00,22:44:00,90,76,34,5,10,,,,,,,,,,,,,,,51,125
M1/2116B,03/04/2025 00:00:00,22:59:00,91,54,27,3,10,,,,,,,,,,,,,,,50,94
M1/2116B,03/04/2025 00:00:00,23:14:00,92,67,42,6,6,,,,,,,,,,,,,,,51,121
M1/2116B,03/04/2025 00:00:00,23:29:00,93,48,28,4,11,,,,,,,,,,,,,,,49,91
M1/2116B,03/04/2025 00:00:00,23:44:00,94,44,30,4,4,,,,,,,,,,,,,,,49,82
M1/2116B,03/04/2025 00:00:00,23:59:00,95,42,19,1,8,,,,,,,,,,,,,,,49,70
M1/2116B,04/04/2025 00:00:00,00:14:00,0,40,24,7,7,,,,,,,,,,,,,,,50,78
M1/2116B,04/04/2025 00:00:00,00:29:00,1,44,16,6,5,,,,,,,,,,,,,,,49,71
M1/2116B,04/04/2025 00:00:00,00:44:00,2,44,21,6,3,,,,,,,,,,,,,,,51,74
M1/2116B,04/04/2025 00:00:00,00:59:00,3,34,14,4,5,,,,,,,,,,,,,,,49,57
M1/2116B,04/04/2025 00:00:00,01:14:00,4,20,10,9,8,,,,,,,,,,,,,,,50,47
M1/2116B,04/04/2025 00:00:00,01:29:00,5,20,17,6,6,,,,,,,,,,,,,,,50,49
M1/2116B,04/04/2025 00:00:00,01:44:00,6,17,11,2,7,,,,,,,,,,,,,,,51,37
M1/2116B,04/04/2025 00:00:00,01:59:00,7,15,9,7,7,,,,,,,,,,,,,,,48,38
M1/2116B,04/04/2025 00:00:00,02:14:00,8,17,11,5,7,,,,,,,,,,,,,,,50,40
M1/2116B,04/04/2025 00:00:00,02:29:00,9,17,7,6,4,,,,,,,,,,,,,,,49,34
M1/2116B,04/04/2025 00:00:00,02:44:00,10,15,11,2,8,,,,,,,,,,,,,,,49,36
M1/2116B,04/04/2025 00:00:00,02:59:00,11,19,8,8,5,,,,,,,,,,,,,,,48,40
M1/2116B,04/04/2025 00:00:00,03:14:00,12,17,8,7,11,,,,,,,,,,,,,,,50,43
M1/2116B,04/04/2025 00:00:00,03:29:00,13,24,5,3,13,,,,,,,,,,,,,,,50,45
M1/2116B,04/04/2025 00:00:00,03:44:00,14,19,9,6,8,,,,,,,,,,,,,,,49,42
M1/2116B,04/04/2025 00:00:00,03:59:00,15,23,13,10,13,,,,,,,,,,,,,,,48,59
M1/2116B,04/04/2025 00:00:00,04:14:00,16,30,12,5,9,,,,,,,,,,,,,,,51,56
M1/2116B,04/04/2025 00:00:00,04:29:00,17,21,17,8,10,,,,,,,,,,,,,,,52,56
M1/2116B,04/04/2025 00:00:00,04:44:00,18,42,23,12,8,,,,,,,,,,,,,,,55,85
M1/2116B,04/04/2025 00:00:00,04:59:00,19,54,29,12,12,,,,,,,,,,,,,,,52,107
M1/2116B,04/04/2025 00:00:00,05:14:00,20,63,32,22,8,,,,,,,,,,,,,,,54,125
M1/2116B,04/04/2025 00:00:00,05:29:00,21,80,56,22,15,,,,,,,,,,,,,,,54,173
M1/2116B,04/04/2025 00:00:00,05:44:00,22,129,70,25,18,,,,,,,,,,,,,,,55,242
M1/2116B,04/04/2025 00:00:00,05:59:00,23,161,114,39,29,,,,,,,,,,,,,,,54,343
M1/2116B,04/04/2025 00:00:00,06:14:00,24,234,168,51,27,,,,,,,,,,,,,,,53,480
M1/2116B,04/04/2025 00:00:00,06:29:00,25,254,240,59,22,,,,,,,,,,,,,,,52,575
M1/2116B,04/04/2025 00:00:00,06:44:00,26,277,311,113,33,,,,,,,,,,,,,,,35,734
M1/2116B,04/04/2025 00:00:00,06:59:00,27,256,181,84,37,,,,,,,,,,,,,,,8,558
M1/2116B,04/04/2025 00:00:00,07:14:00,28,249,173,77,45,,,,,,,,,,,,,,,8,544
M1/2116B,04/04/2025 00:00:00,07:29:00,29,242,194,94,55,,,,,,,,,,,,,,,9,585
M1/2116B,04/04/2025 00:00:00,07:44:00,30,304,233,90,46,,,,,,,,,,,,,,,12,673
M1/2116B,04/04/2025 00:00:00,07:59:00,31,260,192,104,36,,,,,,,,,,,,,,,18,592
M1/2116B,04/04/2025 00:00:00,08:14:00,32,255,210,80,23,,,,,,,,,,,,,,,41,568
M1/2116B,04/04/2025 00:00:00,08:29:00,33,238,181,68,19,,,,,,,,,,,,,,,50,506
M1/2116B,04/04/2025 00:00:00,08:44:00,34,242,139,60,23,,,,,,,,,,,,,,,49,464
M1/2116B,04/04/2025 00:00:00,08:59:00,35,223,208,68,19,,,,,,,,,,,,,,,46,518
M1/2116B,04/04/2025 00:00:00,09:14:00,36,243,136,58,21,,,,,,,,,,,,,,,49,458
M1/2116B,04/04/2025 00:00:00,09:29:00,37,191,145,48,21,,,,,,,,,,,,,,,50,405
M1/2116B,04/04/2025 00:00:00,09:44:00,38,202,114,45,21,,,,,,,,,,,,,,,49,382
M1/2116B,04/04/2025 00:00:00,09:59:00,39,210,139,36,19,,,,,,,,,,,,,,,50,404
M1/2116B,04/04/2025 00:00:00,10:14:00,40,168,101,36,25,,,,,,,,,,,,,,,50,330
M1/2116B,04/04/2025 00:00:00,10:29:00,41,145,98,26,15,,,,,,,,,,,,,,,51,284
M1/2116B,04/04/2025 00:00:00,10:44:00,42,176,87,35,14,,,,,,,,,,,,,,,51,312
M1/2116B,04/04/2025 00:00:00,10:59:00,43,176,89,34,17,,,,,,,,,,,,,,,51,316
M1/2116B,04/04/2025 00:00:00,11:14:00,44,162,94,27,27,,,,,,,,,,,,,,,50,310
M1/2116B,04/04/2025 00:00:00,11:29:00,45,136,90,41,22,,,,,,,,,,,,,,,50,289
M1/2116B,04/04/2025 00:00:00,11:44:00,46,154,88,39,9,,,,,,,,,,,,,,,51,290
M1/2116B,04/04/2025 00:00:00,11:59:00,47,165,81,25,12,,,,,,,,,,,,,,,51,283
M1/2116B,04/04/2025 00:00:00,12:14:00,48,155,91,28,15,,,,,,,,,,,,,,,52,289
M1/2116B,04/04/2025 00:00:00,12:29:00,49,155,70,24,16,,,,,,,,,,,,,,,52,265
M1/2116B,04/04/2025 00:00:00,12:44:00,50,172,84,27,13,,,,,,,,,,,,,,,52,296
M1/2116B,04/04/2025 00:00:00,12:59:00,51,151,70,33,16,,,,,,,,,,,,,,,52,270
M1/2116B,04/04/2025 00:00:00,13:14:00,52,181,83,25,11,,,,,,,,,,,,,,,52,300
M1/2116B,04/04/2025 00:00:00,13:29:00,53,174,80,16,14,,,,,,,,,,,,,,,52,284
M1/2116B,04/04/2025 00:00:00,13:44:00,54,159,86,31,10,,,,,,,,,,,,,,,51,286
M1/2116B,04/04/2025 00:00:00,13:59:00,55,161,75,27,6,,,,,,,,,,,,,,,53,269
M1/2116B,04/04/2025 00:00:00,14:14:00,56,210,76,31,7,,,,,,,,,,,,,,,51,324
M1/2116B,04/04/2025 00:00:00,14:29:00,57,196,111,29,24,,,,,,,,,,,,,,,51,360
M1/2116B,04/04/2025 00:00:00,14:44:00,58,208,85,24,7,,,,,,,,,,,,,,,52,324
M1/2116B,04/04/2025 00:00:00,14:59:00,59,210,88,36,8,,,,,,,,,,,,,,,52,342
M1/2116B,04/04/2025 00:00:00,15:14:00,60,203,104,23,11,,,,,,,,,,,,,,,51,341
M1/2116B,04/04/2025 00:00:00,15:29:00,61,223,97,25,17,,,,,,,,,,,,,,,50,362
M1/2116B,04/04/2025 00:00:00,15:44:00,62,188,97,22,10,,,,,,,,,,,,,,,51,317
M1/2116B,04/04/2025 00:00:00,15:59:00,63,207,89,20,14,,,,,,,,,,,,,,,49,330
M1/2116B,04/04/2025 00:00:00,16:14:00,64,233,114,26,15,,,,,,,,,,,,,,,51,388
M1/2116B,04/04/2025 00:00:00,16:29:00,65,238,112,30,20,,,,,,,,,,,,,,,51,400
M1/2116B,04/04/2025 00:00:00,16:44:00,66,229,99,23,9,,,,,,,,,,,,,,,53,359
M1/2116B,04/04/2025 00:00:00,16:59:00,67,229,106,26,5,,,,,,,,,,,,,,,52,366
M1/2116B,04/04/2025 00:00:00,17:14:00,68,225,98,17,11,,,,,,,,,,,,,,,51,351
M1/2116B,04/04/2025 00:00:00,17:29:00,69,249,106,24,16,,,,,,,,,,,,,,,52,394
M1/2116B,04/04/2025 00:00:00,17:44:00,70,243,89,16,6,,,,,,,,,,,,,,,51,354
M1/2116B,04/04/2025 00:00:00,17:59:00,71,326,95,15,6,,,,,,,,,,,,,,,51,442
M1/2116B,04/04/2025 00:00:00,18:14:00,72,280,120,13,5,,,,,,,,,,,,,,,51,418
M1/2116B,04/04/2025 00:00:00,18:29:00,73,295,116,12,12,,,,,,,,,,,,,,,51,435
M1/2116B,04/04/2025 00:00:00,18:44:00,74,262,92,16,12,,,,,,,,,,,,,,,51,382
M1/2116B,04/04/2025 00:00:00,18:59:00,75,257,81,10,9,,,,,,,,,,,,,,,51,357
M1/2116B,04/04/2025 00:00:00,19:14:00,76,232,77,14,7,,,,,,,,,,,,,,,53,330
M1/2116B,04/04/2025 00:00:00,19:29:00,77,208,81,10,11,,,,,,,,,,,,,,,54,310
M1/2116B,04/04/2025 00:00:00,19:44:00,78,194,78,9,9,,,,,,,,,,,,,,,52,289
M1/2116B,04/04/2025 00:00:00,19:59:00,79,208,54,14,11,,,,,,,,,,,,,,,53,287
M1/2116B,04/04/2025 00:00:00,20:14:00,80,141,71,4,6,,,,,,,,,,,,,,,52,222
M1/2116B,04/04/2025 00:00:00,20:29:00,81,150,51,8,10,,,,,,,,,,,,,,,50,219
M1/2116B,04/04/2025 00:00:00,20:44:00,82,139,57,9,8,,,,,,,,,,,,,,,50,213
M1/2116B,04/04/2025 00:00:00,20:59:00,83,129,69,8,5,,,,,,,,,,,,,,,51,211
M1/2116B,04/04/2025 00:00:00,21:14:00,84,149,55,6,9,,,,,,,,,,,,,,,49,219
M1/2116B,04/04/2025 00:00:00,21:29:00,85,135,46,5,11,,,,,,,,,,,,,,,50,197
M1/2116B,04/04/2025 00:00:00,21:44:00,86,123,48,2,5,,,,,,,,,,,,,,,50,178
M1/2116B,04/04/2025 00:00:00,21:59:00,87,121,54,5,11,,,,,,,,,,,,,,,49,191
M1/2116B,04/04/2025 00:00:00,22:14:00,88,108,42,4,8,,,,,,,,,,,,,,,50,162
M1/2116B,04/04/2025 00:00:00,22:29:00,89,103,37,2,5,,,,,,,,,,,,,,,50,147
M1/2116B,04/04/2025 00:00:00,22:44:00,90,66,40,2,10,,,,,,,,,,,,,,,50,118
M1/2116B,04/04/2025 00:00:00,22:59:00,91,99,31,3,7,,,,,,,,,,,,,,,50,140
M1/2116B,04/04/2025 00:00:00,23:14:00,92,78,41,5,10,,,,,,,,,,,,,,,48,134
M1/2116B,04/04/2025 00:00:00,23:29:00,93,82,32,4,7,,,,,,,,,,,,,,,49,125
M1/2116B,04/04/2025 00:00:00,23:44:00,94,76,30,4,11,,,,,,,,,,,,,,,50,121
M1/2116B,04/04/2025 00:00:00,23:59:00,95,61,33,5,5,,,,,,,,,,,,,,,51,104
M1/2116B,05/04/2025 00:00:00,00:14:00,0,67,25,0,7,,,,,,,,,,,,,,,52,99
M1/2116B,05/04/2025 00:00:00,00:29:00,1,54,28,3,4,,,,,,,,,,,,,,,52,89
M1/2116B,05/04/2025 00:00:00,00:44:00,2,47,25,6,12,,,,,,,,,,,,,,,49,90
M1/2116B,05/04/2025 00:00:00,00:59:00,3,41,15,4,9,,,,,,,,,,,,,,,50,69
M1/2116B,05/04/2025 00:00:00,01:14:00,4,34,18,1,12,,,,,,,,,,,,,,,51,65
M1/2116B,05/04/2025 00:00:00,01:29:00,5,40,26,7,7,,,,,,,,,,,,,,,46,80
M1/2116B,05/04/2025 00:00:00,01:44:00,6,31,12,2,14,,,,,,,,,,,,,,,45,59
M1/2116B,05/04/2025 00:00:00,01:59:00,7,25,11,5,4,,,,,,,,,,,,,,,49,45
M1/2116B,05/04/2025 00:00:00,02:14:00,8,28,14,8,9,,,,,,,,,,,,,,,47,59
M1/2116B,05/04/2025 00:00:00,02:29:00,9,20,7,6,13,,,,,,,,,,,,,,,47,46
M1/2116B,05/04/2025 00:00:00,02:44:00,10,21,14,3,13,,,,,,,,,,,,,,,49,51
M1/2116B,05/04/2025 00:00:00,02:59:00,11,24,11,3,8,,,,,,,,,,,,,,,47,46
M1/2116B,05/04/2025 00:00:00,03:14:00,12,18,14,4,8,,,,,,,,,,,,,,,47,44
M1/2116B,05/04/2025 00:00:00,03:29:00,13,13,16,1,14,,,,,,,,,,,,,,,49,44
M1/2116B,05/04/2025 00:00:00,03:44:00,14,26,21,2,7,,,,,,,,,,,,,,,48,56
M1/2116B,05/04/2025 00:00:00,03:59:00,15,25,15,4,7,,,,,,,,,,,,,,,48,51
M1/2116B,05/04/2025 00:00:00,04:14:00,16,21,10,7,10,,,,,,,,,,,,,,,48,48
M1/2116B,05/04/2025 00:00:00,04:29:00,17,41,21,6,7,,,,,,,,,,,,,,,50,75
M1/2116B,05/04/2025 00:00:00,04:44:00,18,41,20,4,12,,,,,,,,,,,,,,,50,77
M1/2116B,05/04/2025 00:00:00,04:59:00,19,32,21,8,12,,,,,,,,,,,,,,,49,73
M1/2116B,05/04/2025 00:00:00,05:14:00,20,49,19,9,10,,,,,,,,,,,,,,,52,87
M1/2116B,05/04/2025 00:00:00,05:29:00,21,52,36,18,11,,,,,,,,,,,,,,,52,117
M1/2116B,05/04/2025 00:00:00,05:44:00,22,76,32,10,11,,,,,,,,,,,,,,,52,129
M1/2116B,05/04/2025 00:00:00,05:59:00,23,80,44,8,16,,,,,,,,,,,,,,,53,148
M1/2116B,05/04/2025 00:00:00,06:14:00,24,83,31,25,19,,,,,,,,,,,,,,,54,158
M1/2116B,05/04/2025 00:00:00,06:29:00,25,87,68,31,15,,,,,,,,,,,,,,,54,201
M1/2116B,05/04/2025 00:00:00,06:44:00,26,118,91,35,12,,,,,,,,,,,,,,,54,256
M1/2116B,05/04/2025 00:00:00,06:59:00,27,116,97,24,10,,,,,,,,,,,,,,,55,247
M1/2116B,05/04/2025 00:00:00,07:14:00,28,122,103,34,9,,,,,,,,,,,,,,,54,268
M1/2116B,05/04/2025 00:00:00,07:29:00,29,130,91,40,10,,,,,,,,,,,,,,,53,271
M1/2116B,05/04/2025 00:00:00,07:44:00,30,131,75,39,8,,,,,,,,,,,,,,,54,253
M1/2116B,05/04/2025 00:00:00,07:59:00,31,119,81,23,7,,,,,,,,,,,,,,,54,230
M1/2116B,05/04/2025 00:00:00,08:14:00,32,133,67,25,7,,,,,,,,,,,,,,,53,232
M1/2116B,05/04/2025 00:00:00,08:29:00,33,128,82,29,9,,,,,,,,,,,,,,,53,248
M1/2116B,05/04/2025 00:00:00,08:44:00,34,170,80,22,10,,,,,,,,,,,,,,,52,282
M1/2116B,05/04/2025 00:00:00,08:59:00,35,147,107,29,8,,,,,,,,,,,,,,,51,291
M1/2116B,05/04/2025 00:00:00,09:14:00,36,199,92,14,11,,,,,,,,,,,,,,,51,316
M1/2116B,05/04/2025 00:00:00,09:29:00,37,193,111,14,11,,,,,,,,,,,,,,,51,329
M1/2116B,05/04/2025 00:00:00,09:44:00,38,220,112,16,11,,,,,,,,,,,,,,,51,359
M1/2116B,05/04/2025 00:00:00,09:59:00,39,250,89,8,7,,,,,,,,,,,,,,,51,354
M1/2116B,05/04/2025 00:00:00,10:14:00,40,242,105,13,2,,,,,,,,,,,,,,,50,362
M1/2116B,05/04/2025 00:00:00,10:29:00,41,249,93,17,18,,,,,,,,,,,,,,,50,377
M1/2116B,05/04/2025 00:00:00,10:44:00,42,244,109,11,12,,,,,,,,,,,,,,,52,376
M1/2116B,05/04/2025 00:00:00,10:59:00,43,224,104,9,9,,,,,,,,,,,,,,,51,346
M1/2116B,05/04/2025 00:00:00,11:14:00,44,289,122,13,10,,,,,,,,,,,,,,,50,434
M1/2116B,05/04/2025 00:00:00,11:29:00,45,340,124,13,13,,,,,,,,,,,,,,,48,490
M1/2116B,05/04/2025 00:00:00,11:44:00,46,314,159,15,10,,,,,,,,,,,,,,,36,498
M1/2116B,05/04/2025 00:00:00,11:59:00,47,344,141,16,14,,,,,,,,,,,,,,,47,515
M1/2116B,05/04/2025 00:00:00,12:14:00,48,267,116,10,4,,,,,,,,,,,,,,,50,397
M1/2116B,05/04/2025 00:00:00,12:29:00,49,238,108,13,8,,,,,,,,,,,,,,,51,367
M1/2116B,05/04/2025 00:00:00,12:44:00,50,292,137,10,3,,,,,,,,,,,,,,,51,442
M1/2116B,05/04/2025 00:00:00,12:59:00,51,299,106,4,10,,,,,,,,,,,,,,,51,419
M1/2116B,05/04/2025 00:00:00,13:14:00,52,275,117,12,5,,,,,,,,,,,,,,,50,409
M1/2116B,05/04/2025 00:00:00,13:29:00,53,311,116,8,8,,,,,,,,,,,,,,,50,443
M1/2116B,05/04/2025 00:00:00,13:44:00,54,311,145,9,10,,,,,,,,,,,,,,,51,475
M1/2116B,05/04/2025 00:00:00,13:59:00,55,324,136,13,10,,,,,,,,,,,,,,,49,483
M1/2116B,05/04/2025 00:00:00,14:14:00,56,299,112,14,14,,,,,,,,,,,,,,,48,439
M1/2116B,05/04/2025 00:00:00,14:29:00,57,302,130,2,8,,,,,,,,,,,,,,,49,442
M1/2116B,05/04/2025 00:00:00,14:44:00,58,286,105,14,6,,,,,,,,,,,,,,,51,411
M1/2116B,05/04/2025 00:00:00,14:59:00,59,302,134,11,4,,,,,,,,,,,,,,,50,451
M1/2116B,05/04/2025 00:00:00,15:14:00,60,223,109,9,8,,,,,,,,,,,,,,,52,349
M1/2116B,05/04/2025 00:00:00,15:29:00,61,224,86,10,6,,,,,,,,,,,,,,,51,326
M1/2116B,05/04/2025 00:00:00,15:44:00,62,253,110,12,4,,,,,,,,,,,,,,,51,379
M1/2116B,05/04/2025 00:00:00,15:59:00,63,228,115,9,10,,,,,,,,,,,,,,,51,362
M1/2116B,05/04/2025 00:00:00,16:14:00,64,221,124,6,7,,,,,,,,,,,,,,,51,358
M1/2116B,05/04/2025 00:00:00,16:29:00,65,221,81,8,9,,,,,,,,,,,,,,,52,319
M1/2116B,05/04/2025 00:00:00,16:44:00,66,230,89,6,5,,,,,,,,,,,,,,,50,330
M1/2116B,05/04/2025 00:00:00,16:59:00,67,254,96,11,9,,,,,,,,,,,,,,,50,370
M1/2116B,05/04/2025 00:00:00,17:14:00,68,241,82,12,5,,,,,,,,,,,,,,,52,340
M1/2116B,05/04/2025 00:00:00,17:29:00,69,239,82,6,6,,,,,,,,,,,,,,,52,333
M1/2116B,05/04/2025 00:00:00,17:44:00,70,260,103,5,5,,,,,,,,,,,,,,,50,373
M1/2116B,05/04/2025 00:00:00,17:59:00,71,246,100,3,11,,,,,,,,,,,,,,,52,360
M1/2116B,05/04/2025 00:00:00,18:14:00,72,249,87,8,8,,,,,,,,,,,,,,,51,352
M1/2116B,05/04/2025 00:00:00,18:29:00,73,270,96,5,12,,,,,,,,,,,,,,,51,383
M1/2116B,05/04/2025 00:00:00,18:44:00,74,274,108,5,7,,,,,,,,,,,,,,,51,394
M1/2116B,05/04/2025 00:00:00,18:59:00,75,218,81,9,10,,,,,,,,,,,,,,,52,318
M1/2116B,05/04/2025 00:00:00,19:14:00,76,203,76,7,6,,,,,,,,,,,,,,,51,292
M1/2116B,05/04/2025 00:00:00,19:29:00,77,217,89,7,5,,,,,,,,,,,,,,,53,318
M1/2116B,05/04/2025 00:00:00,19:44:00,78,184,68,6,11,,,,,,,,,,,,,,,52,269
M1/2116B,05/04/2025 00:00:00,19:59:00,79,163,68,14,9,,,,,,,,,,,,,,,52,254
M1/2116B,05/04/2025 00:00:00,20:14:00,80,154,60,5,4,,,,,,,,,,,,,,,52,223
M1/2116B,05/04/2025 00:00:00,20:29:00,81,155,61,7,6,,,,,,,,,,,,,,,49,229
M1/2116B,05/04/2025 00:00:00,20:44:00,82,151,45,5,5,,,,,,,,,,,,,,,48,206
M1/2116B,05/04/2025 00:00:00,20:59:00,83,110,40,4,4,,,,,,,,,,,,,,,50,158
M1/2116B,05/04/2025 00:00:00,21:14:00,84,89,39,5,8,,,,,,,,,,,,,,,49,141
M1/2116B,05/04/2025 00:00:00,21:29:00,85,62,20,3,1,,,,,,,,,,,,,,,49,86
M1/2116B,05/04/2025 00:00:00,21:44:00,86,86,34,3,3,,,,,,,,,,,,,,,49,126
M1/2116B,05/04/2025 00:00:00,21:59:00,87,75,36,6,6,,,,,,,,,,,,,,,50,123
M1/2116B,05/04/2025 00:00:00,22:14:00,88,153,70,9,10,,,,,,,,,,,,,,,47,242
M1/2116B,05/04/2025 00:00:00,22:29:00,89,107,61,6,10,,,,,,,,,,,,,,,49,184
M1/2116B,05/04/2025 00:00:00,22:44:00,90,114,45,4,8,,,,,,,,,,,,,,,50,171
M1/2116B,05/04/2025 00:00:00,22:59:00,91,98,39,2,6,,,,,,,,,,,,,,,51,145
M1/2116B,05/04/2025 00:00:00,23:14:00,92,91,26,5,5,,,,,,,,,,,,,,,49,127
M1/2116B,05/04/2025 00:00:00,23:29:00,93,86,45,5,5,,,,,,,,,,,,,,,49,141
M1/2116B,05/04/2025 00:00:00,23:44:00,94,79,41,3,4,,,,,,,,,,,,,,,50,127
M1/2116B,05/04/2025 00:00:00,23:59:00,95,93,50,2,2,,,,,,,,,,,,,,,51,147
M1/2116B,06/04/2025 00:00:00,00:14:00,0,75,44,2,3,,,,,,,,,,,,,,,50,124
M1/2116B,06/04/2025 00:00:00,00:29:00,1,84,37,4,6,,,,,,,,,,,,,,,50,131
M1/2116B,06/04/2025 00:00:00,00:44:00,2,42,42,4,5,,,,,,,,,,,,,,,50,93
M1/2116B,06/04/2025 00:00:00,00:59:00,3,59,25,3,4,,,,,,,,,,,,,,,49,91
M1/2116B,06/04/2025 00:00:00,01:14:00,4,56,29,5,3,,,,,,,,,,,,,,,49,93
M1/2116B,06/04/2025 00:00:00,01:29:00,5,50,21,2,4,,,,,,,,,,,,,,,50,77
M1/2116B,06/04/2025 00:00:00,01:44:00,6,45,18,3,5,,,,,,,,,,,,,,,48,71
M1/2116B,06/04/2025 00:00:00,01:59:00,7,26,9,0,4,,,,,,,,,,,,,,,47,39
M1/2116B,06/04/2025 00:00:00,02:14:00,8,40,16,5,4,,,,,,,,,,,,,,,47,65
M1/2116B,06/04/2025 00:00:00,02:29:00,9,42,18,1,6,,,,,,,,,,,,,,,48,67
M1/2116B,06/04/2025 00:00:00,02:44:00,10,21,17,0,6,,,,,,,,,,,,,,,47,44
M1/2116B,06/04/2025 00:00:00,02:59:00,11,30,25,2,9,,,,,,,,,,,,,,,47,66
M1/2116B,06/04/2025 00:00:00,03:14:00,12,21,12,0,7,,,,,,,,,,,,,,,51,40
M1/2116B,06/04/2025 00:00:00,03:29:00,13,17,7,3,5,,,,,,,,,,,,,,,48,32
M1/2116B,06/04/2025 00:00:00,03:44:00,14,27,14,0,3,,,,,,,,,,,,,,,49,44
M1/2116B,06/04/2025 00:00:00,03:59:00,15,22,18,2,2,,,,,,,,,,,,,,,50,44
M1/2116B,06/04/2025 00:00:00,04:14:00,16,25,17,0,7,,,,,,,,,,,,,,,48,49
M1/2116B,06/04/2025 00:00:00,04:29:00,17,23,20,6,6,,,,,,,,,,,,,,,49,55
M1/2116B,06/04/2025 00:00:00,04:44:00,18,34,16,1,3,,,,,,,,,,,,,,,48,54
M1/2116B,06/04/2025 00:00:00,04:59:00,19,38,14,4,7,,,,,,,,,,,,,,,51,63
M1/2116B,06/04/2025 00:00:00,05:14:00,20,26,21,2,10,,,,,,,,,,,,,,,49,59
M1/2116B,06/04/2025 00:00:00,05:29:00,21,60,17,8,5,,,,,,,,,,,,,,,51,90
M1/2116B,06/04/2025 00:00:00,05:44:00,22,66,23,6,2,,,,,,,,,,,,,,,54,97
M1/2116B,06/04/2025 00:00:00,05:59:00,23,55,29,3,8,,,,,,,,,,,,,,,54,95
M1/2116B,06/04/2025 00:00:00,06:14:00,24,55,32,12,8,,,,,,,,,,,,,,,53,107
M1/2116B,06/04/2025 00:00:00,06:29:00,25,78,40,14,9,,,,,,,,,,,,,,,53,141
M1/2116B,06/04/2025 00:00:00,06:44:00,26,63,43,10,6,,,,,,,,,,,,,,,54,122
M1/2116B,06/04/2025 00:00:00,06:59:00,27,83,50,8,12,,,,,,,,,,,,,,,54,153
M1/2116B,06/04/2025 00:00:00,07:14:00,28,97,41,10,7,,,,,,,,,,,,,,,54,155
M1/2116B,06/04/2025 00:00:00,07:29:00,29,98,45,7,6,,,,,,,,,,,,,,,55,156
M1/2116B,06/04/2025 00:00:00,07:44:00,30,115,67,12,5,,,,,,,,,,,,,,,54,199
M1/2116B,06/04/2025 00:00:00,07:59:00,31,101,57,15,5,,,,,,,,,,,,,,,55,178
M1/2116B,06/04/2025 00:00:00,08:14:00,32,123,45,10,7,,,,,,,,,,,,,,,53,185
M1/2116B,06/04/2025 00:00:00,08:29:00,33,127,71,9,6,,,,,,,,,,,,,,,54,213
M1/2116B,06/04/2025 00:00:00,08:44:00,34,159,85,6,12,,,,,,,,,,,,,,,52,262
M1/2116B,06/04/2025 00:00:00,08:59:00,35,175,79,8,7,,,,,,,,,,,,,,,54,269
M1/2116B,06/04/2025 00:00:00,09:14:00,36,158,89,8,11,,,,,,,,,,,,,,,53,266
M1/2116B,06/04/2025 00:00:00,09:29:00,37,209,95,11,12,,,,,,,,,,,,,,,51,327
M1/2116B,06/04/2025 00:00:00,09:44:00,38,253,109,6,10,,,,,,,,,,,,,,,51,378
M1/2116B,06/04/2025 00:00:00,09:59:00,39,224,91,3,5,,,,,,,,,,,,,,,53,323
M1/2116B,06/04/2025 00:00:00,10:14:00,40,256,115,8,5,,,,,,,,,,,,,,,51,384
M1/2116B,06/04/2025 00:00:00,10:29:00,41,226,105,8,11,,,,,,,,,,,,,,,51,350
M1/2116B,06/04/2025 00:00:00,10:44:00,42,258,104,9,6,,,,,,,,,,,,,,,51,377
M1/2116B,06/04/2025 00:00:00,10:59:00,43,295,107,13,10,,,,,,,,,,,,,,,50,425
M1/2116B,06/04/2025 00:00:00,11:14:00,44,273,126,5,15,,,,,,,,,,,,,,,50,419
M1/2116B,06/04/2025 00:00:00,11:29:00,45,294,96,6,9,,,,,,,,,,,,,,,51,405
M1/2116B,06/04/2025 00:00:00,11:44:00,46,318,104,7,9,,,,,,,,,,,,,,,49,438
M1/2116B,06/04/2025 00:00:00,11:59:00,47,318,119,11,9,,,,,,,,,,,,,,,50,457
M1/2116B,06/04/2025 00:00:00,12:14:00,48,321,111,7,6,,,,,,,,,,,,,,,51,445
M1/2116B,06/04/2025 00:00:00,12:29:00,49,303,128,3,7,,,,,,,,,,,,,,,51,441
M1/2116B,06/04/2025 00:00:00,12:44:00,50,295,115,5,8,,,,,,,,,,,,,,,49,423
M1/2116B,06/04/2025 00:00:00,12:59:00,51,298,157,11,8,,,,,,,,,,,,,,,37,474
M1/2116B,06/04/2025 00:00:00,13:14:00,52,270,111,9,7,,,,,,,,,,,,,,,41,397
M1/2116B,06/04/2025 00:00:00,13:29:00,53,301,110,9,7,,,,,,,,,,,,,,,50,427
M1/2116B,06/04/2025 00:00:00,13:44:00,54,266,99,1,2,,,,,,,,,,,,,,,50,368
M1/2116B,06/04/2025 00:00:00,13:59:00,55,267,114,7,10,,,,,,,,,,,,,,,51,398
M1/2116B,06/04/2025 00:00:00,14:14:00,56,267,99,8,7,,,,,,,,,,,,,,,51,381
M1/2116B,06/04/2025 00:00:00,14:29:00,57,246,116,12,7,,,,,,,,,,,,,,,51,381
M1/2116B,06/04/2025 00:00:00,14:44:00,58,252,106,6,7,,,,,,,,,,,,,,,50,371
M1/2116B,06/04/2025 00:00:00,14:59:00,59,221,93,6,8,,,,,,,,,,,,,,,50,328
M1/2116B,06/04/2025 00:00:00,15:14:00,60,229,107,9,5,,,,,,,,,,,,,,,52,350
M1/2116B,06/04/2025 00:00:00,15:29:00,61,163,71,4,6,,,,,,,,,,,,,,,50,244
M1/2116B,06/04/2025 00:00:00,15:44:00,62,216,101,7,5,,,,,,,,,,,,,,,50,329
M1/2116B,06/04/2025 00:00:00,15:59:00,63,230,89,6,6,,,,,,,,,,,,,,,51,331
M1/2116B,06/04/2025 00:00:00,16:14:00,64,251,78,8,8,,,,,,,,,,,,,,,51,345
M1/2116B,06/04/2025 00:00:00,16:29:00,65,270,97,14,7,,,,,,,,,,,,,,,50,388
M1/2116B,06/04/2025 00:00:00,16:44:00,66,260,90,13,13,,,,,,,,,,,,,,,49,376
M1/2116B,06/04/2025 00:00:00,16:59:00,67,270,98,15,8,,,,,,,,,,,,,,,50,391
M1/2116B,06/04/2025 00:00:00,17:14:00,68,223,124,13,6,,,,,,,,,,,,,,,52,366
M1/2116B,06/04/2025 00:00:00,17:29:00,69,158,58,3,2,,,,,,,,,,,,,,,52,221
M1/2116B,06/04/2025 00:00:00,17:44:00,70,235,89,6,3,,,,,,,,,,,,,,,51,333
M1/2116B,06/04/2025 00:00:00,17:59:00,71,255,92,12,6,,,,,,,,,,,,,,,51,365
M1/2116B,06/04/2025 00:00:00,18:14:00,72,265,98,9,8,,,,,,,,,,,,,,,49,380
M1/2116B,06/04/2025 00:00:00,18:29:00,73,331,113,12,12,,,,,,,,,,,,,,,48,468
M1/2116B,06/04/2025 00:00:00,18:44:00,74,270,114,9,8,,,,,,,,,,,,,,,49,401
M1/2116B,06/04/2025 00:00:00,18:59:00,75,271,101,6,10,,,,,,,,,,,,,,,49,388
M1/2116B,06/04/2025 00:00:00,19:14:00,76,241,70,4,8,,,,,,,,,,,,,,,50,323
M1/2116B,06/04/2025 00:00:00,19:29:00,77,211,70,7,3,,,,,,,,,,,,,,,52,291
M1/2116B,06/04/2025 00:00:00,19:44:00,78,244,75,5,6,,,,,,,,,,,,,,,51,330
M1/2116B,06/04/2025 00:00:00,19:59:00,79,190,86,8,3,,,,,,,,,,,,,,,51,287
M1/2116B,06/04/2025 00:00:00,20:14:00,80,190,74,8,10,,,,,,,,,,,,,,,50,282
M1/2116B,06/04/2025 00:00:00,20:29:00,81,190,76,6,10,,,,,,,,,,,,,,,48,282
M1/2116B,06/04/2025 00:00:00,20:44:00,82,151,73,8,7,,,,,,,,,,,,,,,49,239
M1/2116B,06/04/2025 00:00:00,20:59:00,83,163,77,8,12,,,,,,,,,,,,,,,48,260
M1/2116B,06/04/2025 00:00:00,21:14:00,84,157,67,6,10,,,,,,,,,,,,,,,49,240
M1/2116B,06/04/2025 00:00:00,21:29:00,85,159,54,5,11,,,,,,,,,,,,,,,50,229
M1/2116B,06/04/2025 00:00:00,21:44:00,86,129,84,10,3,,,,,,,,,,,,,,,50,226
M1/2116B,06/04/2025 00:00:00,21:59:00,87,117,64,2,7,,,,,,,,,,,,,,,49,190
M1/2116B,06/04/2025 00:00:00,22:14:00,88,112,37,4,6,,,,,,,,,,,,,,,49,159
M1/2116B,06/04/2025 00:00:00,22:29:00,89,96,45,1,6,,,,,,,,,,,,,,,49,148
M1/2116B,06/04/2025 00:00:00,22:44:00,90,80,34,3,6,,,,,,,,,,,,,,,51,123
M1/2116B,06/04/2025 00:00:00,22:59:00,91,87,50,2,6,,,,,,,,,,,,,,,52,145
M1/2116B,06/04/2025 00:00:00,23:14:00,92,87,38,5,8,,,,,,,,,,,,,,,49,138
M1/2116B,06/04/2025 00:00:00,23:29:00,93,71,55,4,4,,,,,,,,,,,,,,,50,134
M1/2116B,06/04/2025 00:00:00,23:44:00,94,80,33,5,5,,,,,,,,,,,,,,,48,123
M1/2116B,06/04/2025 00:00:00,23:59:00,95,53,35,3,3,,,,,,,,,,,,,,,50,94
M1/2116B,07/04/2025 00:00:00,00:14:00,0,53,30,3,5,,,,,,,,,,,,,,,50,91
M1/2116B,07/04/2025 00:00:00,00:29:00,1,55,19,2,4,,,,,,,,,,,,,,,48,80
M1/2116B,07/04/2025 00:00:00,00:44:00,2,49,24,4,4,,,,,,,,,,,,,,,48,81
M1/2116B,07/04/2025 00:00:00,00:59:00,3,34,14,4,3,,,,,,,,,,,,,,,48,55
M1/2116B,07/04/2025 00:00:00,01:14:00,4,20,14,4,3,,,,,,,,,,,,,,,48,42
M1/2116B,07/04/2025 00:00:00,01:29:00,5,17,16,2,4,,,,,,,,,,,,,,,47,39
M1/2116B,07/04/2025 00:00:00,01:44:00,6,23,14,4,8,,,,,,,,,,,,,,,49,49
M1/2116B,07/04/2025 00:00:00,01:59:00,7,22,15,3,5,,,,,,,,,,,,,,,47,45
M1/2116B,07/04/2025 00:00:00,02:14:00,8,21,7,5,10,,,,,,,,,,,,,,,48,43
M1/2116B,07/04/2025 00:00:00,02:29:00,9,18,9,5,3,,,,,,,,,,,,,,,51,35
M1/2116B,07/04/2025 00:00:00,02:44:00,10,11,6,4,8,,,,,,,,,,,,,,,48,29
M1/2116B,07/04/2025 00:00:00,02:59:00,11,19,9,3,8,,,,,,,,,,,,,,,49,39
M1/2116B,07/04/2025 00:00:00,03:14:00,12,19,13,4,14,,,,,,,,,,,,,,,49,50
M1/2116B,07/04/2025 00:00:00,03:29:00,13,17,6,6,6,,,,,,,,,,,,,,,50,35
M1/2116B,07/04/2025 00:00:00,03:44:00,14,24,20,9,10,,,,,,,,,,,,,,,49,63
M1/2116B,07/04/2025 00:00:00,03:59:00,15,18,12,9,8,,,,,,,,,,,,,,,50,47
M1/2116B,07/04/2025 00:00:00,04:14:00,16,20,13,10,7,,,,,,,,,,,,,,,51,50
M1/2116B,07/04/2025 00:00:00,04:29:00,17,31,17,7,8,,,,,,,,,,,,,,,51,63
M1/2116B,07/04/2025 00:00:00,04:44:00,18,44,23,12,8,,,,,,,,,,,,,,,53,87
M1/2116B,07/04/2025 00:00:00,04:59:00,19,46,21,12,12,,,,,,,,,,,,,,,53,91
M1/2116B,07/04/2025 00:00:00,05:14:00,20,60,31,12,6,,,,,,,,,,,,,,,54,109
M1/2116B,07/04/2025 00:00:00,05:29:00,21,90,53,23,19,,,,,,,,,,,,,,,55,185
M1/2116B,07/04/2025 00:00:00,05:44:00,22,131,65,20,12,,,,,,,,,,,,,,,55,228
M1/2116B,07/04/2025 00:00:00,05:59:00,23,169,125,42,25,,,,,,,,,,,,,,,54,361
M1/2116B,07/04/2025 00:00:00,06:14:00,24,225,181,69,21,,,,,,,,,,,,,,,52,496
M1/2116B,07/04/2025 00:00:00,06:29:00,25,255,264,90,19,,,,,,,,,,,,,,,50,628
M1/2116B,07/04/2025 00:00:00,06:44:00,26,291,303,76,27,,,,,,,,,,,,,,,46,697
M1/2116B,07/04/2025 00:00:00,06:59:00,27,308,283,88,32,,,,,,,,,,,,,,,26,711
M1/2116B,07/04/2025 00:00:00,07:14:00,28,303,267,98,38,,,,,,,,,,,,,,,11,706
M1/2116B,07/04/2025 00:00:00,07:29:00,29,272,217,87,48,,,,,,,,,,,,,,,10,624
M1/2116B,07/04/2025 00:00:00,07:44:00,30,320,275,98,33,,,,,,,,,,,,,,,19,726
M1/2116B,07/04/2025 00:00:00,07:59:00,31,275,218,79,26,,,,,,,,,,,,,,,38,598
M1/2116B,07/04/2025 00:00:00,08:14:00,32,276,183,85,18,,,,,,,,,,,,,,,47,562
M1/2116B,07/04/2025 00:00:00,08:29:00,33,306,221,68,17,,,,,,,,,,,,,,,47,612
M1/2116B,07/04/2025 00:00:00,08:44:00,34,243,175,83,19,,,,,,,,,,,,,,,49,520
M1/2116B,07/04/2025 00:00:00,08:59:00,35,231,166,54,26,,,,,,,,,,,,,,,49,477
M1/2116B,07/04/2025 00:00:00,09:14:00,36,236,165,65,23,,,,,,,,,,,,,,,49,489
M1/2116B,07/04/2025 00:00:00,09:29:00,37,251,160,65,11,,,,,,,,,,,,,,,49,487
M1/2116B,07/04/2025 00:00:00,09:44:00,38,222,145,52,18,,,,,,,,,,,,,,,50,437
M1/2116B,07/04/2025 00:00:00,09:59:00,39,219,136,54,21,,,,,,,,,,,,,,,49,430
M1/2116B,07/04/2025 00:00:00,10:14:00,40,221,141,42,19,,,,,,,,,,,,,,,48,423
M1/2116B,07/04/2025 00:00:00,10:29:00,41,179,128,46,23,,,,,,,,,,,,,,,50,376
M1/2116B,07/04/2025 00:00:00,10:44:00,42,216,115,32,13,,,,,,,,,,,,,,,49,376
M1/2116B,07/04/2025 00:00:00,10:59:00,43,180,118,26,19,,,,,,,,,,,,,,,49,343
M1/2116B,07/04/2025 00:00:00,11:14:00,44,168,106,36,19,,,,,,,,,,,,,,,46,329
M1/2116B,07/04/2025 00:00:00,11:29:00,45,194,121,36,13,,,,,,,,,,,,,,,50,364
M1/2116B,07/04/2025 00:00:00,11:44:00,46,186,97,38,15,,,,,,,,,,,,,,,50,336
M1/2116B,07/04/2025 00:00:00,11:59:00,47,160,113,33,17,,,,,,,,,,,,,,,51,323
M1/2116B,07/04/2025 00:00:00,12:14:00,48,154,90,28,19,,,,,,,,,,,,,,,50,291
M1/2116B,07/04/2025 00:00:00,12:29:00,49,194,105,25,11,,,,,,,,,,,,,,,49,335
M1/2116B,07/04/2025 00:00:00,12:44:00,50,177,79,42,18,,,,,,,,,,,,,,,50,316
M1/2116B,07/04/2025 00:00:00,12:59:00,51,158,67,28,11,,,,,,,,,,,,,,,51,264
M1/2116B,07/04/2025 00:00:00,13:14:00,52,191,92,19,17,,,,,,,,,,,,,,,50,319
M1/2116B,07/04/2025 00:00:00,13:29:00,53,178,77,19,20,,,,,,,,,,,,,,,50,294
M1/2116B,07/04/2025 00:00:00,13:44:00,54,173,80,22,12,,,,,,,,,,,,,,,50,287
M1/2116B,07/04/2025 00:00:00,13:59:00,55,141,72,26,11,,,,,,,,,,,,,,,52,250
M1/2116B,07/04/2025 00:00:00,14:14:00,56,159,74,28,12,,,,,,,,,,,,,,,51,273
M1/2116B,07/04/2025 00:00:00,14:29:00,57,140,66,28,19,,,,,,,,,,,,,,,51,253
M1/2116B,07/04/2025 00:00:00,14:44:00,58,148,67,36,7,,,,,,,,,,,,,,,51,258
M1/2116B,07/04/2025 00:00:00,14:59:00,59,178,76,25,13,,,,,,,,,,,,,,,51,292
M1/2116B,07/04/2025 00:00:00,15:14:00,60,157,76,17,9,,,,,,,,,,,,,,,52,259
M1/2116B,07/04/2025 00:00:00,15:29:00,61,154,78,18,12,,,,,,,,,,,,,,,52,262
M1/2116B,07/04/2025 00:00:00,15:44:00,62,162,81,21,5,,,,,,,,,,,,,,,50,269
M1/2116B,07/04/2025 00:00:00,15:59:00,63,151,76,22,8,,,,,,,,,,,,,,,50,257
M1/2116B,07/04/2025 00:00:00,16:14:00,64,139,80,11,14,,,,,,,,,,,,,,,52,244
M1/2116B,07/04/2025 00:00:00,16:29:00,65,166,58,23,9,,,,,,,,,,,,,,,52,256
M1/2116B,07/04/2025 00:00:00,16:44:00,66,182,89,15,10,,,,,,,,,,,,,,,52,296
M1/2116B,07/04/2025 00:00:00,16:59:00,67,178,92,15,8,,,,,,,,,,,,,,,52,293
M1/2116B,07/04/2025 00:00:00,17:14:00,68,193,106,13,13,,,,,,,,,,,,,,,52,324
M1/2116B,07/04/2025 00:00:00,17:29:00,69,216,93,14,8,,,,,,,,,,,,,,,52,330
M1/2116B,07/04/2025 00:00:00,17:44:00,70,238,100,20,5,,,,,,,,,,,,,,,53,363
M1/2116B,07/04/2025 00:00:00,17:59:00,71,255,77,15,14,,,,,,,,,,,,,,,51,361
M1/2116B,07/04/2025 00:00:00,18:14:00,72,225,84,14,6,,,,,,,,,,,,,,,52,329
M1/2116B,07/04/2025 00:00:00,18:29:00,73,233,85,10,6,,,,,,,,,,,,,,,52,333
M1/2116B,07/04/2025 00:00:00,18:44:00,74,199,82,10,15,,,,,,,,,,,,,,,53,306
M1/2116B,07/04/2025 00:00:00,18:59:00,75,190,59,6,15,,,,,,,,,,,,,,,53,270
M1/2116B,07/04/2025 00:00:00,19:14:00,76,204,64,16,6,,,,,,,,,,,,,,,53,290
M1/2116B,07/04/2025 00:00:00,19:29:00,77,197,56,12,6,,,,,,,,,,,,,,,53,271
M1/2116B,07/04/2025 00:00:00,19:44:00,78,181,57,9,6,,,,,,,,,,,,,,,53,253
M1/2116B,07/04/2025 00:00:00,19:59:00,79,157,51,11,11,,,,,,,,,,,,,,,52,230
M1/2116B,07/04/2025 00:00:00,20:14:00,80,136,73,11,8,,,,,,,,,,,,,,,51,228
M1/2116B,07/04/2025 00:00:00,20:29:00,81,138,72,8,9,,,,,,,,,,,,,,,51,227
M1/2116B,07/04/2025 00:00:00,20:44:00,82,121,61,5,11,,,,,,,,,,,,,,,51,198
M1/2116B,07/04/2025 00:00:00,20:59:00,83,94,48,7,15,,,,,,,,,,,,,,,51,164
M1/2116B,07/04/2025 00:00:00,21:14:00,84,87,35,8,7,,,,,,,,,,,,,,,52,137
M1/2116B,07/04/2025 00:00:00,21:29:00,85,96,54,8,10,,,,,,,,,,,,,,,51,168
M1/2116B,07/04/2025 00:00:00,21:44:00,86,102,57,7,8,,,,,,,,,,,,,,,50,174
M1/2116B,07/04/2025 00:00:00,21:59:00,87,81,42,7,4,,,,,,,,,,,,,,,50,134
M1/2116B,07/04/2025 00:00:00,22:14:00,88,87,39,8,10,,,,,,,,,,,,,,,50,144
M1/2116B,07/04/2025 00:00:00,22:29:00,89,56,23,4,3,,,,,,,,,,,,,,,53,86
M1/2116B,07/04/2025 00:00:00,22:44:00,90,64,34,3,4,,,,,,,,,,,,,,,50,105
M1/2116B,07/04/2025 00:00:00,22:59:00,91,55,29,8,8,,,,,,,,,,,,,,,47,100
M1/2116B,07/04/2025 00:00:00,23:14:00,92,49,19,1,4,,,,,,,,,,,,,,,51,73
M1/2116B,07/04/2025 00:00:00,23:29:00,93,45,24,4,2,,,,,,,,,,,,,,,50,75
M1/2116B,07/04/2025 00:00:00,23:44:00,94,46,22,5,9,,,,,,,,,,,,,,,51,82
M1/2116B,07/04/2025 00:00:00,23:59:00,95,38,33,4,5,,,,,,,,,,,,,,,52,80
M1/2116B,08/04/2025 00:00:00,00:14:00,0,38,27,9,6,,,,,,,,,,,,,,,50,80
M1/2116B,08/04/2025 00:00:00,00:29:00,1,43,16,3,7,,,,,,,,,,,,,,,51,69
M1/2116B,08/04/2025 00:00:00,00:44:00,2,35,16,5,6,,,,,,,,,,,,,,,50,62
M1/2116B,08/04/2025 00:00:00,00:59:00,3,18,13,2,2,,,,,,,,,,,,,,,50,35
M1/2116B,08/04/2025 00:00:00,01:14:00,4,19,8,5,4,,,,,,,,,,,,,,,51,36
M1/2116B,08/04/2025 00:00:00,01:29:00,5,13,3,3,8,,,,,,,,,,,,,,,51,27
M1/2116B,08/04/2025 00:00:00,01:44:00,6,13,5,2,4,,,,,,,,,,,,,,,47,24
M1/2116B,08/04/2025 00:00:00,01:59:00,7,14,11,8,4,,,,,,,,,,,,,,,52,37
M1/2116B,08/04/2025 00:00:00,02:14:00,8,18,8,3,3,,,,,,,,,,,,,,,49,32
M1/2116B,08/04/2025 00:00:00,02:29:00,9,9,7,4,6,,,,,,,,,,,,,,,51,26
M1/2116B,08/04/2025 00:00:00,02:44:00,10,13,10,3,5,,,,,,,,,,,,,,,50,31
M1/2116B,08/04/2025 00:00:00,02:59:00,11,9,4,1,9,,,,,,,,,,,,,,,51,23
M1/2116B,08/04/2025 00:00:00,03:14:00,12,13,7,7,2,,,,,,,,,,,,,,,51,29
M1/2116B,08/04/2025 00:00:00,03:29:00,13,11,6,7,7,,,,,,,,,,,,,,,46,31
M1/2116B,08/04/2025 00:00:00,03:44:00,14,11,11,5,5,,,,,,,,,,,,,,,50,32
M1/2116B,08/04/2025 00:00:00,03:59:00,15,16,8,4,5,,,,,,,,,,,,,,,49,33
M1/2116B,08/04/2025 00:00:00,04:14:00,16,22,12,9,9,,,,,,,,,,,,,,,48,52
M1/2116B,08/04/2025 00:00:00,04:29:00,17,21,20,12,13,,,,,,,,,,,,,,,52,66
M1/2116B,08/04/2025 00:00:00,04:44:00,18,45,13,17,7,,,,,,,,,,,,,,,53,82
M1/2116B,08/04/2025 00:00:00,04:59:00,19,41,24,6,8,,,,,,,,,,,,,,,54,79
M1/2116B,08/04/2025 00:00:00,05:14:00,20,61,36,15,11,,,,,,,,,,,,,,,54,123
M1/2116B,08/04/2025 00:00:00,05:29:00,21,92,48,15,19,,,,,,,,,,,,,,,54,174
M1/2116B,08/04/2025 00:00:00,05:44:00,22,117,62,18,15,,,,,,,,,,,,,,,55,212
M1/2116B,08/04/2025 00:00:00,05:59:00,23,154,99,41,14,,,,,,,,,,,,,,,55,308
M1/2116B,08/04/2025 00:00:00,06:14:00,24,214,184,54,26,,,,,,,,,,,,,,,53,478
M1/2116B,08/04/2025 00:00:00,06:29:00,25,291,258,85,18,,,,,,,,,,,,,,,50,652
M1/2116B,08/04/2025 00:00:00,06:44:00,26,295,318,100,28,,,,,,,,,,,,,,,41,741
M1/2116B,08/04/2025 00:00:00,06:59:00,27,283,317,84,26,,,,,,,,,,,,,,,41,710
M1/2116B,08/04/2025 00:00:00,07:14:00,28,290,289,80,34,,,,,,,,,,,,,,,17,693
M1/2116B,08/04/2025 00:00:00,07:29:00,29,317,264,82,24,,,,,,,,,,,,,,,22,687
M1/2116B,08/04/2025 00:00:00,07:44:00,30,323,251,90,34,,,,,,,,,,,,,,,27,698
M1/2116B,08/04/2025 00:00:00,07:59:00,31,284,217,94,34,,,,,,,,,,,,,,,26,629
M1/2116B,08/04/2025 00:00:00,08:14:00,32,289,219,89,38,,,,,,,,,,,,,,,14,635
M1/2116B,08/04/2025 00:00:00,08:29:00,33,285,182,81,32,,,,,,,,,,,,,,,25,581
M1/2116B,08/04/2025 00:00:00,08:44:00,34,298,202,88,22,,,,,,,,,,,,,,,41,610
M1/2116B,08/04/2025 00:00:00,08:59:00,35,269,203,68,20,,,,,,,,,,,,,,,46,560
M1/2116B,08/04/2025 00:00:00,09:14:00,36,278,166,66,31,,,,,,,,,,,,,,,48,541
M1/2116B,08/04/2025 00:00:00,09:29:00,37,266,187,59,24,,,,,,,,,,,,,,,48,536
M1/2116B,08/04/2025 00:00:00,09:44:00,38,247,150,37,22,,,,,,,,,,,,,,,48,456
M1/2116B,08/04/2025 00:00:00,09:59:00,39,214,151,50,17,,,,,,,,,,,,,,,50,432
M1/2116B,08/04/2025 00:00:00,10:14:00,40,209,108,36,25,,,,,,,,,,,,,,,50,378
M1/2116B,08/04/2025 00:00:00,10:29:00,41,200,138,46,21,,,,,,,,,,,,,,,50,405
M1/2116B,08/04/2025 00:00:00,10:44:00,42,206,117,35,10,,,,,,,,,,,,,,,50,368
M1/2116B,08/04/2025 00:00:00,10:59:00,43,183,102,35,10,,,,,,,,,,,,,,,51,330
M1/2116B,08/04/2025 00:00:00,11:14:00,44,138,82,45,14,,,,,,,,,,,,,,,51,279
M1/2116B,08/04/2025 00:00:00,11:29:00,45,173,84,28,18,,,,,,,,,,,,,,,50,303
M1/2116B,08/04/2025 00:00:00,11:44:00,46,164,100,27,13,,,,,,,,,,,,,,,51,304
M1/2116B,08/04/2025 00:00:00,11:57:00,47,171,82,38,9,,,,,,,,,,,,,,,50,300
M1/2116B,08/04/2025 00:00:00,12:14:00,48,137,80,27,12,,,,,,,,,,,,,,,51,255
M1/2116B,08/04/2025 00:00:00,12:29:00,49,134,65,23,9,,,,,,,,,,,,,,,50,230
M1/2116B,08/04/2025 00:00:00,12:44:00,50,135,86,23,12,,,,,,,,,,,,,,,50,256
M1/2116B,08/04/2025 00:00:00,12:59:00,51,138,73,19,18,,,,,,,,,,,,,,,51,248
M1/2116B,08/04/2025 00:00:00,13:14:00,52,139,74,28,13,,,,,,,,,,,,,,,51,254
M1/2116B,08/04/2025 00:00:00,13:29:00,53,143,71,15,8,,,,,,,,,,,,,,,52,237
M1/2116B,08/04/2025 00:00:00,13:44:00,54,154,78,20,11,,,,,,,,,,,,,,,52,263
M1/2116B,08/04/2025 00:00:00,13:59:00,55,143,70,21,19,,,,,,,,,,,,,,,51,253
M1/2116B,08/04/2025 00:00:00,14:14:00,56,132,75,12,16,,,,,,,,,,,,,,,51,235
M1/2116B,08/04/2025 00:00:00,14:29:00,57,136,58,17,18,,,,,,,,,,,,,,,51,229
M1/2116B,08/04/2025 00:00:00,14:44:00,58,122,78,39,12,,,,,,,,,,,,,,,50,251
M1/2116B,08/04/2025 00:00:00,14:59:00,59,133,81,36,8,,,,,,,,,,,,,,,52,258
M1/2116B,08/04/2025 00:00:00,15:14:00,60,161,76,25,8,,,,,,,,,,,,,,,54,270
M1/2116B,08/04/2025 00:00:00,15:29:00,61,140,71,23,9,,,,,,,,,,,,,,,52,243
M1/2116B,08/04/2025 00:00:00,15:44:00,62,144,63,13,11,,,,,,,,,,,,,,,52,231
M1/2116B,08/04/2025 00:00:00,15:59:00,63,183,85,23,12,,,,,,,,,,,,,,,51,303
M1/2116B,08/04/2025 00:00:00,16:14:00,64,175,65,23,9,,,,,,,,,,,,,,,52,272
M1/2116B,08/04/2025 00:00:00,16:29:00,65,192,92,24,10,,,,,,,,,,,,,,,52,318
M1/2116B,08/04/2025 00:00:00,16:44:00,66,190,86,15,8,,,,,,,,,,,,,,,52,298
M1/2116B,08/04/2025 00:00:00,16:59:00,67,207,96,23,7,,,,,,,,,,,,,,,53,333
M1/2116B,08/04/2025 00:00:00,17:14:00,68,236,93,17,6,,,,,,,,,,,,,,,51,352
M1/2116B,08/04/2025 00:00:00,17:29:00,69,225,114,14,14,,,,,,,,,,,,,,,52,367
M1/2116B,08/04/2025 00:00:00,17:44:00,70,216,88,13,3,,,,,,,,,,,,,,,53,320
M1/2116B,08/04/2025 00:00:00,17:59:00,71,240,62,10,5,,,,,,,,,,,,,,,52,317
M1/2116B,08/04/2025 00:00:00,18:14:00,72,214,80,10,16,,,,,,,,,,,,,,,52,320
M1/2116B,08/04/2025 00:00:00,18:29:00,73,203,98,9,10,,,,,,,,,,,,,,,52,318
M1/2116B,08/04/2025 00:00:00,18:44:00,74,248,110,15,12,,,,,,,,,,,,,,,51,385
M1/2116B,08/04/2025 00:00:00,18:59:00,75,258,90,7,18,,,,,,,,,,,,,,,51,373
M1/2116B,08/04/2025 00:00:00,19:14:00,76,202,77,12,10,,,,,,,,,,,,,,,52,301
M1/2116B,08/04/2025 00:00:00,19:29:00,77,158,77,12,11,,,,,,,,,,,,,,,54,258
M1/2116B,08/04/2025 00:00:00,19:44:00,78,158,72,4,6,,,,,,,,,,,,,,,54,240
M1/2116B,08/04/2025 00:00:00,19:59:00,79,142,49,13,6,,,,,,,,,,,,,,,53,210
M1/2116B,08/04/2025 00:00:00,20:14:00,80,126,55,10,8,,,,,,,,,,,,,,,53,199
M1/2116B,08/04/2025 00:00:00,20:29:00,81,103,61,5,11,,,,,,,,,,,,,,,50,180
M1/2116B,08/04/2025 00:00:00,20:44:00,82,111,51,6,11,,,,,,,,,,,,,,,52,179
M1/2116B,08/04/2025 00:00:00,20:59:00,83,116,50,11,10,,,,,,,,,,,,,,,51,187
M1/2116B,08/04/2025 00:00:00,21:14:00,84,98,43,10,8,,,,,,,,,,,,,,,50,159
M1/2116B,08/04/2025 00:00:00,21:29:00,85,103,50,5,7,,,,,,,,,,,,,,,49,165
M1/2116B,08/04/2025 00:00:00,21:44:00,86,93,29,3,10,,,,,,,,,,,,,,,49,135
M1/2116B,08/04/2025 00:00:00,21:59:00,87,72,24,3,9,,,,,,,,,,,,,,,50,108
M1/2116B,08/04/2025 00:00:00,22:14:00,88,87,37,8,4,,,,,,,,,,,,,,,51,136
M1/2116B,08/04/2025 00:00:00,22:29:00,89,97,30,5,6,,,,,,,,,,,,,,,50,138
M1/2116B,08/04/2025 00:00:00,22:44:00,90,102,38,5,7,,,,,,,,,,,,,,,50,152
M1/2116B,08/04/2025 00:00:00,22:59:00,91,92,33,7,5,,,,,,,,,,,,,,,51,137
M1/2116B,08/04/2025 00:00:00,23:14:00,92,84,20,4,13,,,,,,,,,,,,,,,52,121
M1/2116B,08/04/2025 00:00:00,23:29:00,93,74,23,6,4,,,,,,,,,,,,,,,49,107
M1/2116B,08/04/2025 00:00:00,23:44:00,94,50,24,6,3,,,,,,,,,,,,,,,50,83
M1/2116B,08/04/2025 00:00:00,23:59:00,95,38,25,7,12,,,,,,,,,,,,,,,48,82
M1/2116B,09/04/2025 00:00:00,00:14:00,0,39,23,7,7,,,,,,,,,,,,,,,48,76
M1/2116B,09/04/2025 00:00:00,00:29:00,1,47,31,12,6,,,,,,,,,,,,,,,48,96
M1/2116B,09/04/2025 00:00:00,00:44:00,2,36,29,0,11,,,,,,,,,,,,,,,49,76
M1/2116B,09/04/2025 00:00:00,00:59:00,3,40,19,8,13,,,,,,,,,,,,,,,48,80
M1/2116B,09/04/2025 00:00:00,01:14:00,4,32,19,9,9,,,,,,,,,,,,,,,48,69
M1/2116B,09/04/2025 00:00:00,01:29:00,5,21,17,3,7,,,,,,,,,,,,,,,49,48
M1/2116B,09/04/2025 00:00:00,01:44:00,6,18,14,1,7,,,,,,,,,,,,,,,49,40
M1/2116B,09/04/2025 00:00:00,01:59:00,7,17,10,8,10,,,,,,,,,,,,,,,49,45
M1/2116B,09/04/2025 00:00:00,02:14:00,8,17,17,6,10,,,,,,,,,,,,,,,45,50
M1/2116B,09/04/2025 00:00:00,02:29:00,9,22,7,3,8,,,,,,,,,,,,,,,44,40
M1/2116B,09/04/2025 00:00:00,02:44:00,10,19,11,4,8,,,,,,,,,,,,,,,49,42
M1/2116B,09/04/2025 00:00:00,02:59:00,11,15,10,3,9,,,,,,,,,,,,,,,51,37
M1/2116B,09/04/2025 00:00:00,03:14:00,12,22,5,6,9,,,,,,,,,,,,,,,48,42
M1/2116B,09/04/2025 00:00:00,03:29:00,13,16,12,10,6,,,,,,,,,,,,,,,50,44
M1/2116B,09/04/2025 00:00:00,03:44:00,14,19,16,11,16,,,,,,,,,,,,,,,49,62
M1/2116B,09/04/2025 00:00:00,03:59:00,15,26,9,9,17,,,,,,,,,,,,,,,49,61
M1/2116B,09/04/2025 00:00:00,04:14:00,16,32,14,7,22,,,,,,,,,,,,,,,48,75
M1/2116B,09/04/2025 00:00:00,04:29:00,17,39,29,7,14,,,,,,,,,,,,,,,51,89
M1/2116B,09/04/2025 00:00:00,04:44:00,18,42,26,11,11,,,,,,,,,,,,,,,53,90
M1/2116B,09/04/2025 00:00:00,04:59:00,19,52,27,11,11,,,,,,,,,,,,,,,52,101
M1/2116B,09/04/2025 00:00:00,05:14:00,20,59,25,18,12,,,,,,,,,,,,,,,53,114
M1/2116B,09/04/2025 00:00:00,05:29:00,21,93,57,24,11,,,,,,,,,,,,,,,56,185
M1/2116B,09/04/2025 00:00:00,05:44:00,22,118,69,20,23,,,,,,,,,,,,,,,54,230
M1/2116B,09/04/2025 00:00:00,05:59:00,23,154,121,45,24,,,,,,,,,,,,,,,54,344
M1/2116B,09/04/2025 00:00:00,06:14:00,24,228,178,65,15,,,,,,,,,,,,,,,54,486
M1/2116B,09/04/2025 00:00:00,06:29:00,25,296,261,71,18,,,,,,,,,,,,,,,51,646
M1/2116B,09/04/2025 00:00:00,06:44:00,26,325,329,86,29,,,,,,,,,,,,,,,41,769
M1/2116B,09/04/2025 00:00:00,06:59:00,27,317,289,99,29,,,,,,,,,,,,,,,46,734
M1/2116B,09/04/2025 00:00:00,07:14:00,28,321,327,89,20,,,,,,,,,,,,,,,40,757
M1/2116B,09/04/2025 00:00:00,07:29:00,29,254,275,108,40,,,,,,,,,,,,,,,16,677
M1/2116B,09/04/2025 00:00:00,07:44:00,30,275,267,98,27,,,,,,,,,,,,,,,21,667
M1/2116B,09/04/2025 00:00:00,07:59:00,31,199,194,76,34,,,,,,,,,,,,,,,9,503
M1/2116B,09/04/2025 00:00:00,08:14:00,32,221,137,44,47,,,,,,,,,,,,,,,7,449
M1/2116B,09/04/2025 00:00:00,08:29:00,33,329,178,85,40,,,,,,,,,,,,,,,9,632
M1/2116B,09/04/2025 00:00:00,08:44:00,34,235,157,76,28,,,,,,,,,,,,,,,20,496
M1/2116B,09/04/2025 00:00:00,08:59:00,35,214,132,49,30,,,,,,,,,,,,,,,49,425
M1/2116B,09/04/2025 00:00:00,09:14:00,36,218,156,63,25,,,,,,,,,,,,,,,49,462
M1/2116B,09/04/2025 00:00:00,09:29:00,37,248,152,44,27,,,,,,,,,,,,,,,49,471
M1/2116B,09/04/2025 00:00:00,09:44:00,38,232,150,49,23,,,,,,,,,,,,,,,49,454
M1/2116B,09/04/2025 00:00:00,09:59:00,39,219,131,64,25,,,,,,,,,,,,,,,48,439
M1/2116B,09/04/2025 00:00:00,10:14:00,40,181,122,44,28,,,,,,,,,,,,,,,49,375
M1/2116B,09/04/2025 00:00:00,10:29:00,41,210,119,46,24,,,,,,,,,,,,,,,49,399
M1/2116B,09/04/2025 00:00:00,10:44:00,42,203,107,29,22,,,,,,,,,,,,,,,50,361
M1/2116B,09/04/2025 00:00:00,10:59:00,43,176,109,36,18,,,,,,,,,,,,,,,49,339
M1/2116B,09/04/2025 00:00:00,11:14:00,44,181,92,33,10,,,,,,,,,,,,,,,50,316
M1/2116B,09/04/2025 00:00:00,11:29:00,45,203,99,32,17,,,,,,,,,,,,,,,50,351
M1/2116B,09/04/2025 00:00:00,11:44:00,46,192,100,23,20,,,,,,,,,,,,,,,50,335
M1/2116B,09/04/2025 00:00:00,11:59:00,47,176,98,27,14,,,,,,,,,,,,,,,49,315
M1/2116B,09/04/2025 00:00:00,12:14:00,48,172,89,20,17,,,,,,,,,,,,,,,51,298
M1/2116B,09/04/2025 00:00:00,12:29:00,49,141,83,23,17,,,,,,,,,,,,,,,51,264
M1/2116B,09/04/2025 00:00:00,12:44:00,50,138,68,29,19,,,,,,,,,,,,,,,50,254
M1/2116B,09/04/2025 00:00:00,12:59:00,51,158,76,17,15,,,,,,,,,,,,,,,51,266
M1/2116B,09/04/2025 00:00:00,13:14:00,52,165,67,20,14,,,,,,,,,,,,,,,52,266
M1/2116B,09/04/2025 00:00:00,13:29:00,53,145,75,24,18,,,,,,,,,,,,,,,51,262
M1/2116B,09/04/2025 00:00:00,13:44:00,54,132,62,18,7,,,,,,,,,,,,,,,52,219
M1/2116B,09/04/2025 00:00:00,13:59:00,55,29,13,4,6,,,,,,,,,,,,,,,52,52
M1/2116B,09/04/2025 00:00:00,14:14:00,56,5,5,1,0,,,,,,,,,,,,,,,48,11
M1/2116B,09/04/2025 00:00:00,14:29:00,57,7,3,3,0,,,,,,,,,,,,,,,53,13
M1/2116B,09/04/2025 00:00:00,14:44:00,58,5,2,0,0,,,,,,,,,,,,,,,54,7
M1/2116B,09/04/2025 00:00:00,14:59:00,59,3,1,2,2,,,,,,,,,,,,,,,45,8
M1/2116B,09/04/2025 00:00:00,15:14:00,60,0,1,0,0,,,,,,,,,,,,,,,55,1
M1/2116B,09/04/2025 00:00:00,15:29:00,61,6,3,0,0,,,,,,,,,,,,,,,59,9
M1/2116B,09/04/2025 00:00:00,15:44:00,62,76,50,7,14,,,,,,,,,,,,,,,54,147
M1/2116B,09/04/2025 00:00:00,15:59:00,63,111,55,21,10,,,,,,,,,,,,,,,50,197
M1/2116B,09/04/2025 00:00:00,16:14:00,64,101,59,11,13,,,,,,,,,,,,,,,52,184
M1/2116B,09/04/2025 00:00:00,16:29:00,65,30,20,9,9,,,,,,,,,,,,,,,48,68
M1/2116B,09/04/2025 00:00:00,16:44:00,66,6,5,2,1,,,,,,,,,,,,,,,51,15
M1/2116B,09/04/2025 00:00:00,16:59:00,67,4,4,1,1,,,,,,,,,,,,,,,47,10
M1/2116B,09/04/2025 00:00:00,17:14:00,68,2,1,1,0,,,,,,,,,,,,,,,53,4
M1/2116B,09/04/2025 00:00:00,17:29:00,69,1,2,0,0,,,,,,,,,,,,,,,51,3
M1/2116B,09/04/2025 00:00:00,17:44:00,70,13,6,0,0,,,,,,,,,,,,,,,53,19
M1/2116B,09/04/2025 00:00:00,17:59:00,71,84,26,2,3,,,,,,,,,,,,,,,52,115
M1/2116B,09/04/2025 00:00:00,18:14:00,72,124,55,5,2,,,,,,,,,,,,,,,56,186
M1/2116B,09/04/2025 00:00:00,18:29:00,73,260,89,16,8,,,,,,,,,,,,,,,51,373
M1/2116B,09/04/2025 00:00:00,18:44:00,74,289,89,10,6,,,,,,,,,,,,,,,52,394
M1/2116B,09/04/2025 00:00:00,18:59:00,75,259,120,17,14,,,,,,,,,,,,,,,53,410
M1/2116B,09/04/2025 00:00:00,19:14:00,76,240,75,8,6,,,,,,,,,,,,,,,52,329
M1/2116B,09/04/2025 00:00:00,19:29:00,77,178,70,10,10,,,,,,,,,,,,,,,53,268
M1/2116B,09/04/2025 00:00:00,19:44:00,78,141,72,12,5,,,,,,,,,,,,,,,53,230
M1/2116B,09/04/2025 00:00:00,19:59:00,79,131,55,14,5,,,,,,,,,,,,,,,53,205
M1/2116B,09/04/2025 00:00:00,20:14:00,80,137,52,7,12,,,,,,,,,,,,,,,53,208
M1/2116B,09/04/2025 00:00:00,20:29:00,81,115,48,16,12,,,,,,,,,,,,,,,50,191
M1/2116B,09/04/2025 00:00:00,20:44:00,82,102,63,5,12,,,,,,,,,,,,,,,51,182
M1/2116B,09/04/2025 00:00:00,20:59:00,83,94,45,10,9,,,,,,,,,,,,,,,50,158
M1/2116B,09/04/2025 00:00:00,21:14:00,84,118,47,5,5,,,,,,,,,,,,,,,51,175
M1/2116B,09/04/2025 00:00:00,21:29:00,85,92,44,7,11,,,,,,,,,,,,,,,51,154
M1/2116B,09/04/2025 00:00:00,21:44:00,86,108,41,5,6,,,,,,,,,,,,,,,51,160
M1/2116B,09/04/2025 00:00:00,21:59:00,87,84,41,11,10,,,,,,,,,,,,,,,51,146
M1/2116B,09/04/2025 00:00:00,22:14:00,88,70,41,3,7,,,,,,,,,,,,,,,50,121
M1/2116B,09/04/2025 00:00:00,22:29:00,89,91,32,7,4,,,,,,,,,,,,,,,51,134
M1/2116B,09/04/2025 00:00:00,22:44:00,90,82,33,5,9,,,,,,,,,,,,,,,52,129
M1/2116B,09/04/2025 00:00:00,22:59:00,91,60,38,3,7,,,,,,,,,,,,,,,52,108
M1/2116B,09/04/2025 00:00:00,23:14:00,92,76,30,5,8,,,,,,,,,,,,,,,51,119
M1/2116B,09/04/2025 00:00:00,23:29:00,93,83,33,8,7,,,,,,,,,,,,,,,49,131
M1/2116B,09/04/2025 00:00:00,23:44:00,94,60,33,6,6,,,,,,,,,,,,,,,51,105
M1/2116B,09/04/2025 00:00:00,23:59:00,95,34,33,5,7,,,,,,,,,,,,,,,51,79
M1/2116B,10/04/2025 00:00:00,00:14:00,0,35,12,8,3,,,,,,,,,,,,,,,50,58
M1/2116B,10/04/2025 00:00:00,00:29:00,1,42,13,7,2,,,,,,,,,,,,,,,49,64
M1/2116B,10/04/2025 00:00:00,00:44:00,2,28,14,5,10,,,,,,,,,,,,,,,50,57
M1/2116B,10/04/2025 00:00:00,00:59:00,3,24,8,4,4,,,,,,,,,,,,,,,47,40
M1/2116B,10/04/2025 00:00:00,01:14:00,4,24,12,6,9,,,,,,,,,,,,,,,49,51
M1/2116B,10/04/2025 00:00:00,01:29:00,5,31,8,5,6,,,,,,,,,,,,,,,48,50
M1/2116B,10/04/2025 00:00:00,01:44:00,6,26,9,5,5,,,,,,,,,,,,,,,49,45
M1/2116B,10/04/2025 00:00:00,01:59:00,7,21,9,12,9,,,,,,,,,,,,,,,48,51
M1/2116B,10/04/2025 00:00:00,02:14:00,8,10,10,4,8,,,,,,,,,,,,,,,51,32
M1/2116B,10/04/2025 00:00:00,02:29:00,9,18,5,5,12,,,,,,,,,,,,,,,48,40
M1/2116B,10/04/2025 00:00:00,02:44:00,10,20,7,3,5,,,,,,,,,,,,,,,50,35
M1/2116B,10/04/2025 00:00:00,02:59:00,11,12,6,8,5,,,,,,,,,,,,,,,49,31
M1/2116B,10/04/2025 00:00:00,03:14:00,12,11,9,5,5,,,,,,,,,,,,,,,49,30
M1/2116B,10/04/2025 00:00:00,03:29:00,13,14,10,12,8,,,,,,,,,,,,,,,50,44
M1/2116B,10/04/2025 00:00:00,03:44:00,14,20,13,9,5,,,,,,,,,,,,,,,52,47
M1/2116B,10/04/2025 00:00:00,03:59:00,15,21,8,8,10,,,,,,,,,,,,,,,50,47
M1/2116B,10/04/2025 00:00:00,04:14:00,16,23,9,9,4,,,,,,,,,,,,,,,51,45
M1/2116B,10/04/2025 00:00:00,04:29:00,17,33,15,7,13,,,,,,,,,,,,,,,49,68
M1/2116B,10/04/2025 00:00:00,04:44:00,18,50,24,16,17,,,,,,,,,,,,,,,52,107
M1/2116B,10/04/2025 00:00:00,04:59:00,19,47,22,14,12,,,,,,,,,,,,,,,52,95
M1/2116B,10/04/2025 00:00:00,05:14:00,20,77,24,13,11,,,,,,,,,,,,,,,53,125
M1/2116B,10/04/2025 00:00:00,05:29:00,21,90,61,20,9,,,,,,,,,,,,,,,55,180
M1/2116B,10/04/2025 00:00:00,05:44:00,22,117,53,34,13,,,,,,,,,,,,,,,55,216
M1/2116B,10/04/2025 00:00:00,05:59:00,23,158,99,41,19,,,,,,,,,,,,,,,55,317
M1/2116B,10/04/2025 00:00:00,06:14:00,24,211,180,65,25,,,,,,,,,,,,,,,53,481
M1/2116B,10/04/2025 00:00:00,06:29:00,25,287,234,97,24,,,,,,,,,,,,,,,51,642
M1/2116B,10/04/2025 00:00:00,06:44:00,26,332,313,95,21,,,,,,,,,,,,,,,48,761
M1/2116B,10/04/2025 00:00:00,06:59:00,27,313,326,100,16,,,,,,,,,,,,,,,46,755
M1/2116B,10/04/2025 00:00:00,07:14:00,28,272,289,87,29,,,,,,,,,,,,,,,47,677
M1/2116B,10/04/2025 00:00:00,07:29:00,29,286,282,91,29,,,,,,,,,,,,,,,40,688
M1/2116B,10/04/2025 00:00:00,07:44:00,30,299,259,93,32,,,,,,,,,,,,,,,44,683
M1/2116B,10/04/2025 00:00:00,07:59:00,31,267,220,87,27,,,,,,,,,,,,,,,30,601
M1/2116B,10/04/2025 00:00:00,08:14:00,32,300,232,84,24,,,,,,,,,,,,,,,35,640
M1/2116B,10/04/2025 00:00:00,08:29:00,33,243,182,77,22,,,,,,,,,,,,,,,48,524
M1/2116B,10/04/2025 00:00:00,08:44:00,34,263,174,64,29,,,,,,,,,,,,,,,49,529
M1/2116B,10/04/2025 00:00:00,08:59:00,35,203,137,49,18,,,,,,,,,,,,,,,51,407
M1/2116B,10/04/2025 00:00:00,09:14:00,36,168,119,46,18,,,,,,,,,,,,,,,51,351
M1/2116B,10/04/2025 00:00:00,09:29:00,37,216,138,43,19,,,,,,,,,,,,,,,51,416
M1/2116B,10/04/2025 00:00:00,09:44:00,38,227,124,38,17,,,,,,,,,,,,,,,50,406
M1/2116B,10/04/2025 00:00:00,09:59:00,39,219,141,36,17,,,,,,,,,,,,,,,50,413
M1/2116B,10/04/2025 00:00:00,10:14:00,40,192,103,40,16,,,,,,,,,,,,,,,50,351
M1/2116B,10/04/2025 00:00:00,10:29:00,41,193,101,43,22,,,,,,,,,,,,,,,50,359
M1/2116B,10/04/2025 00:00:00,10:44:00,42,193,101,22,12,,,,,,,,,,,,,,,50,328
M1/2116B,10/04/2025 00:00:00,10:59:00,43,176,109,30,20,,,,,,,,,,,,,,,49,335
M1/2116B,10/04/2025 00:00:00,11:14:00,44,152,109,40,21,,,,,,,,,,,,,,,51,322
M1/2116B,10/04/2025 00:00:00,11:29:00,45,172,97,24,20,,,,,,,,,,,,,,,51,313
M1/2116B,10/04/2025 00:00:00,11:44:00,46,192,89,20,20,,,,,,,,,,,,,,,50,321
M1/2116B,10/04/2025 00:00:00,11:59:00,47,173,106,21,15,,,,,,,,,,,,,,,51,315
M1/2116B,10/04/2025 00:00:00,12:14:00,48,149,85,30,16,,,,,,,,,,,,,,,49,280
M1/2116B,10/04/2025 00:00:00,12:29:00,49,169,85,31,13,,,,,,,,,,,,,,,50,298
M1/2116B,10/04/2025 00:00:00,12:44:00,50,136,97,20,17,,,,,,,,,,,,,,,50,270
M1/2116B,10/04/2025 00:00:00,12:59:00,51,146,86,25,15,,,,,,,,,,,,,,,51,271
M1/2116B,10/04/2025 00:00:00,13:14:00,52,152,81,21,18,,,,,,,,,,,,,,,51,272
M1/2116B,10/04/2025 00:00:00,13:29:00,53,159,60,24,13,,,,,,,,,,,,,,,51,256
M1/2116B,10/04/2025 00:00:00,13:44:00,54,146,74,22,12,,,,,,,,,,,,,,,51,254
M1/2116B,10/04/2025 00:00:00,13:59:00,55,149,66,15,14,,,,,,,,,,,,,,,51,244
M1/2116B,10/04/2025 00:00:00,14:14:00,56,140,71,24,11,,,,,,,,,,,,,,,52,246
M1/2116B,10/04/2025 00:00:00,14:29:00,57,140,73,21,9,,,,,,,,,,,,,,,51,243
M1/2116B,10/04/2025 00:00:00,14:44:00,58,157,80,32,15,,,,,,,,,,,,,,,50,284
M1/2116B,10/04/2025 00:00:00,14:59:00,59,131,87,27,8,,,,,,,,,,,,,,,52,253
M1/2116B,10/04/2025 00:00:00,15:14:00,60,135,91,15,16,,,,,,,,,,,,,,,50,257
M1/2116B,10/04/2025 00:00:00,15:29:00,61,156,68,19,13,,,,,,,,,,,,,,,51,256
M1/2116B,10/04/2025 00:00:00,15:44:00,62,178,81,22,10,,,,,,,,,,,,,,,51,291
M1/2116B,10/04/2025 00:00:00,15:59:00,63,182,82,25,7,,,,,,,,,,,,,,,53,296
M1/2116B,10/04/2025 00:00:00,16:14:00,64,174,95,19,16,,,,,,,,,,,,,,,51,304
M1/2116B,10/04/2025 00:00:00,16:29:00,65,226,96,24,9,,,,,,,,,,,,,,,51,355
M1/2116B,10/04/2025 00:00:00,16:44:00,66,222,92,26,7,,,,,,,,,,,,,,,52,347
M1/2116B,10/04/2025 00:00:00,16:59:00,67,189,80,15,8,,,,,,,,,,,,,,,51,292
M1/2116B,10/04/2025 00:00:00,17:14:00,68,213,97,13,6,,,,,,,,,,,,,,,52,329
M1/2116B,10/04/2025 00:00:00,17:27:00,69,254,102,12,10,,,,,,,,,,,,,,,51,377
M1/2116B,10/04/2025 00:00:00,17:44:00,70,245,107,13,10,,,,,,,,,,,,,,,51,375
M1/2116B,10/04/2025 00:00:00,17:59:00,71,264,98,6,6,,,,,,,,,,,,,,,52,374
M1/2116B,10/04/2025 00:00:00,18:14:00,72,248,102,19,7,,,,,,,,,,,,,,,51,376
M1/2116B,10/04/2025 00:00:00,18:29:00,73,233,97,9,12,,,,,,,,,,,,,,,52,351
M1/2116B,10/04/2025 00:00:00,18:44:00,74,265,99,14,10,,,,,,,,,,,,,,,53,387
M1/2116B,10/04/2025 00:00:00,18:59:00,75,229,91,5,10,,,,,,,,,,,,,,,51,335
M1/2116B,10/04/2025 00:00:00,19:14:00,76,193,99,18,9,,,,,,,,,,,,,,,53,319
M1/2116B,10/04/2025 00:00:00,19:29:00,77,190,82,17,12,,,,,,,,,,,,,,,53,301
M1/2116B,10/04/2025 00:00:00,19:44:00,78,169,78,15,7,,,,,,,,,,,,,,,54,269
M1/2116B,10/04/2025 00:00:00,19:59:00,79,151,75,15,16,,,,,,,,,,,,,,,53,257
M1/2116B,10/04/2025 00:00:00,20:14:00,80,114,67,12,9,,,,,,,,,,,,,,,54,202
M1/2116B,10/04/2025 00:00:00,20:29:00,81,109,65,11,7,,,,,,,,,,,,,,,51,192
M1/2116B,10/04/2025 00:00:00,20:44:00,82,147,47,12,11,,,,,,,,,,,,,,,50,217
M1/2116B,10/04/2025 00:00:00,20:59:00,83,140,74,9,12,,,,,,,,,,,,,,,48,235
M1/2116B,10/04/2025 00:00:00,21:14:00,84,110,43,9,8,,,,,,,,,,,,,,,49,170
M1/2116B,10/04/2025 00:00:00,21:29:00,85,110,53,3,10,,,,,,,,,,,,,,,49,176
M1/2116B,10/04/2025 00:00:00,21:44:00,86,107,50,13,3,,,,,,,,,,,,,,,50,173
M1/2116B,10/04/2025 00:00:00,21:59:00,87,127,53,6,6,,,,,,,,,,,,,,,51,192
M1/2116B,10/04/2025 00:00:00,22:14:00,88,75,44,3,8,,,,,,,,,,,,,,,49,130
M1/2116B,10/04/2025 00:00:00,22:29:00,89,81,39,4,4,,,,,,,,,,,,,,,50,128
M1/2116B,10/04/2025 00:00:00,22:44:00,90,95,42,7,9,,,,,,,,,,,,,,,51,153
M1/2116B,10/04/2025 00:00:00,22:59:00,91,100,32,7,6,,,,,,,,,,,,,,,48,145
M1/2116B,10/04/2025 00:00:00,23:14:00,92,72,33,7,9,,,,,,,,,,,,,,,49,121
M1/2116B,10/04/2025 00:00:00,23:29:00,93,77,23,4,5,,,,,,,,,,,,,,,48,109
M1/2116B,10/04/2025 00:00:00,23:44:00,94,64,31,9,9,,,,,,,,,,,,,,,49,113
M1/2116B,10/04/2025 00:00:00,23:59:00,95,55,27,5,8,,,,,,,,,,,,,,,50,95
M1/2116B,11/04/2025 00:00:00,00:14:00,0,52,36,7,9,,,,,,,,,,,,,,,49,104
M1/2116B,11/04/2025 00:00:00,00:29:00,1,35,29,3,8,,,,,,,,,,,,,,,49,75
M1/2116B,11/04/2025 00:00:00,00:44:00,2,42,17,4,12,,,,,,,,,,,,,,,49,75
M1/2116B,11/04/2025 00:00:00,00:59:00,3,30,23,4,8,,,,,,,,,,,,,,,50,65
M1/2116B,11/04/2025 00:00:00,01:14:00,4,36,21,2,6,,,,,,,,,,,,,,,48,65
M1/2116B,11/04/2025 00:00:00,01:29:00,5,28,21,5,6,,,,,,,,,,,,,,,46,60
M1/2116B,11/04/2025 00:00:00,01:44:00,6,19,13,2,9,,,,,,,,,,,,,,,46,43
M1/2116B,11/04/2025 00:00:00,01:59:00,7,22,10,7,8,,,,,,,,,,,,,,,45,47
M1/2116B,11/04/2025 00:00:00,02:14:00,8,14,11,9,11,,,,,,,,,,,,,,,46,45
M1/2116B,11/04/2025 00:00:00,02:29:00,9,14,7,7,7,,,,,,,,,,,,,,,48,35
M1/2116B,11/04/2025 00:00:00,02:44:00,10,16,13,10,12,,,,,,,,,,,,,,,48,51
M1/2116B,11/04/2025 00:00:00,02:59:00,11,21,9,5,12,,,,,,,,,,,,,,,46,47
M1/2116B,11/04/2025 00:00:00,03:14:00,12,15,11,4,10,,,,,,,,,,,,,,,48,40
M1/2116B,11/04/2025 00:00:00,03:29:00,13,19,9,9,4,,,,,,,,,,,,,,,47,41
M1/2116B,11/04/2025 00:00:00,03:44:00,14,27,16,11,11,,,,,,,,,,,,,,,50,65
M1/2116B,11/04/2025 00:00:00,03:59:00,15,29,11,9,11,,,,,,,,,,,,,,,49,60
M1/2116B,11/04/2025 00:00:00,04:14:00,16,34,14,8,13,,,,,,,,,,,,,,,50,69
M1/2116B,11/04/2025 00:00:00,04:29:00,17,31,24,6,12,,,,,,,,,,,,,,,51,73
M1/2116B,11/04/2025 00:00:00,04:44:00,18,42,23,10,11,,,,,,,,,,,,,,,51,86
M1/2116B,11/04/2025 00:00:00,04:59:00,19,47,33,16,17,,,,,,,,,,,,,,,52,113
M1/2116B,11/04/2025 00:00:00,05:14:00,20,61,37,14,12,,,,,,,,,,,,,,,52,124
M1/2116B,11/04/2025 00:00:00,05:29:00,21,93,53,18,16,,,,,,,,,,,,,,,55,180
M1/2116B,11/04/2025 00:00:00,05:44:00,22,109,67,24,19,,,,,,,,,,,,,,,54,219
M1/2116B,11/04/2025 00:00:00,05:59:00,23,155,107,29,26,,,,,,,,,,,,,,,53,317
M1/2116B,11/04/2025 00:00:00,06:14:00,24,221,156,66,21,,,,,,,,,,,,,,,53,464
M1/2116B,11/04/2025 00:00:00,06:29:00,25,237,222,87,15,,,,,,,,,,,,,,,52,561
M1/2116B,11/04/2025 00:00:00,06:44:00,26,279,281,85,35,,,,,,,,,,,,,,,49,680
M1/2116B,11/04/2025 00:00:00,06:59:00,27,253,241,104,33,,,,,,,,,,,,,,,48,631
M1/2116B,11/04/2025 00:00:00,07:14:00,28,260,263,104,34,,,,,,,,,,,,,,,45,661
M1/2116B,11/04/2025 00:00:00,07:29:00,29,244,237,89,34,,,,,,,,,,,,,,,46,604
M1/2116B,11/04/2025 00:00:00,07:44:00,30,242,222,101,23,,,,,,,,,,,,,,,49,588
M1/2116B,11/04/2025 00:00:00,07:59:00,31,262,191,76,17,,,,,,,,,,,,,,,50,546
M1/2116B,11/04/2025 00:00:00,08:14:00,32,239,189,73,22,,,,,,,,,,,,,,,49,523
M1/2116B,11/04/2025 00:00:00,08:29:00,33,209,144,65,25,,,,,,,,,,,,,,,52,443
M1/2116B,11/04/2025 00:00:00,08:44:00,34,245,133,75,15,,,,,,,,,,,,,,,51,468
M1/2116B,11/04/2025 00:00:00,08:59:00,35,194,129,54,19,,,,,,,,,,,,,,,49,396
M1/2116B,11/04/2025 00:00:00,09:14:00,36,187,128,38,17,,,,,,,,,,,,,,,51,370
M1/2116B,11/04/2025 00:00:00,09:29:00,37,186,100,47,15,,,,,,,,,,,,,,,51,348
M1/2116B,11/04/2025 00:00:00,09:44:00,38,200,104,46,16,,,,,,,,,,,,,,,51,366
M1/2116B,11/04/2025 00:00:00,09:59:00,39,225,122,38,13,,,,,,,,,,,,,,,51,398
M1/2116B,11/04/2025 00:00:00,10:14:00,40,190,99,35,16,,,,,,,,,,,,,,,50,340
M1/2116B,11/04/2025 00:00:00,10:29:00,41,158,109,40,21,,,,,,,,,,,,,,,50,328
M1/2116B,11/04/2025 00:00:00,10:44:00,42,198,105,34,20,,,,,,,,,,,,,,,49,357
M1/2116B,11/04/2025 00:00:00,10:59:00,43,188,95,41,21,,,,,,,,,,,,,,,49,345
M1/2116B,11/04/2025 00:00:00,11:14:00,44,157,81,30,14,,,,,,,,,,,,,,,51,282
M1/2116B,11/04/2025 00:00:00,11:29:00,45,199,86,23,23,,,,,,,,,,,,,,,49,331
M1/2116B,11/04/2025 00:00:00,11:44:00,46,199,91,29,15,,,,,,,,,,,,,,,50,334
M1/2116B,11/04/2025 00:00:00,11:59:00,47,198,91,27,13,,,,,,,,,,,,,,,50,329
M1/2116B,11/04/2025 00:00:00,12:14:00,48,191,101,22,6,,,,,,,,,,,,,,,51,320
M1/2116B,11/04/2025 00:00:00,12:29:00,49,137,67,28,15,,,,,,,,,,,,,,,50,247
M1/2116B,11/04/2025 00:00:00,12:44:00,50,157,81,19,6,,,,,,,,,,,,,,,51,263
M1/2116B,11/04/2025 00:00:00,12:59:00,51,181,108,24,9,,,,,,,,,,,,,,,50,322
M1/2116B,11/04/2025 00:00:00,13:14:00,52,168,100,21,8,,,,,,,,,,,,,,,52,297
M1/2116B,11/04/2025 00:00:00,13:29:00,53,206,91,28,13,,,,,,,,,,,,,,,51,338
M1/2116B,11/04/2025 00:00:00,13:44:00,54,166,83,20,9,,,,,,,,,,,,,,,51,278
M1/2116B,11/04/2025 00:00:00,13:59:00,55,169,95,24,13,,,,,,,,,,,,,,,50,301
M1/2116B,11/04/2025 00:00:00,14:14:00,56,192,78,26,12,,,,,,,,,,,,,,,52,308
M1/2116B,11/04/2025 00:00:00,14:29:00,57,180,76,21,15,,,,,,,,,,,,,,,51,292
M1/2116B,11/04/2025 00:00:00,14:44:00,58,210,92,36,9,,,,,,,,,,,,,,,48,347
M1/2116B,11/04/2025 00:00:00,14:59:00,59,209,96,33,15,,,,,,,,,,,,,,,50,353
M1/2116B,11/04/2025 00:00:00,15:14:00,60,229,114,33,9,,,,,,,,,,,,,,,49,385
M1/2116B,11/04/2025 00:00:00,15:29:00,61,249,113,28,16,,,,,,,,,,,,,,,49,406
M1/2116B,11/04/2025 00:00:00,15:44:00,62,248,93,16,2,,,,,,,,,,,,,,,51,359
M1/2116B,11/04/2025 00:00:00,15:59:00,63,206,104,21,8,,,,,,,,,,,,,,,52,339
M1/2116B,11/04/2025 00:00:00,16:14:00,64,232,110,20,17,,,,,,,,,,,,,,,50,378
M1/2116B,11/04/2025 00:00:00,16:29:00,65,250,113,23,14,,,,,,,,,,,,,,,51,399
M1/2116B,11/04/2025 00:00:00,16:44:00,66,264,81,15,10,,,,,,,,,,,,,,,51,370
M1/2116B,11/04/2025 00:00:00,16:59:00,67,235,110,20,11,,,,,,,,,,,,,,,52,376
M1/2116B,11/04/2025 00:00:00,17:14:00,68,248,108,14,13,,,,,,,,,,,,,,,51,381
M1/2116B,11/04/2025 00:00:00,17:29:00,69,269,112,20,5,,,,,,,,,,,,,,,49,406
M1/2116B,11/04/2025 00:00:00,17:44:00,70,294,95,18,8,,,,,,,,,,,,,,,50,414
M1/2116B,11/04/2025 00:00:00,17:59:00,71,248,117,16,7,,,,,,,,,,,,,,,51,388
M1/2116B,11/04/2025 00:00:00,18:14:00,72,306,98,16,5,,,,,,,,,,,,,,,51,425
M1/2116B,11/04/2025 00:00:00,18:29:00,73,275,84,15,5,,,,,,,,,,,,,,,52,379
M1/2116B,11/04/2025 00:00:00,18:44:00,74,265,102,15,4,,,,,,,,,,,,,,,51,386
M1/2116B,11/04/2025 00:00:00,18:59:00,75,250,104,13,12,,,,,,,,,,,,,,,51,378
M1/2116B,11/04/2025 00:00:00,19:14:00,76,265,121,12,22,,,,,,,,,,,,,,,50,420
M1/2116B,11/04/2025 00:00:00,19:29:00,77,253,114,17,8,,,,,,,,,,,,,,,51,392
M1/2116B,11/04/2025 00:00:00,19:44:00,78,202,88,11,8,,,,,,,,,,,,,,,53,309
M1/2116B,11/04/2025 00:00:00,19:59:00,79,221,60,8,8,,,,,,,,,,,,,,,52,297
M1/2116B,11/04/2025 00:00:00,20:14:00,80,142,61,6,10,,,,,,,,,,,,,,,53,219
M1/2116B,11/04/2025 00:00:00,20:29:00,81,155,58,8,10,,,,,,,,,,,,,,,51,231
M1/2116B,11/04/2025 00:00:00,20:44:00,82,155,65,9,6,,,,,,,,,,,,,,,49,235
M1/2116B,11/04/2025 00:00:00,20:59:00,83,140,99,9,9,,,,,,,,,,,,,,,51,257
M1/2116B,11/04/2025 00:00:00,21:14:00,84,154,54,11,11,,,,,,,,,,,,,,,48,230
M1/2116B,11/04/2025 00:00:00,21:29:00,85,131,56,4,16,,,,,,,,,,,,,,,49,207
M1/2116B,11/04/2025 00:00:00,21:44:00,86,132,48,6,3,,,,,,,,,,,,,,,50,189
M1/2116B,11/04/2025 00:00:00,21:59:00,87,115,42,5,10,,,,,,,,,,,,,,,49,172
M1/2116B,11/04/2025 00:00:00,22:14:00,88,111,36,6,6,,,,,,,,,,,,,,,47,159
M1/2116B,11/04/2025 00:00:00,22:29:00,89,87,50,4,8,,,,,,,,,,,,,,,51,149
M1/2116B,11/04/2025 00:00:00,22:44:00,90,86,49,1,4,,,,,,,,,,,,,,,51,140
M1/2116B,11/04/2025 00:00:00,22:59:00,91,111,41,7,10,,,,,,,,,,,,,,,51,169
M1/2116B,11/04/2025 00:00:00,23:14:00,92,67,37,1,7,,,,,,,,,,,,,,,51,112
M1/2116B,11/04/2025 00:00:00,23:29:00,93,86,40,7,5,,,,,,,,,,,,,,,51,138
M1/2116B,11/04/2025 00:00:00,23:44:00,94,68,29,5,6,,,,,,,,,,,,,,,51,108
M1/2116B,11/04/2025 00:00:00,23:59:00,95,65,29,8,10,,,,,,,,,,,,,,,49,112
M1/2116B,12/04/2025 00:00:00,00:14:00,0,46,17,4,4,,,,,,,,,,,,,,,50,71
M1/2116B,12/04/2025 00:00:00,00:29:00,1,55,23,4,2,,,,,,,,,,,,,,,50,84
M1/2116B,12/04/2025 00:00:00,00:44:00,2,45,26,2,2,,,,,,,,,,,,,,,49,75
M1/2116B,12/04/2025 00:00:00,00:59:00,3,40,24,2,5,,,,,,,,,,,,,,,50,71
M1/2116B,12/04/2025 00:00:00,01:14:00,4,32,18,1,6,,,,,,,,,,,,,,,51,57
M1/2116B,12/04/2025 00:00:00,01:29:00,5,32,19,4,7,,,,,,,,,,,,,,,49,62
M1/2116B,12/04/2025 00:00:00,01:44:00,6,28,17,4,3,,,,,,,,,,,,,,,46,52
M1/2116B,12/04/2025 00:00:00,01:59:00,7,28,15,5,2,,,,,,,,,,,,,,,46,50
M1/2116B,12/04/2025 00:00:00,02:14:00,8,25,11,5,7,,,,,,,,,,,,,,,51,48
M1/2116B,12/04/2025 00:00:00,02:29:00,9,22,9,6,6,,,,,,,,,,,,,,,48,43
M1/2116B,12/04/2025 00:00:00,02:44:00,10,20,12,3,7,,,,,,,,,,,,,,,49,42
M1/2116B,12/04/2025 00:00:00,02:59:00,11,24,12,3,5,,,,,,,,,,,,,,,49,44
M1/2116B,12/04/2025 00:00:00,03:14:00,12,32,11,1,9,,,,,,,,,,,,,,,49,53
M1/2116B,12/04/2025 00:00:00,03:29:00,13,30,11,2,6,,,,,,,,,,,,,,,49,49
M1/2116B,12/04/2025 00:00:00,03:44:00,14,19,14,7,9,,,,,,,,,,,,,,,49,49
M1/2116B,12/04/2025 00:00:00,03:59:00,15,20,12,3,6,,,,,,,,,,,,,,,50,42
M1/2116B,12/04/2025 00:00:00,04:14:00,16,28,7,5,5,,,,,,,,,,,,,,,51,45
M1/2116B,12/04/2025 00:00:00,04:29:00,17,32,9,3,8,,,,,,,,,,,,,,,49,52
M1/2116B,12/04/2025 00:00:00,04:44:00,18,29,18,5,3,,,,,,,,,,,,,,,51,56
M1/2116B,12/04/2025 00:00:00,04:59:00,19,41,18,4,4,,,,,,,,,,,,,,,52,67
M1/2116B,12/04/2025 00:00:00,05:14:00,20,41,19,6,10,,,,,,,,,,,,,,,49,76
M1/2116B,12/04/2025 00:00:00,05:29:00,21,72,33,10,5,,,,,,,,,,,,,,,54,120
M1/2116B,12/04/2025 00:00:00,05:44:00,22,54,40,11,16,,,,,,,,,,,,,,,54,120
M1/2116B,12/04/2025 00:00:00,05:59:00,23,64,38,16,17,,,,,,,,,,,,,,,53,135
M1/2116B,12/04/2025 00:00:00,06:13:00,24,74,39,15,13,,,,,,,,,,,,,,,55,140
M1/2116B,12/04/2025 00:00:00,06:29:00,25,107,73,24,15,,,,,,,,,,,,,,,56,219
M1/2116B,12/04/2025 00:00:00,06:44:00,26,120,76,26,14,,,,,,,,,,,,,,,55,236
M1/2116B,12/04/2025 00:00:00,06:59:00,27,104,76,28,13,,,,,,,,,,,,,,,55,221
M1/2116B,12/04/2025 00:00:00,07:14:00,28,129,85,33,11,,,,,,,,,,,,,,,54,258
M1/2116B,12/04/2025 00:00:00,07:29:00,29,132,106,35,8,,,,,,,,,,,,,,,53,281
M1/2116B,12/04/2025 00:00:00,07:44:00,30,146,81,28,13,,,,,,,,,,,,,,,55,268
M1/2116B,12/04/2025 00:00:00,07:59:00,31,116,67,26,9,,,,,,,,,,,,,,,53,218
M1/2116B,12/04/2025 00:00:00,08:14:00,32,126,75,29,7,,,,,,,,,,,,,,,53,237
M1/2116B,12/04/2025 00:00:00,08:29:00,33,157,90,21,12,,,,,,,,,,,,,,,53,280
M1/2116B,12/04/2025 00:00:00,08:44:00,34,158,94,13,9,,,,,,,,,,,,,,,53,273
M1/2116B,12/04/2025 00:00:00,08:59:00,35,169,86,23,11,,,,,,,,,,,,,,,52,289
M1/2116B,12/04/2025 00:00:00,09:14:00,36,191,85,17,9,,,,,,,,,,,,,,,53,302
M1/2116B,12/04/2025 00:00:00,09:29:00,37,216,91,16,11,,,,,,,,,,,,,,,52,334
M1/2116B,12/04/2025 00:00:00,09:44:00,38,200,103,19,4,,,,,,,,,,,,,,,52,327
M1/2116B,12/04/2025 00:00:00,09:59:00,39,217,90,8,9,,,,,,,,,,,,,,,52,324
M1/2116B,12/04/2025 00:00:00,10:14:00,40,224,96,15,9,,,,,,,,,,,,,,,50,344
M1/2116B,12/04/2025 00:00:00,10:29:00,41,179,80,12,9,,,,,,,,,,,,,,,52,280
M1/2116B,12/04/2025 00:00:00,10:44:00,42,311,132,13,11,,,,,,,,,,,,,,,48,467
M1/2116B,12/04/2025 00:00:00,10:59:00,43,274,108,10,12,,,,,,,,,,,,,,,49,404
M1/2116B,12/04/2025 00:00:00,11:14:00,44,290,118,8,8,,,,,,,,,,,,,,,50,423
M1/2116B,12/04/2025 00:00:00,11:29:00,45,315,129,15,5,,,,,,,,,,,,,,,50,464
M1/2116B,12/04/2025 00:00:00,11:44:00,46,300,119,13,8,,,,,,,,,,,,,,,50,440
M1/2116B,12/04/2025 00:00:00,11:59:00,47,339,143,18,9,,,,,,,,,,,,,,,49,508
M1/2116B,12/04/2025 00:00:00,12:14:00,48,253,178,18,31,,,,,,,,,,,,,,,16,480
M1/2116B,12/04/2025 00:00:00,12:29:00,49,304,130,4,11,,,,,,,,,,,,,,,43,449
M1/2116B,12/04/2025 00:00:00,12:44:00,50,292,134,10,9,,,,,,,,,,,,,,,49,445
M1/2116B,12/04/2025 00:00:00,12:59:00,51,271,113,16,12,,,,,,,,,,,,,,,49,412
M1/2116B,12/04/2025 00:00:00,13:14:00,52,286,99,12,4,,,,,,,,,,,,,,,50,401
M1/2116B,12/04/2025 00:00:00,13:29:00,53,290,120,6,8,,,,,,,,,,,,,,,51,424
M1/2116B,12/04/2025 00:00:00,13:44:00,54,275,114,6,5,,,,,,,,,,,,,,,50,400
M1/2116B,12/04/2025 00:00:00,13:59:00,55,275,111,12,8,,,,,,,,,,,,,,,51,406
M1/2116B,12/04/2025 00:00:00,14:14:00,56,235,103,4,7,,,,,,,,,,,,,,,52,349
M1/2116B,12/04/2025 00:00:00,14:29:00,57,281,105,7,11,,,,,,,,,,,,,,,51,404
M1/2116B,12/04/2025 00:00:00,14:43:00,58,275,107,14,3,,,,,,,,,,,,,,,51,399
M1/2116B,12/04/2025 00:00:00,14:59:00,59,251,121,9,9,,,,,,,,,,,,,,,51,389
M1/2116B,12/04/2025 00:00:00,15:14:00,60,250,107,5,10,,,,,,,,,,,,,,,49,372
M1/2116B,12/04/2025 00:00:00,15:29:00,61,230,112,11,8,,,,,,,,,,,,,,,51,361
M1/2116B,12/04/2025 00:00:00,15:44:00,62,217,94,15,4,,,,,,,,,,,,,,,51,330
M1/2116B,12/04/2025 00:00:00,15:59:00,63,223,88,10,11,,,,,,,,,,,,,,,51,331
M1/2116B,12/04/2025 00:00:00,16:14:00,64,240,91,9,6,,,,,,,,,,,,,,,52,346
M1/2116B,12/04/2025 00:00:00,16:29:00,65,215,80,13,9,,,,,,,,,,,,,,,51,317
M1/2116B,12/04/2025 00:00:00,16:44:00,66,262,87,9,8,,,,,,,,,,,,,,,50,366
M1/2116B,12/04/2025 00:00:00,16:59:00,67,271,99,11,6,,,,,,,,,,,,,,,51,387
M1/2116B,12/04/2025 00:00:00,17:14:00,68,240,103,8,3,,,,,,,,,,,,,,,50,354
M1/2116B,12/04/2025 00:00:00,17:29:00,69,280,104,8,10,,,,,,,,,,,,,,,50,402
M1/2116B,12/04/2025 00:00:00,17:44:00,70,305,109,10,5,,,,,,,,,,,,,,,50,430
M1/2116B,12/04/2025 00:00:00,17:59:00,71,285,111,11,10,,,,,,,,,,,,,,,48,417
M1/2116B,12/04/2025 00:00:00,18:14:00,72,261,94,6,8,,,,,,,,,,,,,,,50,369
M1/2116B,12/04/2025 00:00:00,18:29:00,73,269,113,4,13,,,,,,,,,,,,,,,50,399
M1/2116B,12/04/2025 00:00:00,18:44:00,74,265,79,4,9,,,,,,,,,,,,,,,51,357
M1/2116B,12/04/2025 00:00:00,18:59:00,75,252,70,3,5,,,,,,,,,,,,,,,51,330
M1/2116B,12/04/2025 00:00:00,19:14:00,76,218,89,10,6,,,,,,,,,,,,,,,51,323
M1/2116B,12/04/2025 00:00:00,19:29:00,77,202,72,4,12,,,,,,,,,,,,,,,51,290
M1/2116B,12/04/2025 00:00:00,19:44:00,78,193,67,9,3,,,,,,,,,,,,,,,51,272
M1/2116B,12/04/2025 00:00:00,19:59:00,79,179,81,10,11,,,,,,,,,,,,,,,50,281
M1/2116B,12/04/2025 00:00:00,20:13:00,80,170,74,6,8,,,,,,,,,,,,,,,52,258
M1/2116B,12/04/2025 00:00:00,20:29:00,81,151,46,9,8,,,,,,,,,,,,,,,50,215
M1/2116B,12/04/2025 00:00:00,20:44:00,82,140,73,4,6,,,,,,,,,,,,,,,48,224
M1/2116B,12/04/2025 00:00:00,20:59:00,83,166,70,9,4,,,,,,,,,,,,,,,49,249
M1/2116B,12/04/2025 00:00:00,21:14:00,84,151,42,7,13,,,,,,,,,,,,,,,48,213
M1/2116B,12/04/2025 00:00:00,21:29:00,85,154,63,7,7,,,,,,,,,,,,,,,49,231
M1/2116B,12/04/2025 00:00:00,21:44:00,86,128,46,3,4,,,,,,,,,,,,,,,50,181
M1/2116B,12/04/2025 00:00:00,21:59:00,87,115,57,4,3,,,,,,,,,,,,,,,50,179
M1/2116B,12/04/2025 00:00:00,22:14:00,88,114,48,6,7,,,,,,,,,,,,,,,50,175
M1/2116B,12/04/2025 00:00:00,22:29:00,89,129,58,7,3,,,,,,,,,,,,,,,51,197
M1/2116B,12/04/2025 00:00:00,22:44:00,90,103,34,3,6,,,,,,,,,,,,,,,51,146
M1/2116B,12/04/2025 00:00:00,22:59:00,91,118,41,4,5,,,,,,,,,,,,,,,50,168
M1/2116B,12/04/2025 00:00:00,23:14:00,92,75,29,1,5,,,,,,,,,,,,,,,51,110
M1/2116B,12/04/2025 00:00:00,23:29:00,93,110,42,3,3,,,,,,,,,,,,,,,49,158
M1/2116B,12/04/2025 00:00:00,23:44:00,94,71,24,1,3,,,,,,,,,,,,,,,52,99
M1/2116B,12/04/2025 00:00:00,23:59:00,95,74,37,2,0,,,,,,,,,,,,,,,50,113
M1/2116B,13/04/2025 00:00:00,00:14:00,0,77,23,7,3,,,,,,,,,,,,,,,50,110
M1/2116B,13/04/2025 00:00:00,00:29:00,1,66,23,1,7,,,,,,,,,,,,,,,49,97
M1/2116B,13/04/2025 00:00:00,00:44:00,2,56,28,2,7,,,,,,,,,,,,,,,49,93
M1/2116B,13/04/2025 00:00:00,00:59:00,3,86,39,5,3,,,,,,,,,,,,,,,49,133
M1/2116B,13/04/2025 00:00:00,01:14:00,4,58,28,6,5,,,,,,,,,,,,,,,48,97
M1/2116B,13/04/2025 00:00:00,01:29:00,5,59,31,5,2,,,,,,,,,,,,,,,48,97
M1/2116B,13/04/2025 00:00:00,01:44:00,6,34,19,1,1,,,,,,,,,,,,,,,51,55
M1/2116B,13/04/2025 00:00:00,01:59:00,7,40,13,3,4,,,,,,,,,,,,,,,49,60
M1/2116B,13/04/2025 00:00:00,02:14:00,8,31,15,2,4,,,,,,,,,,,,,,,48,52
M1/2116B,13/04/2025 00:00:00,02:29:00,9,26,26,1,3,,,,,,,,,,,,,,,47,56
M1/2116B,13/04/2025 00:00:00,02:44:00,10,25,10,3,4,,,,,,,,,,,,,,,49,42
M1/2116B,13/04/2025 00:00:00,02:59:00,11,26,11,2,6,,,,,,,,,,,,,,,48,45
M1/2116B,13/04/2025 00:00:00,03:14:00,12,33,14,1,6,,,,,,,,,,,,,,,48,54
M1/2116B,13/04/2025 00:00:00,03:29:00,13,21,16,4,6,,,,,,,,,,,,,,,48,47
M1/2116B,13/04/2025 00:00:00,03:44:00,14,29,8,0,5,,,,,,,,,,,,,,,48,42
M1/2116B,13/04/2025 00:00:00,03:59:00,15,24,18,1,0,,,,,,,,,,,,,,,49,43
M1/2116B,13/04/2025 00:00:00,04:14:00,16,20,12,0,7,,,,,,,,,,,,,,,48,39
M1/2116B,13/04/2025 00:00:00,04:29:00,17,24,13,2,6,,,,,,,,,,,,,,,49,45
M1/2116B,13/04/2025 00:00:00,04:44:00,18,34,16,2,8,,,,,,,,,,,,,,,50,60
M1/2116B,13/04/2025 00:00:00,04:59:00,19,35,16,8,7,,,,,,,,,,,,,,,50,66
M1/2116B,13/04/2025 00:00:00,05:14:00,20,31,12,2,7,,,,,,,,,,,,,,,51,52
M1/2116B,13/04/2025 00:00:00,05:29:00,21,54,24,3,7,,,,,,,,,,,,,,,52,88
M1/2116B,13/04/2025 00:00:00,05:44:00,22,61,27,6,9,,,,,,,,,,,,,,,53,103
M1/2116B,13/04/2025 00:00:00,05:59:00,23,61,25,9,4,,,,,,,,,,,,,,,54,99
M1/2116B,13/04/2025 00:00:00,06:14:00,24,77,44,8,14,,,,,,,,,,,,,,,55,143
M1/2116B,13/04/2025 00:00:00,06:29:00,25,75,39,11,5,,,,,,,,,,,,,,,56,130
M1/2116B,13/04/2025 00:00:00,06:44:00,26,62,38,17,7,,,,,,,,,,,,,,,54,124
M1/2116B,13/04/2025 00:00:00,06:59:00,27,93,35,15,6,,,,,,,,,,,,,,,56,149
M1/2116B,13/04/2025 00:00:00,07:14:00,28,79,32,12,10,,,,,,,,,,,,,,,53,133
M1/2116B,13/04/2025 00:00:00,07:29:00,29,102,44,8,11,,,,,,,,,,,,,,,53,165
M1/2116B,13/04/2025 00:00:00,07:44:00,30,84,50,12,6,,,,,,,,,,,,,,,55,152
M1/2116B,13/04/2025 00:00:00,07:59:00,31,90,41,13,3,,,,,,,,,,,,,,,54,147
M1/2116B,13/04/2025 00:00:00,08:14:00,32,93,50,13,6,,,,,,,,,,,,,,,53,162
M1/2116B,13/04/2025 00:00:00,08:29:00,33,114,56,7,3,,,,,,,,,,,,,,,54,180
M1/2116B,13/04/2025 00:00:00,08:44:00,34,155,85,12,11,,,,,,,,,,,,,,,54,263
M1/2116B,13/04/2025 00:00:00,08:59:00,35,150,71,11,9,,,,,,,,,,,,,,,53,241
M1/2116B,13/04/2025 00:00:00,09:14:00,36,169,75,5,14,,,,,,,,,,,,,,,52,263
M1/2116B,13/04/2025 00:00:00,09:29:00,37,217,66,9,5,,,,,,,,,,,,,,,52,297
M1/2116B,13/04/2025 00:00:00,09:44:00,38,221,90,7,6,,,,,,,,,,,,,,,52,324
M1/2116B,13/04/2025 00:00:00,09:59:00,39,242,101,6,9,,,,,,,,,,,,,,,51,358
M1/2116B,13/04/2025 00:00:00,10:14:00,40,229,95,11,8,,,,,,,,,,,,,,,51,343
M1/2116B,13/04/2025 00:00:00,10:29:00,41,268,103,5,12,,,,,,,,,,,,,,,51,388
M1/2116B,13/04/2025 00:00:00,10:44:00,42,281,109,8,7,,,,,,,,,,,,,,,51,405
M1/2116B,13/04/2025 00:00:00,10:59:00,43,301,117,7,7,,,,,,,,,,,,,,,51,432
M1/2116B,13/04/2025 00:00:00,11:14:00,44,286,107,10,6,,,,,,,,,,,,,,,50,409
M1/2116B,13/04/2025 00:00:00,11:29:00,45,315,148,12,12,,,,,,,,,,,,,,,48,487
M1/2116B,13/04/2025 00:00:00,11:44:00,46,339,140,11,7,,,,,,,,,,,,,,,47,497
M1/2116B,13/04/2025 00:00:00,11:59:00,47,297,190,13,10,,,,,,,,,,,,,,,23,510
M1/2116B,13/04/2025 00:00:00,12:14:00,48,302,145,7,13,,,,,,,,,,,,,,,40,467
M1/2116B,13/04/2025 00:00:00,12:29:00,49,316,134,9,11,,,,,,,,,,,,,,,47,470
M1/2116B,13/04/2025 00:00:00,12:44:00,50,295,119,11,9,,,,,,,,,,,,,,,48,434
M1/2116B,13/04/2025 00:00:00,12:59:00,51,300,108,10,11,,,,,,,,,,,,,,,49,429
M1/2116B,13/04/2025 00:00:00,13:14:00,52,274,93,12,8,,,,,,,,,,,,,,,49,387
M1/2116B,13/04/2025 00:00:00,13:29:00,53,293,90,5,7,,,,,,,,,,,,,,,50,395
M1/2116B,13/04/2025 00:00:00,13:44:00,54,267,116,5,9,,,,,,,,,,,,,,,50,396
M1/2116B,13/04/2025 00:00:00,13:59:00,55,259,110,4,5,,,,,,,,,,,,,,,51,378
M1/2116B,13/04/2025 00:00:00,14:14:00,56,235,104,5,5,,,,,,,,,,,,,,,51,349
M1/2116B,13/04/2025 00:00:00,14:29:00,57,230,93,9,12,,,,,,,,,,,,,,,48,344
M1/2116B,13/04/2025 00:00:00,14:44:00,58,260,103,9,4,,,,,,,,,,,,,,,47,376
M1/2116B,13/04/2025 00:00:00,14:59:00,59,236,101,6,6,,,,,,,,,,,,,,,48,349
M1/2116B,13/04/2025 00:00:00,15:14:00,60,241,87,8,8,,,,,,,,,,,,,,,47,344
M1/2116B,13/04/2025 00:00:00,15:29:00,61,248,95,3,7,,,,,,,,,,,,,,,48,353
M1/2116B,13/04/2025 00:00:00,15:44:00,62,229,99,5,2,,,,,,,,,,,,,,,49,335
M1/2116B,13/04/2025 00:00:00,15:59:00,63,230,94,6,9,,,,,,,,,,,,,,,50,339
M1/2116B,13/04/2025 00:00:00,16:14:00,64,239,107,6,6,,,,,,,,,,,,,,,48,358
M1/2116B,13/04/2025 00:00:00,16:29:00,65,242,86,8,9,,,,,,,,,,,,,,,49,345
M1/2116B,13/04/2025 00:00:00,16:44:00,66,201,107,10,7,,,,,,,,,,,,,,,50,325
M1/2116B,13/04/2025 00:00:00,16:59:00,67,248,59,8,8,,,,,,,,,,,,,,,51,321
M1/2116B,13/04/2025 00:00:00,17:14:00,68,259,118,8,3,,,,,,,,,,,,,,,50,388
M1/2116B,13/04/2025 00:00:00,17:29:00,69,243,105,14,5,,,,,,,,,,,,,,,50,367
M1/2116B,13/04/2025 00:00:00,17:44:00,70,295,113,9,5,,,,,,,,,,,,,,,51,422
M1/2116B,13/04/2025 00:00:00,17:59:00,71,242,103,5,8,,,,,,,,,,,,,,,50,358
M1/2116B,13/04/2025 00:00:00,18:14:00,72,225,95,9,7,,,,,,,,,,,,,,,51,336
M1/2116B,13/04/2025 00:00:00,18:29:00,73,241,81,4,10,,,,,,,,,,,,,,,51,336
M1/2116B,13/04/2025 00:00:00,18:44:00,74,189,78,9,8,,,,,,,,,,,,,,,51,284
M1/2116B,13/04/2025 00:00:00,18:59:00,75,224,76,4,14,,,,,,,,,,,,,,,49,318
M1/2116B,13/04/2025 00:00:00,19:14:00,76,193,68,5,10,,,,,,,,,,,,,,,52,276
M1/2116B,13/04/2025 00:00:00,19:29:00,77,191,82,10,5,,,,,,,,,,,,,,,50,288
M1/2116B,13/04/2025 00:00:00,19:44:00,78,201,64,7,6,,,,,,,,,,,,,,,52,278
M1/2116B,13/04/2025 00:00:00,19:59:00,79,157,80,5,4,,,,,,,,,,,,,,,52,246
M1/2116B,13/04/2025 00:00:00,20:14:00,80,161,77,9,5,,,,,,,,,,,,,,,52,252
M1/2116B,13/04/2025 00:00:00,20:29:00,81,191,73,11,10,,,,,,,,,,,,,,,51,285
M1/2116B,13/04/2025 00:00:00,20:44:00,82,172,75,5,11,,,,,,,,,,,,,,,49,263
M1/2116B,13/04/2025 00:00:00,20:59:00,83,153,68,6,5,,,,,,,,,,,,,,,50,232
M1/2116B,13/04/2025 00:00:00,21:14:00,84,140,61,5,8,,,,,,,,,,,,,,,48,214
M1/2116B,13/04/2025 00:00:00,21:29:00,85,135,56,4,9,,,,,,,,,,,,,,,49,204
M1/2116B,13/04/2025 00:00:00,21:44:00,86,139,53,5,7,,,,,,,,,,,,,,,48,204
M1/2116B,13/04/2025 00:00:00,21:59:00,87,139,71,6,4,,,,,,,,,,,,,,,50,220
M1/2116B,13/04/2025 00:00:00,22:14:00,88,117,63,4,6,,,,,,,,,,,,,,,49,190
M1/2116B,13/04/2025 00:00:00,22:29:00,89,112,44,2,7,,,,,,,,,,,,,,,50,165
M1/2116B,13/04/2025 00:00:00,22:44:00,90,81,34,4,10,,,,,,,,,,,,,,,52,130
M1/2116B,13/04/2025 00:00:00,22:59:00,91,83,31,4,6,,,,,,,,,,,,,,,51,124
M1/2116B,13/04/2025 00:00:00,23:14:00,92,84,35,3,2,,,,,,,,,,,,,,,50,124
M1/2116B,13/04/2025 00:00:00,23:29:00,93,88,45,2,9,,,,,,,,,,,,,,,50,144
M1/2116B,13/04/2025 00:00:00,23:44:00,94,78,34,1,2,,,,,,,,,,,,,,,48,115
M1/2116B,13/04/2025 00:00:00,23:59:00,95,70,29,2,8,,,,,,,,,,,,,,,49,109
M1/2116B,14/04/2025 00:00:00,00:14:00,0,46,20,8,4,,,,,,,,,,,,,,,49,78
M1/2116B,14/04/2025 00:00:00,00:29:00,1,56,29,3,0,,,,,,,,,,,,,,,52,88
M1/2116B,14/04/2025 00:00:00,00:44:00,2,49,23,3,8,,,,,,,,,,,,,,,48,83
M1/2116B,14/04/2025 00:00:00,00:59:00,3,37,23,3,6,,,,,,,,,,,,,,,48,69
M1/2116B,14/04/2025 00:00:00,01:14:00,4,33,13,2,4,,,,,,,,,,,,,,,48,52
M1/2116B,14/04/2025 00:00:00,01:29:00,5,32,14,5,7,,,,,,,,,,,,,,,49,58
M1/2116B,14/04/2025 00:00:00,01:44:00,6,28,18,3,6,,,,,,,,,,,,,,,48,55
M1/2116B,14/04/2025 00:00:00,01:59:00,7,15,12,4,3,,,,,,,,,,,,,,,49,34
M1/2116B,14/04/2025 00:00:00,02:14:00,8,21,8,2,4,,,,,,,,,,,,,,,49,35
M1/2116B,14/04/2025 00:00:00,02:29:00,9,27,10,2,7,,,,,,,,,,,,,,,51,46
M1/2116B,14/04/2025 00:00:00,02:44:00,10,20,8,5,9,,,,,,,,,,,,,,,52,42
M1/2116B,14/04/2025 00:00:00,02:59:00,11,14,10,3,4,,,,,,,,,,,,,,,46,31
M1/2116B,14/04/2025 00:00:00,03:14:00,12,22,5,2,11,,,,,,,,,,,,,,,49,40
M1/2116B,14/04/2025 00:00:00,03:29:00,13,22,11,8,6,,,,,,,,,,,,,,,50,47
M1/2116B,14/04/2025 00:00:00,03:44:00,14,24,11,7,5,,,,,,,,,,,,,,,50,47
M1/2116B,14/04/2025 00:00:00,03:59:00,15,16,15,10,13,,,,,,,,,,,,,,,49,54
M1/2116B,14/04/2025 00:00:00,04:14:00,16,30,5,11,10,,,,,,,,,,,,,,,49,56
M1/2116B,14/04/2025 00:00:00,04:29:00,17,37,26,4,6,,,,,,,,,,,,,,,50,73
M1/2116B,14/04/2025 00:00:00,04:44:00,18,37,28,11,8,,,,,,,,,,,,,,,50,84
M1/2116B,14/04/2025 00:00:00,04:59:00,19,35,21,13,8,,,,,,,,,,,,,,,52,77
M1/2116B,14/04/2025 00:00:00,05:14:00,20,83,32,17,12,,,,,,,,,,,,,,,53,144
M1/2116B,14/04/2025 00:00:00,05:29:00,21,94,42,9,6,,,,,,,,,,,,,,,55,151
M1/2116B,14/04/2025 00:00:00,05:44:00,22,115,65,26,13,,,,,,,,,,,,,,,55,219
M1/2116B,14/04/2025 00:00:00,05:59:00,23,162,109,44,24,,,,,,,,,,,,,,,52,339
M1/2116B,14/04/2025 00:00:00,06:14:00,24,200,180,68,23,,,,,,,,,,,,,,,53,471
M1/2116B,14/04/2025 00:00:00,06:29:00,25,267,248,67,13,,,,,,,,,,,,,,,51,595
M1/2116B,14/04/2025 00:00:00,06:44:00,26,295,309,83,19,,,,,,,,,,,,,,,48,706
M1/2116B,14/04/2025 00:00:00,06:59:00,27,321,320,89,28,,,,,,,,,,,,,,,42,758
M1/2116B,14/04/2025 00:00:00,07:14:00,28,278,312,91,29,,,,,,,,,,,,,,,29,710
M1/2116B,14/04/2025 00:00:00,07:29:00,29,276,230,86,42,,,,,,,,,,,,,,,10,634
M1/2116B,14/04/2025 00:00:00,07:44:00,30,281,218,79,36,,,,,,,,,,,,,,,9,614
M1/2116B,14/04/2025 00:00:00,07:59:00,31,273,192,88,32,,,,,,,,,,,,,,,14,585
M1/2116B,14/04/2025 00:00:00,08:14:00,32,258,184,66,21,,,,,,,,,,,,,,,47,529
M1/2116B,14/04/2025 00:00:00,08:29:00,33,260,181,59,22,,,,,,,,,,,,,,,48,522
M1/2116B,14/04/2025 00:00:00,08:44:00,34,224,182,56,20,,,,,,,,,,,,,,,49,482
M1/2116B,14/04/2025 00:00:00,08:59:00,35,234,140,57,19,,,,,,,,,,,,,,,50,450
M1/2116B,14/04/2025 00:00:00,09:14:00,36,230,165,54,25,,,,,,,,,,,,,,,48,474
M1/2116B,14/04/2025 00:00:00,09:29:00,37,212,151,54,20,,,,,,,,,,,,,,,48,437
M1/2116B,14/04/2025 00:00:00,09:44:00,38,229,138,44,20,,,,,,,,,,,,,,,49,431
M1/2116B,14/04/2025 00:00:00,09:59:00,39,207,133,40,16,,,,,,,,,,,,,,,49,396
M1/2116B,14/04/2025 00:00:00,10:14:00,40,188,144,48,19,,,,,,,,,,,,,,,48,399
M1/2116B,14/04/2025 00:00:00,10:29:00,41,202,113,45,33,,,,,,,,,,,,,,,49,393
M1/2116B,14/04/2025 00:00:00,10:44:00,42,215,110,36,17,,,,,,,,,,,,,,,48,378
M1/2116B,14/04/2025 00:00:00,10:59:00,43,188,122,34,13,,,,,,,,,,,,,,,50,357
M1/2116B,14/04/2025 00:00:00,11:14:00,44,212,105,33,26,,,,,,,,,,,,,,,49,376
M1/2116B,14/04/2025 00:00:00,11:29:00,45,195,95,39,21,,,,,,,,,,,,,,,49,350
M1/2116B,14/04/2025 00:00:00,11:44:00,46,204,111,28,20,,,,,,,,,,,,,,,50,363
M1/2116B,14/04/2025 00:00:00,11:59:00,47,175,78,33,16,,,,,,,,,,,,,,,50,302
M1/2116B,14/04/2025 00:00:00,12:14:00,48,178,96,33,15,,,,,,,,,,,,,,,50,322
M1/2116B,14/04/2025 00:00:00,12:29:00,49,184,102,31,14,,,,,,,,,,,,,,,49,331
M1/2116B,14/04/2025 00:00:00,12:44:00,50,165,69,34,13,,,,,,,,,,,,,,,49,281
M1/2116B,14/04/2025 00:00:00,12:59:00,51,128,93,31,13,,,,,,,,,,,,,,,40,265
M1/2116B,14/04/2025 00:00:00,13:14:00,52,154,78,16,19,,,,,,,,,,,,,,,50,267
M1/2116B,14/04/2025 00:00:00,13:29:00,53,172,89,23,15,,,,,,,,,,,,,,,50,299
M1/2116B,14/04/2025 00:00:00,13:44:00,54,172,82,20,12,,,,,,,,,,,,,,,51,286
M1/2116B,14/04/2025 00:00:00,13:59:00,55,154,74,36,23,,,,,,,,,,,,,,,50,287
M1/2116B,14/04/2025 00:00:00,14:14:00,56,177,84,25,9,,,,,,,,,,,,,,,51,295
M1/2116B,14/04/2025 00:00:00,14:29:00,57,161,76,22,15,,,,,,,,,,,,,,,50,274
M1/2116B,14/04/2025 00:00:00,14:44:00,58,165,80,22,13,,,,,,,,,,,,,,,49,280
M1/2116B,14/04/2025 00:00:00,14:59:00,59,158,74,28,10,,,,,,,,,,,,,,,50,270
M1/2116B,14/04/2025 00:00:00,15:14:00,60,145,83,39,15,,,,,,,,,,,,,,,50,281
M1/2116B,14/04/2025 00:00:00,15:29:00,61,159,78,27,12,,,,,,,,,,,,,,,49,276
M1/2116B,14/04/2025 00:00:00,15:44:00,62,152,93,17,15,,,,,,,,,,,,,,,50,277
M1/2116B,14/04/2025 00:00:00,15:59:00,63,153,67,14,10,,,,,,,,,,,,,,,49,244
M1/2116B,14/04/2025 00:00:00,16:14:00,64,191,79,15,9,,,,,,,,,,,,,,,52,294
M1/2116B,14/04/2025 00:00:00,16:29:00,65,173,85,18,13,,,,,,,,,,,,,,,52,289
M1/2116B,14/04/2025 00:00:00,16:44:00,66,183,87,15,13,,,,,,,,,,,,,,,51,298
M1/2116B,14/04/2025 00:00:00,16:59:00,67,201,80,12,8,,,,,,,,,,,,,,,51,301
M1/2116B,14/04/2025 00:00:00,17:14:00,68,173,95,9,10,,,,,,,,,,,,,,,52,286
M1/2116B,14/04/2025 00:00:00,17:29:00,69,234,95,25,10,,,,,,,,,,,,,,,51,364
M1/2116B,14/04/2025 00:00:00,17:44:00,70,249,106,21,7,,,,,,,,,,,,,,,50,383
M1/2116B,14/04/2025 00:00:00,17:59:00,71,262,104,12,6,,,,,,,,,,,,,,,51,384
M1/2116B,14/04/2025 00:00:00,18:14:00,72,207,102,10,14,,,,,,,,,,,,,,,51,333
M1/2116B,14/04/2025 00:00:00,18:29:00,73,262,123,9,13,,,,,,,,,,,,,,,51,407
M1/2116B,14/04/2025 00:00:00,18:44:00,74,255,111,10,16,,,,,,,,,,,,,,,51,392
M1/2116B,14/04/2025 00:00:00,18:59:00,75,257,73,16,15,,,,,,,,,,,,,,,51,361
M1/2116B,14/04/2025 00:00:00,19:14:00,76,206,62,19,12,,,,,,,,,,,,,,,51,299
M1/2116B,14/04/2025 00:00:00,19:29:00,77,209,78,12,4,,,,,,,,,,,,,,,53,303
M1/2116B,14/04/2025 00:00:00,19:44:00,78,182,62,11,8,,,,,,,,,,,,,,,54,263
M1/2116B,14/04/2025 00:00:00,19:59:00,79,150,57,6,10,,,,,,,,,,,,,,,51,223
M1/2116B,14/04/2025 00:00:00,20:14:00,80,140,52,10,8,,,,,,,,,,,,,,,52,210
M1/2116B,14/04/2025 00:00:00,20:29:00,81,117,51,12,9,,,,,,,,,,,,,,,51,189
M1/2116B,14/04/2025 00:00:00,20:44:00,82,110,56,10,12,,,,,,,,,,,,,,,51,188
M1/2116B,14/04/2025 00:00:00,20:59:00,83,104,46,8,15,,,,,,,,,,,,,,,52,173
M1/2116B,14/04/2025 00:00:00,21:14:00,84,98,55,8,8,,,,,,,,,,,,,,,50,169
M1/2116B,14/04/2025 00:00:00,21:29:00,85,108,63,5,11,,,,,,,,,,,,,,,50,187
M1/2116B,14/04/2025 00:00:00,21:44:00,86,90,58,9,3,,,,,,,,,,,,,,,50,160
M1/2116B,14/04/2025 00:00:00,21:59:00,87,91,33,3,9,,,,,,,,,,,,,,,49,136
M1/2116B,14/04/2025 00:00:00,22:14:00,88,76,50,6,9,,,,,,,,,,,,,,,50,141
M1/2116B,14/04/2025 00:00:00,22:29:00,89,56,24,5,4,,,,,,,,,,,,,,,50,89
M1/2116B,14/04/2025 00:00:00,22:44:00,90,58,15,5,3,,,,,,,,,,,,,,,49,81
M1/2116B,14/04/2025 00:00:00,22:59:00,91,10,5,2,0,,,,,,,,,,,,,,,45,17
M1/2116B,14/04/2025 00:00:00,23:14:00,92,3,0,0,0,,,,,,,,,,,,,,,51,3
M1/2116B,14/04/2025 00:00:00,23:29:00,93,2,1,0,0,,,,,,,,,,,,,,,53,3
M1/2116B,14/04/2025 00:00:00,23:44:00,94,3,1,0,0,,,,,,,,,,,,,,,51,4
M1/2116B,14/04/2025 00:00:00,23:59:00,95,1,0,0,0,,,,,,,,,,,,,,,45,1
M1/2116B,15/04/2025 00:00:00,00:14:00,0,0,1,0,0,,,,,,,,,,,,,,,60,1
M1/2116B,15/04/2025 00:00:00,00:29:00,1,1,1,0,0,,,,,,,,,,,,,,,47,2
M1/2116B,15/04/2025 00:00:00,00:44:00,2,0,1,0,0,,,,,,,,,,,,,,,39,1
M1/2116B,15/04/2025 00:00:00,00:59:00,3,1,0,0,0,,,,,,,,,,,,,,,60,1
M1/2116B,15/04/2025 00:00:00,01:14:00,4,0,1,0,0,,,,,,,,,,,,,,,40,1
M1/2116B,15/04/2025 00:00:00,01:29:00,5,0,0,0,0,,,,,,,,,,,,,,,0,0
M1/2116B,15/04/2025 00:00:00,01:44:00,6,0,1,1,1,,,,,,,,,,,,,,,45,3
M1/2116B,15/04/2025 00:00:00,01:59:00,7,0,0,0,0,,,,,,,,,,,,,,,0,0
M1/2116B,15/04/2025 00:00:00,02:14:00,8,1,0,0,0,,,,,,,,,,,,,,,54,1
M1/2116B,15/04/2025 00:00:00,02:29:00,9,1,0,0,0,,,,,,,,,,,,,,,44,1
M1/2116B,15/04/2025 00:00:00,02:44:00,10,0,1,1,0,,,,,,,,,,,,,,,51,2
M1/2116B,15/04/2025 00:00:00,02:59:00,11,0,0,0,0,,,,,,,,,,,,,,,0,0
M1/2116B,15/04/2025 00:00:00,03:14:00,12,1,2,0,1,,,,,,,,,,,,,,,50,4
M1/2116B,15/04/2025 00:00:00,03:29:00,13,2,0,0,1,,,,,,,,,,,,,,,43,3
M1/2116B,15/04/2025 00:00:00,03:44:00,14,11,5,2,4,,,,,,,,,,,,,,,48,22
M1/2116B,15/04/2025 00:00:00,03:59:00,15,8,12,2,5,,,,,,,,,,,,,,,52,27
M1/2116B,15/04/2025 00:00:00,04:14:00,16,15,5,7,6,,,,,,,,,,,,,,,49,33
M1/2116B,15/04/2025 00:00:00,04:29:00,17,30,12,4,7,,,,,,,,,,,,,,,51,53
M1/2116B,15/04/2025 00:00:00,04:44:00,18,36,21,7,6,,,,,,,,,,,,,,,51,70
M1/2116B,15/04/2025 00:00:00,04:59:00,19,50,27,3,13,,,,,,,,,,,,,,,50,93
M1/2116B,15/04/2025 00:00:00,05:14:00,20,59,22,14,14,,,,,,,,,,,,,,,52,109
M1/2116B,15/04/2025 00:00:00,05:29:00,21,89,62,24,10,,,,,,,,,,,,,,,52,185
M1/2116B,15/04/2025 00:00:00,05:44:00,22,89,77,22,19,,,,,,,,,,,,,,,51,207
M1/2116B,15/04/2025 00:00:00,05:59:00,23,166,101,39,18,,,,,,,,,,,,,,,53,324
M1/2116B,15/04/2025 00:00:00,06:14:00,24,223,168,54,14,,,,,,,,,,,,,,,52,459
M1/2116B,15/04/2025 00:00:00,06:29:00,25,267,204,68,21,,,,,,,,,,,,,,,51,560
M1/2116B,15/04/2025 00:00:00,06:44:00,26,289,326,118,22,,,,,,,,,,,,,,,39,755
M1/2116B,15/04/2025 00:00:00,06:59:00,27,271,300,93,25,,,,,,,,,,,,,,,36,689
M1/2116B,15/04/2025 00:00:00,07:14:00,28,295,281,98,28,,,,,,,,,,,,,,,37,702
M1/2116B,15/04/2025 00:00:00,07:29:00,29,294,285,96,27,,,,,,,,,,,,,,,28,702
M1/2116B,15/04/2025 00:00:00,07:44:00,30,243,195,101,35,,,,,,,,,,,,,,,9,574
M1/2116B,15/04/2025 00:00:00,07:59:00,31,249,197,86,46,,,,,,,,,,,,,,,9,578
M1/2116B,15/04/2025 00:00:00,08:14:00,32,274,209,79,27,,,,,,,,,,,,,,,17,589
M1/2116B,15/04/2025 00:00:00,08:29:00,33,279,195,90,24,,,,,,,,,,,,,,,45,588
M1/2116B,15/04/2025 00:00:00,08:44:00,34,242,167,65,21,,,,,,,,,,,,,,,47,495
M1/2116B,15/04/2025 00:00:00,08:59:00,35,249,149,58,23,,,,,,,,,,,,,,,47,479
M1/2116B,15/04/2025 00:00:00,09:14:00,36,240,136,62,25,,,,,,,,,,,,,,,48,463
M1/2116B,15/04/2025 00:00:00,09:29:00,37,220,151,66,33,,,,,,,,,,,,,,,46,470
M1/2116B,15/04/2025 00:00:00,09:44:00,38,247,127,33,21,,,,,,,,,,,,,,,46,428
M1/2116B,15/04/2025 00:00:00,09:59:00,39,254,165,46,24,,,,,,,,,,,,,,,47,489
M1/2116B,15/04/2025 00:00:00,10:14:00,40,223,126,30,20,,,,,,,,,,,,,,,49,399
M1/2116B,15/04/2025 00:00:00,10:29:00,41,203,116,54,24,,,,,,,,,,,,,,,47,397
M1/2116B,15/04/2025 00:00:00,10:44:00,42,226,109,35,24,,,,,,,,,,,,,,,48,394
M1/2116B,15/04/2025 00:00:00,10:59:00,43,185,119,50,24,,,,,,,,,,,,,,,49,378
M1/2116B,15/04/2025 00:00:00,11:14:00,44,176,120,50,23,,,,,,,,,,,,,,,48,369
M1/2116B,15/04/2025 00:00:00,11:29:00,45,201,93,34,22,,,,,,,,,,,,,,,48,350
M1/2116B,15/04/2025 00:00:00,11:44:00,46,191,91,39,14,,,,,,,,,,,,,,,49,335
M1/2116B,15/04/2025 00:00:00,11:59:00,47,180,100,29,20,,,,,,,,,,,,,,,48,329
M1/2116B,15/04/2025 00:00:00,12:14:00,48,187,81,22,12,,,,,,,,,,,,,,,50,302
M1/2116B,15/04/2025 00:00:00,12:29:00,49,187,93,28,15,,,,,,,,,,,,,,,49,323
M1/2116B,15/04/2025 00:00:00,12:44:00,50,158,72,23,15,,,,,,,,,,,,,,,50,268
M1/2116B,15/04/2025 00:00:00,12:58:00,51,180,75,27,12,,,,,,,,,,,,,,,49,293
M1/2116B,15/04/2025 00:00:00,13:14:00,52,158,75,28,13,,,,,,,,,,,,,,,50,273
M1/2116B,15/04/2025 00:00:00,13:29:00,53,163,56,16,8,,,,,,,,,,,,,,,51,243
M1/2116B,15/04/2025 00:00:00,13:44:00,54,149,90,26,11,,,,,,,,,,,,,,,51,276
M1/2116B,15/04/2025 00:00:00,13:59:00,55,162,79,22,15,,,,,,,,,,,,,,,51,278
M1/2116B,15/04/2025 00:00:00,14:14:00,56,141,64,17,21,,,,,,,,,,,,,,,49,243
M1/2116B,15/04/2025 00:00:00,14:29:00,57,145,82,16,11,,,,,,,,,,,,,,,51,254
M1/2116B,15/04/2025 00:00:00,14:44:00,58,167,91,27,9,,,,,,,,,,,,,,,51,294
M1/2116B,15/04/2025 00:00:00,14:59:00,59,143,84,28,12,,,,,,,,,,,,,,,51,267
M1/2116B,15/04/2025 00:00:00,15:14:00,60,129,76,13,10,,,,,,,,,,,,,,,51,228
M1/2116B,15/04/2025 00:00:00,15:29:00,61,126,77,21,16,,,,,,,,,,,,,,,52,240
M1/2116B,15/04/2025 00:00:00,15:44:00,62,148,77,26,7,,,,,,,,,,,,,,,51,258
M1/2116B,15/04/2025 00:00:00,15:59:00,63,153,108,23,8,,,,,,,,,,,,,,,52,292
M1/2116B,15/04/2025 00:00:00,16:14:00,64,163,83,21,13,,,,,,,,,,,,,,,52,279
M1/2116B,15/04/2025 00:00:00,16:29:00,65,137,76,20,7,,,,,,,,,,,,,,,52,240
M1/2116B,15/04/2025 00:00:00,16:43:00,66,152,69,14,7,,,,,,,,,,,,,,,52,242
M1/2116B,15/04/2025 00:00:00,16:59:00,67,188,102,10,7,,,,,,,,,,,,,,,51,307
M1/2116B,15/04/2025 00:00:00,17:14:00,68,209,99,12,3,,,,,,,,,,,,,,,50,323
M1/2116B,15/04/2025 00:00:00,17:29:00,69,243,114,21,7,,,,,,,,,,,,,,,49,385
M1/2116B,15/04/2025 00:00:00,17:44:00,70,220,96,17,9,,,,,,,,,,,,,,,47,342
M1/2116B,15/04/2025 00:00:00,17:59:00,71,252,121,17,12,,,,,,,,,,,,,,,45,402
M1/2116B,15/04/2025 00:00:00,18:14:00,72,237,118,13,14,,,,,,,,,,,,,,,48,381
M1/2116B,15/04/2025 00:00:00,18:29:00,73,260,125,17,14,,,,,,,,,,,,,,,47,417
M1/2116B,15/04/2025 00:00:00,18:44:00,74,251,120,10,13,,,,,,,,,,,,,,,48,394
M1/2116B,15/04/2025 00:00:00,18:59:00,75,233,84,22,10,,,,,,,,,,,,,,,50,349
M1/2116B,15/04/2025 00:00:00,19:14:00,76,189,69,14,4,,,,,,,,,,,,,,,49,276
M1/2116B,15/04/2025 00:00:00,19:29:00,77,143,60,7,13,,,,,,,,,,,,,,,49,223
M1/2116B,15/04/2025 00:00:00,19:44:00,78,154,48,8,9,,,,,,,,,,,,,,,47,219
M1/2116B,15/04/2025 00:00:00,19:59:00,79,147,57,4,9,,,,,,,,,,,,,,,50,217
M1/2116B,15/04/2025 00:00:00,20:14:00,80,124,45,14,7,,,,,,,,,,,,,,,52,190
M1/2116B,15/04/2025 00:00:00,20:29:00,81,128,56,8,9,,,,,,,,,,,,,,,51,201
M1/2116B,15/04/2025 00:00:00,20:44:00,82,97,59,15,11,,,,,,,,,,,,,,,49,182
M1/2116B,15/04/2025 00:00:00,20:59:00,83,117,49,9,16,,,,,,,,,,,,,,,47,191
M1/2116B,15/04/2025 00:00:00,21:14:00,84,127,61,8,11,,,,,,,,,,,,,,,48,207
M1/2116B,15/04/2025 00:00:00,21:29:00,85,96,50,7,10,,,,,,,,,,,,,,,47,163
M1/2116B,15/04/2025 00:00:00,21:44:00,86,95,49,8,5,,,,,,,,,,,,,,,49,157
M1/2116B,15/04/2025 00:00:00,21:59:00,87,87,33,10,10,,,,,,,,,,,,,,,50,140
M1/2116B,15/04/2025 00:00:00,22:14:00,88,71,31,2,10,,,,,,,,,,,,,,,49,114
M1/2116B,15/04/2025 00:00:00,22:29:00,89,67,23,7,4,,,,,,,,,,,,,,,50,101
M1/2116B,15/04/2025 00:00:00,22:44:00,90,62,29,4,8,,,,,,,,,,,,,,,47,103
M1/2116B,15/04/2025 00:00:00,22:59:00,91,47,32,5,5,,,,,,,,,,,,,,,48,89
M1/2116B,15/04/2025 00:00:00,23:14:00,92,34,19,2,8,,,,,,,,,,,,,,,50,63
M1/2116B,15/04/2025 00:00:00,23:29:00,93,30,16,5,3,,,,,,,,,,,,,,,50,54
M1/2116B,15/04/2025 00:00:00,23:44:00,94,38,19,4,3,,,,,,,,,,,,,,,50,64
M1/2116B,15/04/2025 00:00:00,23:59:00,95,33,10,3,4,,,,,,,,,,,,,,,49,50
M1/2116B,16/04/2025 00:00:00,00:14:00,0,32,16,9,5,,,,,,,,,,,,,,,48,62
M1/2116B,16/04/2025 00:00:00,00:29:00,1,23,22,5,6,,,,,,,,,,,,,,,49,56
M1/2116B,16/04/2025 00:00:00,00:44:00,2,22,21,2,8,,,,,,,,,,,,,,,48,53
M1/2116B,16/04/2025 00:00:00,00:59:00,3,19,13,4,8,,,,,,,,,,,,,,,49,44
M1/2116B,16/04/2025 00:00:00,01:14:00,4,36,16,2,3,,,,,,,,,,,,,,,47,57
M1/2116B,16/04/2025 00:00:00,01:29:00,5,33,12,2,4,,,,,,,,,,,,,,,46,51
M1/2116B,16/04/2025 00:00:00,01:44:00,6,21,8,5,7,,,,,,,,,,,,,,,48,41
M1/2116B,16/04/2025 00:00:00,01:59:00,7,18,13,2,2,,,,,,,,,,,,,,,46,35
M1/2116B,16/04/2025 00:00:00,02:14:00,8,24,10,4,8,,,,,,,,,,,,,,,47,46
M1/2116B,16/04/2025 00:00:00,02:29:00,9,11,14,3,6,,,,,,,,,,,,,,,46,34
M1/2116B,16/04/2025 00:00:00,02:44:00,10,14,8,0,8,,,,,,,,,,,,,,,46,30
M1/2116B,16/04/2025 00:00:00,02:59:00,11,11,12,4,6,,,,,,,,,,,,,,,46,33
M1/2116B,16/04/2025 00:00:00,03:14:00,12,14,8,3,5,,,,,,,,,,,,,,,49,30
M1/2116B,16/04/2025 00:00:00,03:29:00,13,13,7,5,12,,,,,,,,,,,,,,,47,37
M1/2116B,16/04/2025 00:00:00,03:44:00,14,17,11,3,5,,,,,,,,,,,,,,,48,36
M1/2116B,16/04/2025 00:00:00,03:59:00,15,14,3,9,6,,,,,,,,,,,,,,,50,32
M1/2116B,16/04/2025 00:00:00,04:14:00,16,21,10,5,11,,,,,,,,,,,,,,,48,47
M1/2116B,16/04/2025 00:00:00,04:29:00,17,25,9,4,10,,,,,,,,,,,,,,,50,48
M1/2116B,16/04/2025 00:00:00,04:44:00,18,45,20,10,21,,,,,,,,,,,,,,,49,96
M1/2116B,16/04/2025 00:00:00,04:59:00,19,50,35,6,8,,,,,,,,,,,,,,,52,99
M1/2116B,16/04/2025 00:00:00,05:14:00,20,68,23,11,14,,,,,,,,,,,,,,,50,116
M1/2116B,16/04/2025 00:00:00,05:29:00,21,87,56,20,20,,,,,,,,,,,,,,,54,183
M1/2116B,16/04/2025 00:00:00,05:44:00,22,120,76,27,16,,,,,,,,,,,,,,,53,239
M1/2116B,16/04/2025 00:00:00,05:59:00,23,149,104,38,17,,,,,,,,,,,,,,,54,308
M1/2116B,16/04/2025 00:00:00,06:14:00,24,189,148,70,28,,,,,,,,,,,,,,,53,435
M1/2116B,16/04/2025 00:00:00,06:29:00,25,274,254,83,22,,,,,,,,,,,,,,,51,633
M1/2116B,16/04/2025 00:00:00,06:44:00,26,319,313,98,32,,,,,,,,,,,,,,,42,762
M1/2116B,16/04/2025 00:00:00,06:59:00,27,316,279,102,27,,,,,,,,,,,,,,,38,724
M1/2116B,16/04/2025 00:00:00,07:14:00,28,254,316,110,32,,,,,,,,,,,,,,,19,712
M1/2116B,16/04/2025 00:00:00,07:29:00,29,274,245,102,35,,,,,,,,,,,,,,,13,656
M1/2116B,16/04/2025 00:00:00,07:44:00,30,273,232,89,40,,,,,,,,,,,,,,,11,634
M1/2116B,16/04/2025 00:00:00,07:59:00,31,252,219,77,29,,,,,,,,,,,,,,,40,577
M1/2116B,16/04/2025 00:00:00,08:14:00,32,285,192,85,24,,,,,,,,,,,,,,,46,586
M1/2116B,16/04/2025 00:00:00,08:29:00,33,285,176,74,18,,,,,,,,,,,,,,,48,553
M1/2116B,16/04/2025 00:00:00,08:44:00,34,268,170,74,22,,,,,,,,,,,,,,,47,534
M1/2116B,16/04/2025 00:00:00,08:59:00,35,266,154,67,23,,,,,,,,,,,,,,,49,510
M1/2116B,16/04/2025 00:00:00,09:14:00,36,253,151,55,27,,,,,,,,,,,,,,,48,485
M1/2116B,16/04/2025 00:00:00,09:29:00,37,239,158,42,24,,,,,,,,,,,,,,,49,463
M1/2116B,16/04/2025 00:00:00,09:44:00,38,237,148,58,21,,,,,,,,,,,,,,,48,464
M1/2116B,16/04/2025 00:00:00,09:59:00,39,243,112,44,23,,,,,,,,,,,,,,,49,422
M1/2116B,16/04/2025 00:00:00,10:14:00,40,216,116,39,18,,,,,,,,,,,,,,,48,389
M1/2116B,16/04/2025 00:00:00,10:29:00,41,186,91,65,23,,,,,,,,,,,,,,,47,365
M1/2116B,16/04/2025 00:00:00,10:44:00,42,218,149,51,24,,,,,,,,,,,,,,,48,442
M1/2116B,16/04/2025 00:00:00,10:59:00,43,192,106,41,21,,,,,,,,,,,,,,,49,360
M1/2116B,16/04/2025 00:00:00,11:14:00,44,201,99,42,19,,,,,,,,,,,,,,,49,361
M1/2116B,16/04/2025 00:00:00,11:29:00,45,190,115,32,19,,,,,,,,,,,,,,,50,356
M1/2116B,16/04/2025 00:00:00,11:44:00,46,207,111,29,14,,,,,,,,,,,,,,,49,361
M1/2116B,16/04/2025 00:00:00,11:59:00,47,198,103,32,20,,,,,,,,,,,,,,,49,353
M1/2116B,16/04/2025 00:00:00,12:14:00,48,164,98,27,10,,,,,,,,,,,,,,,50,299
M1/2116B,16/04/2025 00:00:00,12:29:00,49,175,86,30,14,,,,,,,,,,,,,,,51,305
M1/2116B,16/04/2025 00:00:00,12:44:00,50,171,86,23,21,,,,,,,,,,,,,,,50,301
M1/2116B,16/04/2025 00:00:00,12:59:00,51,182,85,26,9,,,,,,,,,,,,,,,51,302
M1/2116B,16/04/2025 00:00:00,13:14:00,52,150,71,34,20,,,,,,,,,,,,,,,50,275
M1/2116B,16/04/2025 00:00:00,13:29:00,53,158,82,14,11,,,,,,,,,,,,,,,50,265
M1/2116B,16/04/2025 00:00:00,13:44:00,54,147,75,20,21,,,,,,,,,,,,,,,50,263
M1/2116B,16/04/2025 00:00:00,13:59:00,55,179,75,20,9,,,,,,,,,,,,,,,50,283
M1/2116B,16/04/2025 00:00:00,14:14:00,56,131,79,12,7,,,,,,,,,,,,,,,51,229
M1/2116B,16/04/2025 00:00:00,14:29:00,57,163,84,28,15,,,,,,,,,,,,,,,49,290
M1/2116B,16/04/2025 00:00:00,14:44:00,58,151,86,33,11,,,,,,,,,,,,,,,50,281
M1/2116B,16/04/2025 00:00:00,14:59:00,59,158,88,27,13,,,,,,,,,,,,,,,51,285
M1/2116B,16/04/2025 00:00:00,15:14:00,60,157,81,28,12,,,,,,,,,,,,,,,51,278
M1/2116B,16/04/2025 00:00:00,15:29:00,61,167,82,25,13,,,,,,,,,,,,,,,50,287
M1/2116B,16/04/2025 00:00:00,15:44:00,62,177,100,16,7,,,,,,,,,,,,,,,50,300
M1/2116B,16/04/2025 00:00:00,15:59:00,63,168,99,21,5,,,,,,,,,,,,,,,52,293
M1/2116B,16/04/2025 00:00:00,16:14:00,64,158,74,16,10,,,,,,,,,,,,,,,51,258
M1/2116B,16/04/2025 00:00:00,16:29:00,65,200,96,14,13,,,,,,,,,,,,,,,50,323
M1/2116B,16/04/2025 00:00:00,16:44:00,66,241,99,19,9,,,,,,,,,,,,,,,50,368
M1/2116B,16/04/2025 00:00:00,16:59:00,67,212,77,19,5,,,,,,,,,,,,,,,51,314
M1/2116B,16/04/2025 00:00:00,17:14:00,68,214,93,20,9,,,,,,,,,,,,,,,51,336
M1/2116B,16/04/2025 00:00:00,17:28:00,69,280,152,16,9,,,,,,,,,,,,,,,50,456
M1/2116B,16/04/2025 00:00:00,17:43:00,70,247,118,22,18,,,,,,,,,,,,,,,49,405
M1/2116B,16/04/2025 00:00:00,17:59:00,71,298,128,17,13,,,,,,,,,,,,,,,50,456
M1/2116B,16/04/2025 00:00:00,18:14:00,72,308,117,16,13,,,,,,,,,,,,,,,50,453
M1/2116B,16/04/2025 00:00:00,18:29:00,73,291,115,19,10,,,,,,,,,,,,,,,51,435
M1/2116B,16/04/2025 00:00:00,18:44:00,74,252,124,17,13,,,,,,,,,,,,,,,51,406
M1/2116B,16/04/2025 00:00:00,18:59:00,75,249,97,10,7,,,,,,,,,,,,,,,52,363
M1/2116B,16/04/2025 00:00:00,19:14:00,76,238,92,15,8,,,,,,,,,,,,,,,52,353
M1/2116B,16/04/2025 00:00:00,19:29:00,77,230,86,12,9,,,,,,,,,,,,,,,51,337
M1/2116B,16/04/2025 00:00:00,19:44:00,78,178,101,10,9,,,,,,,,,,,,,,,52,298
M1/2116B,16/04/2025 00:00:00,19:59:00,79,167,86,13,8,,,,,,,,,,,,,,,53,274
M1/2116B,16/04/2025 00:00:00,20:14:00,80,157,69,18,5,,,,,,,,,,,,,,,51,249
M1/2116B,16/04/2025 00:00:00,20:29:00,81,147,70,12,6,,,,,,,,,,,,,,,51,235
M1/2116B,16/04/2025 00:00:00,20:44:00,82,111,65,11,13,,,,,,,,,,,,,,,49,200
M1/2116B,16/04/2025 00:00:00,20:59:00,83,135,65,6,18,,,,,,,,,,,,,,,49,224
M1/2116B,16/04/2025 00:00:00,21:14:00,84,132,57,10,12,,,,,,,,,,,,,,,49,211
M1/2116B,16/04/2025 00:00:00,21:29:00,85,106,53,7,10,,,,,,,,,,,,,,,50,176
M1/2116B,16/04/2025 00:00:00,21:44:00,86,117,38,8,9,,,,,,,,,,,,,,,49,172
M1/2116B,16/04/2025 00:00:00,21:59:00,87,106,34,7,13,,,,,,,,,,,,,,,49,160
M1/2116B,16/04/2025 00:00:00,22:14:00,88,78,33,10,7,,,,,,,,,,,,,,,50,128
M1/2116B,16/04/2025 00:00:00,22:29:00,89,64,44,8,4,,,,,,,,,,,,,,,50,120
M1/2116B,16/04/2025 00:00:00,22:44:00,90,72,34,5,3,,,,,,,,,,,,,,,50,114
M1/2116B,16/04/2025 00:00:00,22:59:00,91,52,27,5,6,,,,,,,,,,,,,,,51,90
M1/2116B,16/04/2025 00:00:00,23:14:00,92,50,29,2,8,,,,,,,,,,,,,,,50,89
M1/2116B,16/04/2025 00:00:00,23:29:00,93,46,25,2,0,,,,,,,,,,,,,,,51,73
M1/2116B,16/04/2025 00:00:00,23:44:00,94,48,19,3,4,,,,,,,,,,,,,,,50,74
M1/2116B,16/04/2025 00:00:00,23:59:00,95,47,27,6,5,,,,,,,,,,,,,,,47,85
M1/2116B,17/04/2025 00:00:00,00:14:00,0,48,27,6,8,,,,,,,,,,,,,,,48,89
M1/2116B,17/04/2025 00:00:00,00:29:00,1,37,20,2,4,,,,,,,,,,,,,,,48,63
M1/2116B,17/04/2025 00:00:00,00:44:00,2,27,33,4,1,,,,,,,,,,,,,,,48,65
M1/2116B,17/04/2025 00:00:00,00:59:00,3,31,18,2,5,,,,,,,,,,,,,,,49,56
M1/2116B,17/04/2025 00:00:00,01:14:00,4,35,21,4,8,,,,,,,,,,,,,,,45,68
M1/2116B,17/04/2025 00:00:00,01:29:00,5,15,7,3,7,,,,,,,,,,,,,,,48,32
M1/2116B,17/04/2025 00:00:00,01:44:00,6,20,12,3,8,,,,,,,,,,,,,,,50,43
M1/2116B,17/04/2025 00:00:00,01:59:00,7,19,8,1,3,,,,,,,,,,,,,,,51,31
M1/2116B,17/04/2025 00:00:00,02:14:00,8,16,15,4,10,,,,,,,,,,,,,,,47,45
M1/2116B,17/04/2025 00:00:00,02:29:00,9,10,9,6,8,,,,,,,,,,,,,,,48,33
M1/2116B,17/04/2025 00:00:00,02:44:00,10,10,7,5,3,,,,,,,,,,,,,,,48,25
M1/2116B,17/04/2025 00:00:00,02:59:00,11,17,9,1,10,,,,,,,,,,,,,,,47,37
M1/2116B,17/04/2025 00:00:00,03:14:00,12,29,13,4,6,,,,,,,,,,,,,,,49,52
M1/2116B,17/04/2025 00:00:00,03:29:00,13,29,9,6,8,,,,,,,,,,,,,,,49,52
M1/2116B,17/04/2025 00:00:00,03:44:00,14,19,18,6,10,,,,,,,,,,,,,,,49,53
M1/2116B,17/04/2025 00:00:00,03:59:00,15,16,20,10,9,,,,,,,,,,,,,,,48,55
M1/2116B,17/04/2025 00:00:00,04:14:00,16,30,10,9,14,,,,,,,,,,,,,,,50,63
M1/2116B,17/04/2025 00:00:00,04:29:00,17,36,19,8,10,,,,,,,,,,,,,,,51,73
M1/2116B,17/04/2025 00:00:00,04:44:00,18,39,23,11,8,,,,,,,,,,,,,,,52,81
M1/2116B,17/04/2025 00:00:00,04:59:00,19,47,27,10,10,,,,,,,,,,,,,,,53,94
M1/2116B,17/04/2025 00:00:00,05:14:00,20,63,28,9,12,,,,,,,,,,,,,,,52,112
M1/2116B,17/04/2025 00:00:00,05:29:00,21,80,48,25,17,,,,,,,,,,,,,,,54,170
M1/2116B,17/04/2025 00:00:00,05:44:00,22,129,65,33,19,,,,,,,,,,,,,,,55,246
M1/2116B,17/04/2025 00:00:00,05:59:00,23,153,111,49,19,,,,,,,,,,,,,,,55,332
M1/2116B,17/04/2025 00:00:00,06:14:00,24,196,146,52,23,,,,,,,,,,,,,,,55,417
M1/2116B,17/04/2025 00:00:00,06:29:00,25,298,248,79,26,,,,,,,,,,,,,,,51,651
M1/2116B,17/04/2025 00:00:00,06:44:00,26,284,272,104,31,,,,,,,,,,,,,,,48,691
M1/2116B,17/04/2025 00:00:00,06:59:00,27,288,252,96,35,,,,,,,,,,,,,,,47,672
M1/2116B,17/04/2025 00:00:00,07:14:00,28,274,283,82,33,,,,,,,,,,,,,,,29,672
M1/2116B,17/04/2025 00:00:00,07:29:00,29,253,276,100,29,,,,,,,,,,,,,,,39,658
M1/2116B,17/04/2025 00:00:00,07:44:00,30,269,220,90,40,,,,,,,,,,,,,,,17,619
M1/2116B,17/04/2025 00:00:00,07:59:00,31,265,206,98,26,,,,,,,,,,,,,,,32,595
M1/2116B,17/04/2025 00:00:00,08:14:00,32,248,188,63,23,,,,,,,,,,,,,,,48,522
M1/2116B,17/04/2025 00:00:00,08:29:00,33,231,163,69,16,,,,,,,,,,,,,,,50,479
M1/2116B,17/04/2025 00:00:00,08:44:00,34,259,136,63,23,,,,,,,,,,,,,,,50,481
M1/2116B,17/04/2025 00:00:00,08:59:00,35,239,142,62,26,,,,,,,,,,,,,,,49,469
M1/2116B,17/04/2025 00:00:00,09:13:00,36,228,136,40,24,,,,,,,,,,,,,,,51,428
M1/2116B,17/04/2025 00:00:00,09:29:00,37,204,113,38,15,,,,,,,,,,,,,,,50,370
M1/2116B,17/04/2025 00:00:00,09:44:00,38,211,135,29,24,,,,,,,,,,,,,,,39,399
M1/2116B,17/04/2025 00:00:00,09:59:00,39,187,147,32,23,,,,,,,,,,,,,,,38,389
M1/2116B,17/04/2025 00:00:00,10:14:00,40,199,117,41,20,,,,,,,,,,,,,,,47,377
M1/2116B,17/04/2025 00:00:00,10:29:00,41,215,110,42,20,,,,,,,,,,,,,,,49,388
M1/2116B,17/04/2025 00:00:00,10:44:00,42,180,118,40,25,,,,,,,,,,,,,,,49,363
M1/2116B,17/04/2025 00:00:00,10:59:00,43,214,106,41,17,,,,,,,,,,,,,,,50,378
M1/2116B,17/04/2025 00:00:00,11:14:00,44,185,118,39,22,,,,,,,,,,,,,,,50,364
M1/2116B,17/04/2025 00:00:00,11:29:00,45,174,94,48,28,,,,,,,,,,,,,,,50,344
M1/2116B,17/04/2025 00:00:00,11:44:00,46,224,100,39,18,,,,,,,,,,,,,,,51,381
M1/2116B,17/04/2025 00:00:00,11:59:00,47,176,109,36,16,,,,,,,,,,,,,,,50,337
M1/2116B,17/04/2025 00:00:00,12:14:00,48,172,96,36,11,,,,,,,,,,,,,,,51,315
M1/2116B,17/04/2025 00:00:00,12:29:00,49,181,114,34,10,,,,,,,,,,,,,,,50,339
M1/2116B,17/04/2025 00:00:00,12:44:00,50,164,85,23,15,,,,,,,,,,,,,,,50,287
M1/2116B,17/04/2025 00:00:00,12:59:00,51,175,92,20,18,,,,,,,,,,,,,,,50,305
M1/2116B,17/04/2025 00:00:00,13:14:00,52,175,84,32,15,,,,,,,,,,,,,,,51,306
M1/2116B,17/04/2025 00:00:00,13:29:00,53,183,104,27,17,,,,,,,,,,,,,,,50,331
M1/2116B,17/04/2025 00:00:00,13:44:00,54,179,102,34,13,,,,,,,,,,,,,,,52,328
M1/2116B,17/04/2025 00:00:00,13:59:00,55,196,69,24,17,,,,,,,,,,,,,,,48,305
M1/2116B,17/04/2025 00:00:00,14:14:00,56,199,97,23,16,,,,,,,,,,,,,,,50,335
M1/2116B,17/04/2025 00:00:00,14:29:00,57,176,90,20,13,,,,,,,,,,,,,,,50,299
M1/2116B,17/04/2025 00:00:00,14:44:00,58,190,90,34,6,,,,,,,,,,,,,,,49,320
M1/2116B,17/04/2025 00:00:00,14:59:00,59,208,96,25,16,,,,,,,,,,,,,,,50,345
M1/2116B,17/04/2025 00:00:00,15:14:00,60,197,91,28,11,,,,,,,,,,,,,,,50,327
M1/2116B,17/04/2025 00:00:00,15:29:00,61,191,106,26,16,,,,,,,,,,,,,,,50,339
M1/2116B,17/04/2025 00:00:00,15:44:00,62,198,99,22,10,,,,,,,,,,,,,,,50,329
M1/2116B,17/04/2025 00:00:00,15:59:00,63,226,107,22,11,,,,,,,,,,,,,,,50,366
M1/2116B,17/04/2025 00:00:00,16:12:00,64,218,100,22,5,,,,,,,,,,,,,,,50,345
M1/2116B,17/04/2025 00:00:00,16:28:00,65,272,105,21,21,,,,,,,,,,,,,,,50,418
M1/2116B,17/04/2025 00:00:00,16:43:00,66,263,154,24,9,,,,,,,,,,,,,,,48,450
M1/2116B,17/04/2025 00:00:00,16:59:00,67,307,129,27,7,,,,,,,,,,,,,,,49,470
M1/2116B,17/04/2025 00:00:00,17:14:00,68,293,141,30,9,,,,,,,,,,,,,,,50,473
M1/2116B,17/04/2025 00:00:00,17:29:00,69,259,129,19,9,,,,,,,,,,,,,,,50,415
M1/2116B,17/04/2025 00:00:00,17:44:00,70,285,137,30,10,,,,,,,,,,,,,,,51,462
M1/2116B,17/04/2025 00:00:00,17:59:00,71,291,117,17,7,,,,,,,,,,,,,,,50,432
M1/2116B,17/04/2025 00:00:00,18:14:00,72,290,142,14,10,,,,,,,,,,,,,,,50,455
M1/2116B,17/04/2025 00:00:00,18:29:00,73,284,121,21,16,,,,,,,,,,,,,,,50,443
M1/2116B,17/04/2025 00:00:00,18:44:00,74,309,109,19,10,,,,,,,,,,,,,,,52,446
M1/2116B,17/04/2025 00:00:00,18:59:00,75,241,135,15,15,,,,,,,,,,,,,,,51,406
M1/2116B,17/04/2025 00:00:00,19:14:00,76,252,101,15,7,,,,,,,,,,,,,,,52,375
M1/2116B,17/04/2025 00:00:00,19:29:00,77,229,89,13,11,,,,,,,,,,,,,,,52,342
M1/2116B,17/04/2025 00:00:00,19:44:00,78,238,86,6,17,,,,,,,,,,,,,,,53,347
M1/2116B,17/04/2025 00:00:00,19:59:00,79,167,84,15,14,,,,,,,,,,,,,,,54,280
M1/2116B,17/04/2025 00:00:00,20:14:00,80,157,58,15,9,,,,,,,,,,,,,,,52,239
M1/2116B,17/04/2025 00:00:00,20:29:00,81,138,61,7,12,,,,,,,,,,,,,,,51,218
M1/2116B,17/04/2025 00:00:00,20:44:00,82,171,66,10,9,,,,,,,,,,,,,,,50,256
M1/2116B,17/04/2025 00:00:00,20:59:00,83,132,67,8,12,,,,,,,,,,,,,,,49,219
M1/2116B,17/04/2025 00:00:00,21:14:00,84,153,56,10,10,,,,,,,,,,,,,,,48,229
M1/2116B,17/04/2025 00:00:00,21:29:00,85,128,63,8,10,,,,,,,,,,,,,,,50,209
M1/2116B,17/04/2025 00:00:00,21:44:00,86,111,52,4,3,,,,,,,,,,,,,,,51,170
M1/2116B,17/04/2025 00:00:00,21:59:00,87,106,51,11,13,,,,,,,,,,,,,,,50,181
M1/2116B,17/04/2025 00:00:00,22:14:00,88,121,55,2,7,,,,,,,,,,,,,,,49,185
M1/2116B,17/04/2025 00:00:00,22:29:00,89,118,54,4,8,,,,,,,,,,,,,,,50,184
M1/2116B,17/04/2025 00:00:00,22:44:00,90,105,39,11,7,,,,,,,,,,,,,,,50,162
M1/2116B,17/04/2025 00:00:00,22:59:00,91,100,39,9,10,,,,,,,,,,,,,,,50,158
M1/2116B,17/04/2025 00:00:00,23:14:00,92,90,43,10,8,,,,,,,,,,,,,,,49,151
M1/2116B,17/04/2025 00:00:00,23:29:00,93,91,35,4,6,,,,,,,,,,,,,,,50,136
M1/2116B,17/04/2025 00:00:00,23:44:00,94,74,44,4,8,,,,,,,,,,,,,,,49,130
M1/2116B,17/04/2025 00:00:00,23:59:00,95,66,28,5,6,,,,,,,,,,,,,,,51,105
M1/2116B,18/04/2025 00:00:00,00:14:00,0,55,26,2,8,,,,,,,,,,,,,,,51,91
M1/2116B,18/04/2025 00:00:00,00:29:00,1,54,23,3,5,,,,,,,,,,,,,,,50,85
M1/2116B,18/04/2025 00:00:00,00:44:00,2,54,29,7,8,,,,,,,,,,,,,,,49,98
M1/2116B,18/04/2025 00:00:00,00:59:00,3,50,26,8,7,,,,,,,,,,,,,,,50,91
M1/2116B,18/04/2025 00:00:00,01:14:00,4,47,29,3,9,,,,,,,,,,,,,,,49,88
M1/2116B,18/04/2025 00:00:00,01:29:00,5,40,11,2,7,,,,,,,,,,,,,,,50,60
M1/2116B,18/04/2025 00:00:00,01:44:00,6,33,21,1,6,,,,,,,,,,,,,,,50,61
M1/2116B,18/04/2025 00:00:00,01:59:00,7,24,9,0,7,,,,,,,,,,,,,,,49,40
M1/2116B,18/04/2025 00:00:00,02:14:00,8,19,7,11,5,,,,,,,,,,,,,,,48,42
M1/2116B,18/04/2025 00:00:00,02:29:00,9,25,9,3,9,,,,,,,,,,,,,,,48,46
M1/2116B,18/04/2025 00:00:00,02:44:00,10,23,25,6,6,,,,,,,,,,,,,,,50,60
M1/2116B,18/04/2025 00:00:00,02:59:00,11,25,18,8,3,,,,,,,,,,,,,,,50,54
M1/2116B,18/04/2025 00:00:00,03:14:00,12,22,9,5,12,,,,,,,,,,,,,,,48,48
M1/2116B,18/04/2025 00:00:00,03:29:00,13,20,18,2,9,,,,,,,,,,,,,,,49,49
M1/2116B,18/04/2025 00:00:00,03:44:00,14,23,17,2,9,,,,,,,,,,,,,,,49,51
M1/2116B,18/04/2025 00:00:00,03:59:00,15,33,16,6,7,,,,,,,,,,,,,,,50,62
M1/2116B,18/04/2025 00:00:00,04:14:00,16,32,16,10,11,,,,,,,,,,,,,,,51,69
M1/2116B,18/04/2025 00:00:00,04:29:00,17,23,21,3,6,,,,,,,,,,,,,,,52,53
M1/2116B,18/04/2025 00:00:00,04:44:00,18,38,17,7,10,,,,,,,,,,,,,,,51,72
M1/2116B,18/04/2025 00:00:00,04:59:00,19,52,20,11,15,,,,,,,,,,,,,,,50,98
M1/2116B,18/04/2025 00:00:00,05:14:00,20,50,27,7,7,,,,,,,,,,,,,,,51,91
M1/2116B,18/04/2025 00:00:00,05:29:00,21,67,39,8,15,,,,,,,,,,,,,,,54,129
M1/2116B,18/04/2025 00:00:00,05:44:00,22,63,29,8,20,,,,,,,,,,,,,,,52,120
M1/2116B,18/04/2025 00:00:00,05:59:00,23,68,41,14,17,,,,,,,,,,,,,,,54,140
M1/2116B,18/04/2025 00:00:00,06:14:00,24,99,42,15,20,,,,,,,,,,,,,,,55,176
M1/2116B,18/04/2025 00:00:00,06:29:00,25,105,61,33,9,,,,,,,,,,,,,,,55,208
M1/2116B,18/04/2025 00:00:00,06:44:00,26,108,55,21,12,,,,,,,,,,,,,,,55,196
M1/2116B,18/04/2025 00:00:00,06:59:00,27,127,77,21,15,,,,,,,,,,,,,,,54,240
M1/2116B,18/04/2025 00:00:00,07:14:00,28,106,70,21,12,,,,,,,,,,,,,,,54,209
M1/2116B,18/04/2025 00:00:00,07:29:00,29,100,58,28,13,,,,,,,,,,,,,,,52,199
M1/2116B,18/04/2025 00:00:00,07:44:00,30,84,80,30,13,,,,,,,,,,,,,,,53,207
M1/2116B,18/04/2025 00:00:00,07:59:00,31,84,68,24,13,,,,,,,,,,,,,,,53,189
M1/2116B,18/04/2025 00:00:00,08:14:00,32,71,55,16,10,,,,,,,,,,,,,,,53,152
M1/2116B,18/04/2025 00:00:00,08:29:00,33,105,67,22,8,,,,,,,,,,,,,,,53,202
M1/2116B,18/04/2025 00:00:00,08:44:00,34,114,64,21,17,,,,,,,,,,,,,,,50,216
M1/2116B,18/04/2025 00:00:00,08:59:00,35,137,55,15,12,,,,,,,,,,,,,,,52,219
M1/2116B,18/04/2025 00:00:00,09:14:00,36,151,55,18,4,,,,,,,,,,,,,,,52,228
M1/2116B,18/04/2025 00:00:00,09:29:00,37,155,71,8,12,,,,,,,,,,,,,,,52,246
M1/2116B,18/04/2025 00:00:00,09:44:00,38,177,92,16,12,,,,,,,,,,,,,,,51,297
M1/2116B,18/04/2025 00:00:00,09:59:00,39,198,74,14,9,,,,,,,,,,,,,,,51,295
M1/2116B,18/04/2025 00:00:00,10:14:00,40,169,90,9,5,,,,,,,,,,,,,,,50,273
M1/2116B,18/04/2025 00:00:00,10:29:00,41,188,85,11,5,,,,,,,,,,,,,,,50,289
M1/2116B,18/04/2025 00:00:00,10:44:00,42,209,80,14,9,,,,,,,,,,,,,,,50,312
M1/2116B,18/04/2025 00:00:00,10:59:00,43,250,83,12,10,,,,,,,,,,,,,,,42,355
M1/2116B,18/04/2025 00:00:00,11:14:00,44,229,94,15,3,,,,,,,,,,,,,,,50,341
M1/2116B,18/04/2025 00:00:00,11:29:00,45,214,95,13,9,,,,,,,,,,,,,,,50,331
M1/2116B,18/04/2025 00:00:00,11:44:00,46,234,105,7,7,,,,,,,,,,,,,,,50,353
M1/2116B,18/04/2025 00:00:00,11:59:00,47,270,105,17,16,,,,,,,,,,,,,,,48,408
M1/2116B,18/04/2025 00:00:00,12:14:00,48,258,98,9,10,,,,,,,,,,,,,,,50,374
M1/2116B,18/04/2025 00:00:00,12:29:00,49,285,108,11,7,,,,,,,,,,,,,,,48,411
M1/2116B,18/04/2025 00:00:00,12:44:00,50,244,127,16,13,,,,,,,,,,,,,,,49,400
M1/2116B,18/04/2025 00:00:00,12:59:00,51,291,116,13,11,,,,,,,,,,,,,,,47,431
M1/2116B,18/04/2025 00:00:00,13:14:00,52,254,108,8,3,,,,,,,,,,,,,,,48,373
M1/2116B,18/04/2025 00:00:00,13:29:00,53,239,110,10,14,,,,,,,,,,,,,,,49,373
M1/2116B,18/04/2025 00:00:00,13:44:00,54,244,119,6,10,,,,,,,,,,,,,,,50,379
M1/2116B,18/04/2025 00:00:00,13:59:00,55,247,91,13,14,,,,,,,,,,,,,,,48,365
M1/2116B,18/04/2025 00:00:00,14:14:00,56,250,113,6,6,,,,,,,,,,,,,,,49,375
M1/2116B,18/04/2025 00:00:00,14:29:00,57,268,114,8,7,,,,,,,,,,,,,,,48,397
M1/2116B,18/04/2025 00:00:00,14:44:00,58,264,111,15,13,,,,,,,,,,,,,,,50,403
M1/2116B,18/04/2025 00:00:00,14:59:00,59,246,130,15,9,,,,,,,,,,,,,,,49,400
M1/2116B,18/04/2025 00:00:00,15:14:00,60,233,106,16,5,,,,,,,,,,,,,,,49,360
M1/2116B,18/04/2025 00:00:00,15:29:00,61,204,91,9,8,,,,,,,,,,,,,,,51,312
M1/2116B,18/04/2025 00:00:00,15:44:00,62,213,88,3,8,,,,,,,,,,,,,,,51,312
M1/2116B,18/04/2025 00:00:00,15:59:00,63,238,82,11,8,,,,,,,,,,,,,,,51,339
M1/2116B,18/04/2025 00:00:00,16:14:00,64,206,81,10,11,,,,,,,,,,,,,,,50,308
M1/2116B,18/04/2025 00:00:00,16:29:00,65,221,100,17,7,,,,,,,,,,,,,,,50,345
M1/2116B,18/04/2025 00:00:00,16:44:00,66,241,94,8,5,,,,,,,,,,,,,,,49,348
M1/2116B,18/04/2025 00:00:00,16:59:00,67,218,92,8,11,,,,,,,,,,,,,,,50,329
M1/2116B,18/04/2025 00:00:00,17:14:00,68,248,102,11,7,,,,,,,,,,,,,,,49,368
M1/2116B,18/04/2025 00:00:00,17:29:00,69,223,98,10,12,,,,,,,,,,,,,,,50,343
M1/2116B,18/04/2025 00:00:00,17:44:00,70,222,90,6,7,,,,,,,,,,,,,,,52,325
M1/2116B,18/04/2025 00:00:00,17:59:00,71,236,81,8,8,,,,,,,,,,,,,,,51,333
M1/2116B,18/04/2025 00:00:00,18:14:00,72,266,78,12,9,,,,,,,,,,,,,,,49,365
M1/2116B,18/04/2025 00:00:00,18:29:00,73,242,91,9,9,,,,,,,,,,,,,,,50,351
M1/2116B,18/04/2025 00:00:00,18:44:00,74,255,95,4,6,,,,,,,,,,,,,,,49,360
M1/2116B,18/04/2025 00:00:00,18:59:00,75,196,73,7,10,,,,,,,,,,,,,,,50,286
M1/2116B,18/04/2025 00:00:00,19:14:00,76,209,89,6,10,,,,,,,,,,,,,,,50,314
M1/2116B,18/04/2025 00:00:00,19:29:00,77,171,71,9,9,,,,,,,,,,,,,,,51,260
M1/2116B,18/04/2025 00:00:00,19:44:00,78,179,84,7,4,,,,,,,,,,,,,,,52,274
M1/2116B,18/04/2025 00:00:00,19:59:00,79,150,59,4,13,,,,,,,,,,,,,,,52,226
M1/2116B,18/04/2025 00:00:00,20:14:00,80,150,57,6,11,,,,,,,,,,,,,,,52,224
M1/2116B,18/04/2025 00:00:00,20:29:00,81,123,51,5,3,,,,,,,,,,,,,,,51,182
M1/2116B,18/04/2025 00:00:00,20:43:00,82,132,42,6,6,,,,,,,,,,,,,,,50,186
M1/2116B,18/04/2025 00:00:00,20:59:00,83,117,49,2,13,,,,,,,,,,,,,,,49,181
M1/2116B,18/04/2025 00:00:00,21:14:00,84,133,64,5,8,,,,,,,,,,,,,,,49,210
M1/2116B,18/04/2025 00:00:00,21:29:00,85,117,42,3,8,,,,,,,,,,,,,,,50,170
M1/2116B,18/04/2025 00:00:00,21:44:00,86,114,57,4,8,,,,,,,,,,,,,,,50,183
M1/2116B,18/04/2025 00:00:00,21:59:00,87,97,47,5,7,,,,,,,,,,,,,,,50,156
M1/2116B,18/04/2025 00:00:00,22:14:00,88,98,43,2,5,,,,,,,,,,,,,,,51,148
M1/2116B,18/04/2025 00:00:00,22:29:00,89,86,40,1,8,,,,,,,,,,,,,,,49,135
M1/2116B,18/04/2025 00:00:00,22:44:00,90,124,45,4,4,,,,,,,,,,,,,,,50,177
M1/2116B,18/04/2025 00:00:00,22:59:00,91,83,41,3,7,,,,,,,,,,,,,,,51,134
M1/2116B,18/04/2025 00:00:00,23:14:00,92,93,42,2,3,,,,,,,,,,,,,,,50,140
M1/2116B,18/04/2025 00:00:00,23:29:00,93,71,33,4,5,,,,,,,,,,,,,,,50,113
M1/2116B,18/04/2025 00:00:00,23:44:00,94,60,27,1,8,,,,,,,,,,,,,,,49,96
M1/2116B,18/04/2025 00:00:00,23:59:00,95,66,25,3,1,,,,,,,,,,,,,,,51,95
M1/2116B,19/04/2025 00:00:00,00:14:00,0,55,36,6,4,,,,,,,,,,,,,,,50,101
M1/2116B,19/04/2025 00:00:00,00:29:00,1,68,27,3,4,,,,,,,,,,,,,,,49,102
M1/2116B,19/04/2025 00:00:00,00:44:00,2,46,21,2,4,,,,,,,,,,,,,,,51,73
M1/2116B,19/04/2025 00:00:00,00:59:00,3,43,27,8,8,,,,,,,,,,,,,,,49,86
M1/2116B,19/04/2025 00:00:00,01:14:00,4,47,12,5,3,,,,,,,,,,,,,,,53,67
M1/2116B,19/04/2025 00:00:00,01:29:00,5,25,23,2,5,,,,,,,,,,,,,,,50,55
M1/2116B,19/04/2025 00:00:00,01:44:00,6,37,16,2,4,,,,,,,,,,,,,,,47,59
M1/2116B,19/04/2025 00:00:00,01:59:00,7,25,14,1,5,,,,,,,,,,,,,,,49,45
M1/2116B,19/04/2025 00:00:00,02:14:00,8,19,16,1,5,,,,,,,,,,,,,,,50,41
M1/2116B,19/04/2025 00:00:00,02:29:00,9,15,13,7,6,,,,,,,,,,,,,,,46,41
M1/2116B,19/04/2025 00:00:00,02:44:00,10,26,15,1,3,,,,,,,,,,,,,,,48,45
M1/2116B,19/04/2025 00:00:00,02:59:00,11,27,14,1,6,,,,,,,,,,,,,,,48,48
M1/2116B,19/04/2025 00:00:00,03:14:00,12,22,7,1,4,,,,,,,,,,,,,,,48,34
M1/2116B,19/04/2025 00:00:00,03:29:00,13,17,10,0,5,,,,,,,,,,,,,,,50,32
M1/2116B,19/04/2025 00:00:00,03:44:00,14,24,13,3,6,,,,,,,,,,,,,,,48,46
M1/2116B,19/04/2025 00:00:00,03:59:00,15,21,11,8,9,,,,,,,,,,,,,,,50,49
M1/2116B,19/04/2025 00:00:00,04:14:00,16,24,11,2,5,,,,,,,,,,,,,,,52,42
M1/2116B,19/04/2025 00:00:00,04:29:00,17,28,8,4,6,,,,,,,,,,,,,,,51,46
M1/2116B,19/04/2025 00:00:00,04:44:00,18,20,15,7,3,,,,,,,,,,,,,,,49,45
M1/2116B,19/04/2025 00:00:00,04:59:00,19,23,9,10,12,,,,,,,,,,,,,,,49,54
M1/2116B,19/04/2025 00:00:00,05:14:00,20,34,17,9,11,,,,,,,,,,,,,,,51,71
M1/2116B,19/04/2025 00:00:00,05:29:00,21,45,29,5,10,,,,,,,,,,,,,,,54,89
M1/2116B,19/04/2025 00:00:00,05:44:00,22,59,22,13,12,,,,,,,,,,,,,,,52,106
M1/2116B,19/04/2025 00:00:00,05:59:00,23,67,28,14,9,,,,,,,,,,,,,,,53,118
M1/2116B,19/04/2025 00:00:00,06:13:00,24,77,32,8,12,,,,,,,,,,,,,,,56,129
M1/2116B,19/04/2025 00:00:00,06:29:00,25,86,44,26,15,,,,,,,,,,,,,,,54,170
M1/2116B,19/04/2025 00:00:00,06:44:00,26,88,43,16,8,,,,,,,,,,,,,,,54,155
M1/2116B,19/04/2025 00:00:00,06:59:00,27,80,58,25,8,,,,,,,,,,,,,,,55,171
M1/2116B,19/04/2025 00:00:00,07:14:00,28,68,29,20,5,,,,,,,,,,,,,,,54,122
M1/2116B,19/04/2025 00:00:00,07:29:00,29,99,57,18,11,,,,,,,,,,,,,,,54,184
M1/2116B,19/04/2025 00:00:00,07:44:00,30,109,44,13,8,,,,,,,,,,,,,,,54,174
M1/2116B,19/04/2025 00:00:00,07:59:00,31,101,48,13,4,,,,,,,,,,,,,,,53,166
M1/2116B,19/04/2025 00:00:00,08:14:00,32,105,53,14,6,,,,,,,,,,,,,,,54,178
M1/2116B,19/04/2025 00:00:00,08:29:00,33,99,57,16,4,,,,,,,,,,,,,,,54,176
M1/2116B,19/04/2025 00:00:00,08:44:00,34,131,70,17,6,,,,,,,,,,,,,,,54,224
M1/2116B,19/04/2025 00:00:00,08:59:00,35,149,73,4,7,,,,,,,,,,,,,,,53,233
M1/2116B,19/04/2025 00:00:00,09:14:00,36,137,68,14,10,,,,,,,,,,,,,,,52,229
M1/2116B,19/04/2025 00:00:00,09:29:00,37,175,98,17,12,,,,,,,,,,,,,,,52,302
M1/2116B,19/04/2025 00:00:00,09:44:00,38,226,85,16,8,,,,,,,,,,,,,,,52,335
M1/2116B,19/04/2025 00:00:00,09:59:00,39,197,92,10,9,,,,,,,,,,,,,,,52,308
M1/2116B,19/04/2025 00:00:00,10:14:00,40,200,108,13,4,,,,,,,,,,,,,,,51,325
M1/2116B,19/04/2025 00:00:00,10:29:00,41,241,97,12,14,,,,,,,,,,,,,,,50,364
M1/2116B,19/04/2025 00:00:00,10:44:00,42,229,96,13,3,,,,,,,,,,,,,,,49,341
M1/2116B,19/04/2025 00:00:00,10:59:00,43,251,112,12,8,,,,,,,,,,,,,,,50,383
M1/2116B,19/04/2025 00:00:00,11:14:00,44,252,103,7,16,,,,,,,,,,,,,,,50,378
M1/2116B,19/04/2025 00:00:00,11:29:00,45,244,121,9,6,,,,,,,,,,,,,,,51,380
M1/2116B,19/04/2025 00:00:00,11:44:00,46,265,107,12,5,,,,,,,,,,,,,,,50,389
M1/2116B,19/04/2025 00:00:00,11:59:00,47,286,120,9,10,,,,,,,,,,,,,,,49,425
M1/2116B,19/04/2025 00:00:00,12:14:00,48,287,106,9,10,,,,,,,,,,,,,,,50,412
M1/2116B,19/04/2025 00:00:00,12:29:00,49,284,102,8,10,,,,,,,,,,,,,,,49,404
M1/2116B,19/04/2025 00:00:00,12:44:00,50,278,83,11,9,,,,,,,,,,,,,,,49,381
M1/2116B,19/04/2025 00:00:00,12:59:00,51,283,106,8,9,,,,,,,,,,,,,,,51,406
M1/2116B,19/04/2025 00:00:00,13:14:00,52,247,101,9,7,,,,,,,,,,,,,,,51,364
M1/2116B,19/04/2025 00:00:00,13:29:00,53,292,128,11,9,,,,,,,,,,,,,,,51,440
M1/2116B,19/04/2025 00:00:00,13:44:00,54,272,114,4,12,,,,,,,,,,,,,,,51,402
M1/2116B,19/04/2025 00:00:00,13:59:00,55,279,93,6,9,,,,,,,,,,,,,,,51,387
M1/2116B,19/04/2025 00:00:00,14:14:00,56,238,102,10,2,,,,,,,,,,,,,,,52,352
M1/2116B,19/04/2025 00:00:00,14:29:00,57,259,110,9,10,,,,,,,,,,,,,,,50,388
M1/2116B,19/04/2025 00:00:00,14:44:00,58,239,102,9,7,,,,,,,,,,,,,,,51,357
M1/2116B,19/04/2025 00:00:00,14:59:00,59,229,102,8,6,,,,,,,,,,,,,,,51,345
M1/2116B,19/04/2025 00:00:00,15:14:00,60,187,101,7,7,,,,,,,,,,,,,,,51,302
M1/2116B,19/04/2025 00:00:00,15:29:00,61,193,109,9,9,,,,,,,,,,,,,,,51,320
M1/2116B,19/04/2025 00:00:00,15:44:00,62,227,79,12,7,,,,,,,,,,,,,,,50,325
M1/2116B,19/04/2025 00:00:00,15:59:00,63,215,82,9,5,,,,,,,,,,,,,,,51,311
M1/2116B,19/04/2025 00:00:00,16:14:00,64,231,83,7,8,,,,,,,,,,,,,,,50,329
M1/2116B,19/04/2025 00:00:00,16:29:00,65,234,78,4,5,,,,,,,,,,,,,,,52,321
M1/2116B,19/04/2025 00:00:00,16:44:00,66,198,78,6,7,,,,,,,,,,,,,,,51,289
M1/2116B,19/04/2025 00:00:00,16:59:00,67,231,88,6,9,,,,,,,,,,,,,,,51,334
M1/2116B,19/04/2025 00:00:00,17:14:00,68,243,89,10,4,,,,,,,,,,,,,,,50,346
M1/2116B,19/04/2025 00:00:00,17:29:00,69,228,85,2,10,,,,,,,,,,,,,,,51,325
M1/2116B,19/04/2025 00:00:00,17:44:00,70,236,99,9,5,,,,,,,,,,,,,,,51,349
M1/2116B,19/04/2025 00:00:00,17:59:00,71,253,86,9,6,,,,,,,,,,,,,,,52,354
M1/2116B,19/04/2025 00:00:00,18:14:00,72,258,114,6,7,,,,,,,,,,,,,,,51,385
M1/2116B,19/04/2025 00:00:00,18:29:00,73,219,89,8,9,,,,,,,,,,,,,,,52,324
M1/2116B,19/04/2025 00:00:00,18:44:00,74,259,87,11,10,,,,,,,,,,,,,,,51,367
M1/2116B,19/04/2025 00:00:00,18:59:00,75,224,82,2,6,,,,,,,,,,,,,,,52,314
M1/2116B,19/04/2025 00:00:00,19:14:00,76,214,65,5,5,,,,,,,,,,,,,,,52,289
M1/2116B,19/04/2025 00:00:00,19:29:00,77,217,71,7,7,,,,,,,,,,,,,,,52,302
M1/2116B,19/04/2025 00:00:00,19:44:00,78,189,81,4,8,,,,,,,,,,,,,,,53,282
M1/2116B,19/04/2025 00:00:00,19:59:00,79,168,69,3,11,,,,,,,,,,,,,,,52,251
M1/2116B,19/04/2025 00:00:00,20:14:00,80,150,56,6,6,,,,,,,,,,,,,,,52,218
M1/2116B,19/04/2025 00:00:00,20:29:00,81,129,64,10,6,,,,,,,,,,,,,,,52,209
M1/2116B,19/04/2025 00:00:00,20:44:00,82,153,58,5,4,,,,,,,,,,,,,,,50,220
M1/2116B,19/04/2025 00:00:00,20:59:00,83,161,45,4,7,,,,,,,,,,,,,,,49,217
M1/2116B,19/04/2025 00:00:00,21:14:00,84,138,44,4,8,,,,,,,,,,,,,,,48,194
M1/2116B,19/04/2025 00:00:00,21:29:00,85,131,60,3,5,,,,,,,,,,,,,,,50,199
M1/2116B,19/04/2025 00:00:00,21:44:00,86,140,63,6,7,,,,,,,,,,,,,,,49,216
M1/2116B,19/04/2025 00:00:00,21:59:00,87,116,50,4,7,,,,,,,,,,,,,,,50,177
M1/2116B,19/04/2025 00:00:00,22:14:00,88,127,59,0,4,,,,,,,,,,,,,,,49,190
M1/2116B,19/04/2025 00:00:00,22:29:00,89,113,43,4,5,,,,,,,,,,,,,,,49,165
M1/2116B,19/04/2025 00:00:00,22:44:00,90,119,55,6,5,,,,,,,,,,,,,,,48,185
M1/2116B,19/04/2025 00:00:00,22:59:00,91,96,57,2,7,,,,,,,,,,,,,,,49,162
M1/2116B,19/04/2025 00:00:00,23:14:00,92,103,49,2,9,,,,,,,,,,,,,,,49,163
M1/2116B,19/04/2025 00:00:00,23:29:00,93,101,37,4,3,,,,,,,,,,,,,,,51,145
M1/2116B,19/04/2025 00:00:00,23:44:00,94,70,49,3,2,,,,,,,,,,,,,,,53,124
M1/2116B,19/04/2025 00:00:00,23:59:00,95,75,33,4,2,,,,,,,,,,,,,,,49,114
M1/2116B,20/04/2025 00:00:00,00:14:00,0,66,38,4,8,,,,,,,,,,,,,,,48,116
M1/2116B,20/04/2025 00:00:00,00:29:00,1,56,35,1,1,,,,,,,,,,,,,,,49,93
M1/2116B,20/04/2025 00:00:00,00:44:00,2,58,25,3,3,,,,,,,,,,,,,,,49,89
M1/2116B,20/04/2025 00:00:00,00:59:00,3,58,20,3,5,,,,,,,,,,,,,,,50,86
M1/2116B,20/04/2025 00:00:00,01:14:00,4,45,15,4,7,,,,,,,,,,,,,,,51,71
M1/2116B,20/04/2025 00:00:00,01:29:00,5,34,21,3,4,,,,,,,,,,,,,,,50,62
M1/2116B,20/04/2025 00:00:00,01:44:00,6,34,11,1,4,,,,,,,,,,,,,,,51,50
M1/2116B,20/04/2025 00:00:00,01:59:00,7,29,11,3,4,,,,,,,,,,,,,,,48,47
M1/2116B,20/04/2025 00:00:00,02:14:00,8,28,13,5,4,,,,,,,,,,,,,,,49,50
M1/2116B,20/04/2025 00:00:00,02:29:00,9,29,19,4,2,,,,,,,,,,,,,,,47,54
M1/2116B,20/04/2025 00:00:00,02:44:00,10,22,15,2,4,,,,,,,,,,,,,,,48,43
M1/2116B,20/04/2025 00:00:00,02:59:00,11,33,5,0,2,,,,,,,,,,,,,,,49,40
M1/2116B,20/04/2025 00:00:00,03:14:00,12,18,12,1,1,,,,,,,,,,,,,,,49,32
M1/2116B,20/04/2025 00:00:00,03:29:00,13,21,12,1,2,,,,,,,,,,,,,,,49,36
M1/2116B,20/04/2025 00:00:00,03:44:00,14,24,17,0,3,,,,,,,,,,,,,,,48,44
M1/2116B,20/04/2025 00:00:00,03:59:00,15,24,11,1,2,,,,,,,,,,,,,,,46,38
M1/2116B,20/04/2025 00:00:00,04:14:00,16,28,9,1,5,,,,,,,,,,,,,,,49,43
M1/2116B,20/04/2025 00:00:00,04:29:00,17,14,15,0,2,,,,,,,,,,,,,,,46,31
M1/2116B,20/04/2025 00:00:00,04:44:00,18,26,8,0,4,,,,,,,,,,,,,,,52,38
M1/2116B,20/04/2025 00:00:00,04:59:00,19,33,18,3,5,,,,,,,,,,,,,,,52,59
M1/2116B,20/04/2025 00:00:00,05:14:00,20,34,17,0,5,,,,,,,,,,,,,,,53,57
M1/2116B,20/04/2025 00:00:00,05:29:00,21,42,16,2,2,,,,,,,,,,,,,,,52,62
M1/2116B,20/04/2025 00:00:00,05:44:00,22,54,19,4,7,,,,,,,,,,,,,,,54,84
M1/2116B,20/04/2025 00:00:00,05:59:00,23,46,21,4,6,,,,,,,,,,,,,,,53,77
M1/2116B,20/04/2025 00:00:00,06:14:00,24,63,18,6,8,,,,,,,,,,,,,,,57,95
M1/2116B,20/04/2025 00:00:00,06:29:00,25,60,31,6,5,,,,,,,,,,,,,,,54,102
M1/2116B,20/04/2025 00:00:00,06:44:00,26,55,22,9,8,,,,,,,,,,,,,,,52,94
M1/2116B,20/04/2025 00:00:00,06:59:00,27,69,23,8,15,,,,,,,,,,,,,,,52,115
M1/2116B,20/04/2025 00:00:00,07:14:00,28,54,17,7,3,,,,,,,,,,,,,,,56,81
M1/2116B,20/04/2025 00:00:00,07:29:00,29,58,30,9,5,,,,,,,,,,,,,,,53,102
M1/2116B,20/04/2025 00:00:00,07:44:00,30,67,31,7,8,,,,,,,,,,,,,,,54,113
M1/2116B,20/04/2025 00:00:00,07:59:00,31,69,35,6,6,,,,,,,,,,,,,,,55,116
M1/2116B,20/04/2025 00:00:00,08:14:00,32,84,28,5,5,,,,,,,,,,,,,,,54,122
M1/2116B,20/04/2025 00:00:00,08:29:00,33,100,45,7,9,,,,,,,,,,,,,,,54,161
M1/2116B,20/04/2025 00:00:00,08:44:00,34,108,60,4,6,,,,,,,,,,,,,,,54,178
M1/2116B,20/04/2025 00:00:00,08:59:00,35,180,56,4,5,,,,,,,,,,,,,,,54,245
M1/2116B,20/04/2025 00:00:00,09:14:00,36,132,40,8,11,,,,,,,,,,,,,,,53,191
M1/2116B,20/04/2025 00:00:00,09:29:00,37,171,50,4,5,,,,,,,,,,,,,,,52,230
M1/2116B,20/04/2025 00:00:00,09:44:00,38,180,66,4,7,,,,,,,,,,,,,,,52,257
M1/2116B,20/04/2025 00:00:00,09:59:00,39,202,67,1,8,,,,,,,,,,,,,,,52,278
M1/2116B,20/04/2025 00:00:00,10:14:00,40,190,73,5,9,,,,,,,,,,,,,,,53,277
M1/2116B,20/04/2025 00:00:00,10:29:00,41,224,84,4,10,,,,,,,,,,,,,,,52,322
M1/2116B,20/04/2025 00:00:00,10:44:00,42,243,103,5,4,,,,,,,,,,,,,,,51,355
M1/2116B,20/04/2025 00:00:00,10:59:00,43,235,88,7,6,,,,,,,,,,,,,,,51,336
M1/2116B,20/04/2025 00:00:00,11:14:00,44,255,95,3,6,,,,,,,,,,,,,,,52,359
M1/2116B,20/04/2025 00:00:00,11:29:00,45,246,87,11,5,,,,,,,,,,,,,,,50,349
M1/2116B,20/04/2025 00:00:00,11:44:00,46,265,123,6,9,,,,,,,,,,,,,,,51,403
M1/2116B,20/04/2025 00:00:00,11:59:00,47,256,96,8,7,,,,,,,,,,,,,,,51,367
M1/2116B,20/04/2025 00:00:00,12:14:00,48,280,95,7,5,,,,,,,,,,,,,,,51,387
M1/2116B,20/04/2025 00:00:00,12:29:00,49,270,111,4,8,,,,,,,,,,,,,,,50,393
M1/2116B,20/04/2025 00:00:00,12:44:00,50,230,85,3,6,,,,,,,,,,,,,,,52,324
M1/2116B,20/04/2025 00:00:00,12:59:00,51,284,91,4,3,,,,,,,,,,,,,,,51,382
M1/2116B,20/04/2025 00:00:00,13:14:00,52,282,92,4,8,,,,,,,,,,,,,,,50,386
M1/2116B,20/04/2025 00:00:00,13:29:00,53,274,99,2,5,,,,,,,,,,,,,,,50,380
M1/2116B,20/04/2025 00:00:00,13:44:00,54,255,101,3,7,,,,,,,,,,,,,,,52,366
M1/2116B,20/04/2025 00:00:00,13:59:00,55,261,109,5,10,,,,,,,,,,,,,,,50,385
M1/2116B,20/04/2025 00:00:00,14:14:00,56,262,107,3,8,,,,,,,,,,,,,,,50,380
M1/2116B,20/04/2025 00:00:00,14:29:00,57,251,126,6,9,,,,,,,,,,,,,,,50,392
M1/2116B,20/04/2025 00:00:00,14:44:00,58,249,96,3,3,,,,,,,,,,,,,,,49,351
M1/2116B,20/04/2025 00:00:00,14:59:00,59,285,111,8,11,,,,,,,,,,,,,,,49,415
M1/2116B,20/04/2025 00:00:00,15:14:00,60,215,95,3,8,,,,,,,,,,,,,,,52,321
M1/2116B,20/04/2025 00:00:00,15:29:00,61,231,78,9,7,,,,,,,,,,,,,,,50,325
M1/2116B,20/04/2025 00:00:00,15:44:00,62,223,88,5,9,,,,,,,,,,,,,,,51,325
M1/2116B,20/04/2025 00:00:00,15:59:00,63,204,82,12,8,,,,,,,,,,,,,,,51,306
M1/2116B,20/04/2025 00:00:00,16:14:00,64,219,88,5,6,,,,,,,,,,,,,,,52,318
M1/2116B,20/04/2025 00:00:00,16:29:00,65,206,105,5,6,,,,,,,,,,,,,,,52,322
M1/2116B,20/04/2025 00:00:00,16:44:00,66,222,98,3,4,,,,,,,,,,,,,,,50,327
M1/2116B,20/04/2025 00:00:00,16:59:00,67,230,99,5,7,,,,,,,,,,,,,,,50,341
M1/2116B,20/04/2025 00:00:00,17:13:00,68,273,91,5,5,,,,,,,,,,,,,,,51,375
M1/2116B,20/04/2025 00:00:00,17:29:00,69,252,77,7,7,,,,,,,,,,,,,,,51,343
M1/2116B,20/04/2025 00:00:00,17:44:00,70,241,100,5,4,,,,,,,,,,,,,,,50,350
M1/2116B,20/04/2025 00:00:00,17:59:00,71,293,93,10,8,,,,,,,,,,,,,,,50,404
M1/2116B,20/04/2025 00:00:00,18:14:00,72,235,102,2,5,,,,,,,,,,,,,,,50,344
M1/2116B,20/04/2025 00:00:00,18:29:00,73,240,90,3,7,,,,,,,,,,,,,,,51,340
M1/2116B,20/04/2025 00:00:00,18:44:00,74,252,92,5,10,,,,,,,,,,,,,,,51,359
M1/2116B,20/04/2025 00:00:00,18:59:00,75,273,100,3,5,,,,,,,,,,,,,,,50,381
M1/2116B,20/04/2025 00:00:00,19:14:00,76,214,111,7,5,,,,,,,,,,,,,,,51,337
M1/2116B,20/04/2025 00:00:00,19:29:00,77,231,83,3,4,,,,,,,,,,,,,,,51,321
M1/2116B,20/04/2025 00:00:00,19:44:00,78,213,111,6,20,,,,,,,,,,,,,,,49,350
M1/2116B,20/04/2025 00:00:00,19:59:00,79,208,103,2,12,,,,,,,,,,,,,,,50,325
M1/2116B,20/04/2025 00:00:00,20:14:00,80,217,93,1,2,,,,,,,,,,,,,,,50,313
M1/2116B,20/04/2025 00:00:00,20:29:00,81,171,80,6,9,,,,,,,,,,,,,,,50,266
M1/2116B,20/04/2025 00:00:00,20:44:00,82,190,87,4,3,,,,,,,,,,,,,,,48,284
M1/2116B,20/04/2025 00:00:00,20:59:00,83,146,80,5,9,,,,,,,,,,,,,,,48,240
M1/2116B,20/04/2025 00:00:00,21:14:00,84,203,93,4,6,,,,,,,,,,,,,,,46,306
M1/2116B,20/04/2025 00:00:00,21:29:00,85,160,74,1,7,,,,,,,,,,,,,,,48,242
M1/2116B,20/04/2025 00:00:00,21:44:00,86,204,80,4,8,,,,,,,,,,,,,,,49,296
M1/2116B,20/04/2025 00:00:00,21:59:00,87,191,65,2,12,,,,,,,,,,,,,,,47,270
M1/2116B,20/04/2025 00:00:00,22:14:00,88,137,58,3,6,,,,,,,,,,,,,,,50,204
M1/2116B,20/04/2025 00:00:00,22:29:00,89,134,59,4,5,,,,,,,,,,,,,,,49,202
M1/2116B,20/04/2025 00:00:00,22:44:00,90,129,37,3,7,,,,,,,,,,,,,,,50,176
M1/2116B,20/04/2025 00:00:00,22:59:00,91,109,46,5,4,,,,,,,,,,,,,,,51,164
M1/2116B,20/04/2025 00:00:00,23:14:00,92,97,34,6,9,,,,,,,,,,,,,,,51,146
M1/2116B,20/04/2025 00:00:00,23:29:00,93,82,42,4,5,,,,,,,,,,,,,,,49,133
M1/2116B,20/04/2025 00:00:00,23:44:00,94,101,45,2,1,,,,,,,,,,,,,,,49,149
M1/2116B,20/04/2025 00:00:00,23:59:00,95,69,36,0,4,,,,,,,,,,,,,,,50,109
M1/2116B,21/04/2025 00:00:00,00:14:00,0,65,31,1,6,,,,,,,,,,,,,,,48,103
M1/2116B,21/04/2025 00:00:00,00:29:00,1,67,22,5,4,,,,,,,,,,,,,,,49,98
M1/2116B,21/04/2025 00:00:00,00:44:00,2,55,24,1,4,,,,,,,,,,,,,,,48,84
M1/2116B,21/04/2025 00:00:00,00:59:00,3,60,19,2,2,,,,,,,,,,,,,,,50,83
M1/2116B,21/04/2025 00:00:00,01:14:00,4,49,21,4,6,,,,,,,,,,,,,,,49,80
M1/2116B,21/04/2025 00:00:00,01:29:00,5,30,21,7,3,,,,,,,,,,,,,,,50,61
M1/2116B,21/04/2025 00:00:00,01:44:00,6,44,15,4,3,,,,,,,,,,,,,,,49,66
M1/2116B,21/04/2025 00:00:00,01:59:00,7,28,14,2,3,,,,,,,,,,,,,,,49,47
M1/2116B,21/04/2025 00:00:00,02:14:00,8,20,14,2,2,,,,,,,,,,,,,,,50,38
M1/2116B,21/04/2025 00:00:00,02:29:00,9,30,18,2,3,,,,,,,,,,,,,,,49,53
M1/2116B,21/04/2025 00:00:00,02:44:00,10,27,8,3,2,,,,,,,,,,,,,,,51,40
M1/2116B,21/04/2025 00:00:00,02:59:00,11,20,15,1,3,,,,,,,,,,,,,,,48,39
M1/2116B,21/04/2025 00:00:00,03:14:00,12,13,12,3,8,,,,,,,,,,,,,,,48,36
M1/2116B,21/04/2025 00:00:00,03:29:00,13,21,7,2,11,,,,,,,,,,,,,,,47,41
M1/2116B,21/04/2025 00:00:00,03:44:00,14,18,8,3,8,,,,,,,,,,,,,,,48,37
M1/2116B,21/04/2025 00:00:00,03:59:00,15,25,5,0,6,,,,,,,,,,,,,,,50,36
M1/2116B,21/04/2025 00:00:00,04:14:00,16,16,8,4,3,,,,,,,,,,,,,,,51,31
M1/2116B,21/04/2025 00:00:00,04:29:00,17,16,20,3,4,,,,,,,,,,,,,,,49,43
M1/2116B,21/04/2025 00:00:00,04:44:00,18,31,15,5,2,,,,,,,,,,,,,,,52,53
M1/2116B,21/04/2025 00:00:00,04:59:00,19,22,14,3,6,,,,,,,,,,,,,,,49,45
M1/2116B,21/04/2025 00:00:00,05:14:00,20,45,15,7,6,,,,,,,,,,,,,,,49,73
M1/2116B,21/04/2025 00:00:00,05:29:00,21,55,18,5,8,,,,,,,,,,,,,,,51,86
M1/2116B,21/04/2025 00:00:00,05:44:00,22,62,29,6,10,,,,,,,,,,,,,,,53,107
M1/2116B,21/04/2025 00:00:00,05:59:00,23,57,20,12,11,,,,,,,,,,,,,,,54,100
M1/2116B,21/04/2025 00:00:00,06:14:00,24,60,22,16,13,,,,,,,,,,,,,,,54,111
M1/2116B,21/04/2025 00:00:00,06:29:00,25,75,40,9,5,,,,,,,,,,,,,,,54,129
M1/2116B,21/04/2025 00:00:00,06:44:00,26,90,43,25,15,,,,,,,,,,,,,,,53,173
M1/2116B,21/04/2025 00:00:00,06:59:00,27,81,39,14,10,,,,,,,,,,,,,,,52,144
M1/2116B,21/04/2025 00:00:00,07:14:00,28,17,15,3,2,,,,,,,,,,,,,,,54,38
M1/2116B,21/04/2025 00:00:00,07:29:00,29,127,64,24,13,,,,,,,,,,,,,,,51,228
M1/2116B,21/04/2025 00:00:00,07:44:00,30,78,34,12,10,,,,,,,,,,,,,,,53,134
M1/2116B,21/04/2025 00:00:00,07:59:00,31,50,49,7,8,,,,,,,,,,,,,,,51,114
M1/2116B,21/04/2025 00:00:00,08:14:00,32,77,33,15,4,,,,,,,,,,,,,,,52,129
M1/2116B,21/04/2025 00:00:00,08:29:00,33,101,44,11,9,,,,,,,,,,,,,,,52,165
M1/2116B,21/04/2025 00:00:00,08:44:00,34,101,43,5,6,,,,,,,,,,,,,,,52,155
M1/2116B,21/04/2025 00:00:00,08:59:00,35,96,49,8,10,,,,,,,,,,,,,,,51,163
M1/2116B,21/04/2025 00:00:00,09:14:00,36,93,50,8,8,,,,,,,,,,,,,,,51,159
M1/2116B,21/04/2025 00:00:00,09:29:00,37,105,55,7,13,,,,,,,,,,,,,,,52,180
M1/2116B,21/04/2025 00:00:00,09:44:00,38,166,80,9,9,,,,,,,,,,,,,,,51,264
M1/2116B,21/04/2025 00:00:00,09:59:00,39,201,90,10,9,,,,,,,,,,,,,,,52,310
M1/2116B,21/04/2025 00:00:00,10:14:00,40,189,71,6,6,,,,,,,,,,,,,,,51,272
M1/2116B,21/04/2025 00:00:00,10:29:00,41,212,81,15,12,,,,,,,,,,,,,,,52,320
M1/2116B,21/04/2025 00:00:00,10:44:00,42,204,95,7,9,,,,,,,,,,,,,,,50,315
M1/2116B,21/04/2025 00:00:00,10:59:00,43,237,110,7,12,,,,,,,,,,,,,,,51,366
M1/2116B,21/04/2025 00:00:00,11:14:00,44,253,117,6,10,,,,,,,,,,,,,,,50,386
M1/2116B,21/04/2025 00:00:00,11:29:00,45,240,103,9,4,,,,,,,,,,,,,,,52,356
M1/2116B,21/04/2025 00:00:00,11:44:00,46,209,117,9,3,,,,,,,,,,,,,,,52,338
M1/2116B,21/04/2025 00:00:00,11:59:00,47,270,117,12,7,,,,,,,,,,,,,,,50,406
M1/2116B,21/04/2025 00:00:00,12:14:00,48,233,107,10,6,,,,,,,,,,,,,,,51,356
M1/2116B,21/04/2025 00:00:00,12:29:00,49,286,95,9,7,,,,,,,,,,,,,,,52,397
M1/2116B,21/04/2025 00:00:00,12:44:00,50,270,118,5,8,,,,,,,,,,,,,,,51,401
M1/2116B,21/04/2025 00:00:00,12:59:00,51,265,133,3,7,,,,,,,,,,,,,,,50,408
M1/2116B,21/04/2025 00:00:00,13:14:00,52,284,117,8,9,,,,,,,,,,,,,,,51,418
M1/2116B,21/04/2025 00:00:00,13:29:00,53,295,117,4,10,,,,,,,,,,,,,,,50,425
M1/2116B,21/04/2025 00:00:00,13:44:00,54,310,129,5,8,,,,,,,,,,,,,,,48,452
M1/2116B,21/04/2025 00:00:00,13:59:00,55,279,125,8,10,,,,,,,,,,,,,,,49,422
M1/2116B,21/04/2025 00:00:00,14:14:00,56,276,110,10,8,,,,,,,,,,,,,,,50,404
M1/2116B,21/04/2025 00:00:00,14:29:00,57,264,114,3,8,,,,,,,,,,,,,,,50,389
M1/2116B,21/04/2025 00:00:00,14:44:00,58,266,106,8,14,,,,,,,,,,,,,,,49,394
M1/2116B,21/04/2025 00:00:00,14:59:00,59,285,125,8,3,,,,,,,,,,,,,,,49,421
M1/2116B,21/04/2025 00:00:00,15:14:00,60,248,114,11,8,,,,,,,,,,,,,,,49,381
M1/2116B,21/04/2025 00:00:00,15:29:00,61,253,103,14,10,,,,,,,,,,,,,,,50,380
M1/2116B,21/04/2025 00:00:00,15:44:00,62,284,93,0,7,,,,,,,,,,,,,,,49,384
M1/2116B,21/04/2025 00:00:00,15:59:00,63,273,109,9,10,,,,,,,,,,,,,,,49,401
M1/2116B,21/04/2025 00:00:00,16:14:00,64,245,126,6,10,,,,,,,,,,,,,,,49,387
M1/2116B,21/04/2025 00:00:00,16:29:00,65,270,121,9,12,,,,,,,,,,,,,,,47,412
M1/2116B,21/04/2025 00:00:00,16:44:00,66,277,99,12,6,,,,,,,,,,,,,,,47,394
M1/2116B,21/04/2025 00:00:00,16:59:00,67,234,121,12,7,,,,,,,,,,,,,,,47,374
M1/2116B,21/04/2025 00:00:00,17:14:00,68,296,116,7,10,,,,,,,,,,,,,,,48,429
M1/2116B,21/04/2025 00:00:00,17:29:00,69,278,114,8,6,,,,,,,,,,,,,,,49,406
M1/2116B,21/04/2025 00:00:00,17:44:00,70,314,123,8,6,,,,,,,,,,,,,,,48,451
M1/2116B,21/04/2025 00:00:00,17:59:00,71,276,98,8,10,,,,,,,,,,,,,,,51,392
M1/2116B,21/04/2025 00:00:00,18:14:00,72,294,104,4,6,,,,,,,,,,,,,,,51,408
M1/2116B,21/04/2025 00:00:00,18:29:00,73,281,97,11,11,,,,,,,,,,,,,,,48,400
M1/2116B,21/04/2025 00:00:00,18:44:00,74,305,119,6,6,,,,,,,,,,,,,,,49,437
M1/2116B,21/04/2025 00:00:00,18:59:00,75,300,129,10,14,,,,,,,,,,,,,,,48,453
M1/2116B,21/04/2025 00:00:00,19:14:00,76,292,100,2,8,,,,,,,,,,,,,,,49,402
M1/2116B,21/04/2025 00:00:00,19:29:00,77,296,119,6,9,,,,,,,,,,,,,,,49,430
M1/2116B,21/04/2025 00:00:00,19:44:00,78,228,103,6,6,,,,,,,,,,,,,,,50,343
M1/2116B,21/04/2025 00:00:00,19:59:00,79,232,110,7,10,,,,,,,,,,,,,,,50,359
M1/2116B,21/04/2025 00:00:00,20:14:00,80,222,96,11,12,,,,,,,,,,,,,,,50,341
M1/2116B,21/04/2025 00:00:00,20:29:00,81,210,85,9,10,,,,,,,,,,,,,,,49,314
M1/2116B,21/04/2025 00:00:00,20:44:00,82,193,61,5,8,,,,,,,,,,,,,,,49,267
M1/2116B,21/04/2025 00:00:00,20:59:00,83,211,87,2,10,,,,,,,,,,,,,,,47,310
M1/2116B,21/04/2025 00:00:00,21:14:00,84,202,84,5,8,,,,,,,,,,,,,,,46,299
M1/2116B,21/04/2025 00:00:00,21:29:00,85,193,75,5,12,,,,,,,,,,,,,,,47,285
M1/2116B,21/04/2025 00:00:00,21:44:00,86,197,80,8,14,,,,,,,,,,,,,,,47,299
M1/2116B,21/04/2025 00:00:00,21:59:00,87,172,88,3,12,,,,,,,,,,,,,,,49,275
M1/2116B,21/04/2025 00:00:00,22:14:00,88,146,76,7,6,,,,,,,,,,,,,,,49,235
M1/2116B,21/04/2025 00:00:00,22:29:00,89,147,63,5,4,,,,,,,,,,,,,,,49,219
M1/2116B,21/04/2025 00:00:00,22:44:00,90,138,58,10,5,,,,,,,,,,,,,,,48,211
M1/2116B,21/04/2025 00:00:00,22:59:00,91,82,49,2,9,,,,,,,,,,,,,,,50,142
M1/2116B,21/04/2025 00:00:00,23:14:00,92,89,42,5,14,,,,,,,,,,,,,,,48,150
M1/2116B,21/04/2025 00:00:00,23:29:00,93,58,37,6,7,,,,,,,,,,,,,,,50,108
M1/2116B,21/04/2025 00:00:00,23:44:00,94,75,31,3,2,,,,,,,,,,,,,,,51,111
M1/2116B,21/04/2025 00:00:00,23:59:00,95,72,28,4,6,,,,,,,,,,,,,,,50,110
M1/2116B,22/04/2025 00:00:00,00:14:00,0,59,24,3,8,,,,,,,,,,,,,,,49,94
M1/2116B,22/04/2025 00:00:00,00:29:00,1,39,31,2,1,,,,,,,,,,,,,,,51,73
M1/2116B,22/04/2025 00:00:00,00:44:00,2,37,35,5,3,,,,,,,,,,,,,,,50,80
M1/2116B,22/04/2025 00:00:00,00:59:00,3,39,18,1,2,,,,,,,,,,,,,,,50,60
M1/2116B,22/04/2025 00:00:00,01:14:00,4,39,15,0,6,,,,,,,,,,,,,,,49,60
M1/2116B,22/04/2025 00:00:00,01:29:00,5,16,18,6,5,,,,,,,,,,,,,,,49,45
M1/2116B,22/04/2025 00:00:00,01:44:00,6,23,16,1,5,,,,,,,,,,,,,,,51,45
M1/2116B,22/04/2025 00:00:00,01:59:00,7,24,11,3,10,,,,,,,,,,,,,,,49,48
M1/2116B,22/04/2025 00:00:00,02:14:00,8,15,16,1,3,,,,,,,,,,,,,,,47,35
M1/2116B,22/04/2025 00:00:00,02:29:00,9,27,17,4,7,,,,,,,,,,,,,,,49,55
M1/2116B,22/04/2025 00:00:00,02:44:00,10,12,13,0,7,,,,,,,,,,,,,,,49,32
M1/2116B,22/04/2025 00:00:00,02:59:00,11,9,17,2,7,,,,,,,,,,,,,,,48,35
M1/2116B,22/04/2025 00:00:00,03:14:00,12,16,16,6,8,,,,,,,,,,,,,,,48,46
M1/2116B,22/04/2025 00:00:00,03:29:00,13,14,9,7,4,,,,,,,,,,,,,,,49,34
M1/2116B,22/04/2025 00:00:00,03:44:00,14,24,18,3,9,,,,,,,,,,,,,,,49,54
M1/2116B,22/04/2025 00:00:00,03:59:00,15,24,6,3,8,,,,,,,,,,,,,,,51,41
M1/2116B,22/04/2025 00:00:00,04:14:00,16,17,15,9,8,,,,,,,,,,,,,,,50,49
M1/2116B,22/04/2025 00:00:00,04:29:00,17,38,21,6,10,,,,,,,,,,,,,,,52,75
M1/2116B,22/04/2025 00:00:00,04:44:00,18,38,26,10,14,,,,,,,,,,,,,,,50,88
M1/2116B,22/04/2025 00:00:00,04:59:00,19,43,26,10,11,,,,,,,,,,,,,,,53,90
M1/2116B,22/04/2025 00:00:00,05:14:00,20,65,31,15,12,,,,,,,,,,,,,,,53,123
M1/2116B,22/04/2025 00:00:00,05:29:00,21,98,49,19,11,,,,,,,,,,,,,,,54,177
M1/2116B,22/04/2025 00:00:00,05:44:00,22,135,71,26,14,,,,,,,,,,,,,,,55,246
M1/2116B,22/04/2025 00:00:00,05:59:00,23,176,138,47,19,,,,,,,,,,,,,,,54,380
M1/2116B,22/04/2025 00:00:00,06:14:00,24,227,156,40,25,,,,,,,,,,,,,,,55,448
M1/2116B,22/04/2025 00:00:00,06:29:00,25,294,238,63,19,,,,,,,,,,,,,,,51,614
M1/2116B,22/04/2025 00:00:00,06:44:00,26,296,267,83,21,,,,,,,,,,,,,,,49,667
M1/2116B,22/04/2025 00:00:00,06:59:00,27,294,328,92,38,,,,,,,,,,,,,,,19,752
M1/2116B,22/04/2025 00:00:00,07:14:00,28,334,251,90,34,,,,,,,,,,,,,,,11,709
M1/2116B,22/04/2025 00:00:00,07:29:00,29,317,218,80,43,,,,,,,,,,,,,,,10,658
M1/2116B,22/04/2025 00:00:00,07:44:00,30,273,193,70,36,,,,,,,,,,,,,,,9,572
M1/2116B,22/04/2025 00:00:00,07:59:00,31,306,197,95,36,,,,,,,,,,,,,,,9,634
M1/2116B,22/04/2025 00:00:00,08:14:00,32,294,186,80,47,,,,,,,,,,,,,,,9,607
M1/2116B,22/04/2025 00:00:00,08:29:00,33,336,196,82,27,,,,,,,,,,,,,,,22,640
M1/2116B,22/04/2025 00:00:00,08:44:00,34,290,177,68,24,,,,,,,,,,,,,,,47,559
M1/2116B,22/04/2025 00:00:00,08:59:00,35,297,229,84,28,,,,,,,,,,,,,,,38,638
M1/2116B,22/04/2025 00:00:00,09:14:00,36,234,205,71,45,,,,,,,,,,,,,,,12,555
M1/2116B,22/04/2025 00:00:00,09:29:00,37,228,165,71,46,,,,,,,,,,,,,,,10,510
M1/2116B,22/04/2025 00:00:00,09:44:00,38,253,177,70,26,,,,,,,,,,,,,,,22,526
M1/2116B,22/04/2025 00:00:00,09:59:00,39,223,162,48,20,,,,,,,,,,,,,,,49,453
M1/2116B,22/04/2025 00:00:00,10:14:00,40,222,129,62,23,,,,,,,,,,,,,,,47,436
M1/2116B,22/04/2025 00:00:00,10:29:00,41,186,135,48,28,,,,,,,,,,,,,,,48,397
M1/2116B,22/04/2025 00:00:00,10:44:00,42,193,109,36,21,,,,,,,,,,,,,,,49,359
M1/2116B,22/04/2025 00:00:00,10:59:00,43,179,94,40,21,,,,,,,,,,,,,,,49,334
M1/2116B,22/04/2025 00:00:00,11:14:00,44,197,98,32,20,,,,,,,,,,,,,,,49,347
M1/2116B,22/04/2025 00:00:00,11:29:00,45,160,102,34,23,,,,,,,,,,,,,,,51,319
M1/2116B,22/04/2025 00:00:00,11:44:00,46,172,99,39,23,,,,,,,,,,,,,,,50,333
M1/2116B,22/04/2025 00:00:00,11:59:00,47,143,99,31,11,,,,,,,,,,,,,,,51,284
M1/2116B,22/04/2025 00:00:00,12:14:00,48,155,106,27,19,,,,,,,,,,,,,,,50,308
M1/2116B,22/04/2025 00:00:00,12:29:00,49,153,82,25,24,,,,,,,,,,,,,,,51,284
M1/2116B,22/04/2025 00:00:00,12:44:00,50,141,102,32,13,,,,,,,,,,,,,,,51,288
M1/2116B,22/04/2025 00:00:00,12:59:00,51,191,81,32,19,,,,,,,,,,,,,,,50,324
M1/2116B,22/04/2025 00:00:00,13:14:00,52,160,97,25,15,,,,,,,,,,,,,,,51,297
M1/2116B,22/04/2025 00:00:00,13:29:00,53,158,80,30,19,,,,,,,,,,,,,,,51,287
M1/2116B,22/04/2025 00:00:00,13:44:00,54,160,80,17,15,,,,,,,,,,,,,,,52,272
M1/2116B,22/04/2025 00:00:00,13:59:00,55,151,78,22,16,,,,,,,,,,,,,,,50,267
M1/2116B,22/04/2025 00:00:00,14:14:00,56,135,88,20,12,,,,,,,,,,,,,,,52,255
M1/2116B,22/04/2025 00:00:00,14:29:00,57,158,69,21,16,,,,,,,,,,,,,,,53,264
M1/2116B,22/04/2025 00:00:00,14:44:00,58,168,88,26,10,,,,,,,,,,,,,,,51,292
M1/2116B,22/04/2025 00:00:00,14:59:00,59,156,81,24,11,,,,,,,,,,,,,,,51,272
M1/2116B,22/04/2025 00:00:00,15:14:00,60,146,85,18,14,,,,,,,,,,,,,,,53,263
M1/2116B,22/04/2025 00:00:00,15:29:00,61,158,74,19,14,,,,,,,,,,,,,,,50,265
M1/2116B,22/04/2025 00:00:00,15:44:00,62,175,69,24,7,,,,,,,,,,,,,,,50,275
M1/2116B,22/04/2025 00:00:00,15:59:00,63,162,95,22,6,,,,,,,,,,,,,,,51,285
M1/2116B,22/04/2025 00:00:00,16:14:00,64,156,90,22,10,,,,,,,,,,,,,,,52,278
M1/2116B,22/04/2025 00:00:00,16:29:00,65,158,78,15,8,,,,,,,,,,,,,,,52,259
M1/2116B,22/04/2025 00:00:00,16:44:00,66,119,43,7,1,,,,,,,,,,,,,,,53,170
M1/2116B,22/04/2025 00:00:00,16:59:00,67,109,48,10,7,,,,,,,,,,,,,,,54,174
M1/2116B,22/04/2025 00:00:00,17:14:00,68,225,104,17,16,,,,,,,,,,,,,,,18,362
M1/2116B,22/04/2025 00:00:00,17:29:00,69,199,95,17,37,,,,,,,,,,,,,,,7,348
M1/2116B,22/04/2025 00:00:00,17:44:00,70,229,115,22,21,,,,,,,,,,,,,,,11,387
M1/2116B,22/04/2025 00:00:00,17:59:00,71,248,84,14,15,,,,,,,,,,,,,,,51,360
M1/2116B,22/04/2025 00:00:00,18:14:00,72,230,106,12,10,,,,,,,,,,,,,,,51,358
M1/2116B,22/04/2025 00:00:00,18:29:00,73,244,94,13,10,,,,,,,,,,,,,,,53,361
M1/2116B,22/04/2025 00:00:00,18:44:00,74,199,76,11,11,,,,,,,,,,,,,,,53,297
M1/2116B,22/04/2025 00:00:00,18:59:00,75,227,86,16,5,,,,,,,,,,,,,,,53,334
M1/2116B,22/04/2025 00:00:00,19:14:00,76,186,76,12,11,,,,,,,,,,,,,,,53,285
M1/2116B,22/04/2025 00:00:00,19:29:00,77,183,65,12,11,,,,,,,,,,,,,,,52,270
M1/2116B,22/04/2025 00:00:00,19:44:00,78,162,72,7,9,,,,,,,,,,,,,,,52,250
M1/2116B,22/04/2025 00:00:00,19:59:00,79,128,61,9,14,,,,,,,,,,,,,,,52,212
M1/2116B,22/04/2025 00:00:00,20:14:00,80,152,58,14,9,,,,,,,,,,,,,,,52,233
M1/2116B,22/04/2025 00:00:00,20:29:00,81,139,65,8,11,,,,,,,,,,,,,,,51,223
M1/2116B,22/04/2025 00:00:00,20:44:00,82,114,68,8,11,,,,,,,,,,,,,,,52,201
M1/2116B,22/04/2025 00:00:00,20:59:00,83,57,17,7,2,,,,,,,,,,,,,,,48,83
M1/2116B,22/04/2025 00:00:00,21:14:00,84,160,94,18,11,,,,,,,,,,,,,,,25,283
M1/2116B,22/04/2025 00:00:00,21:29:00,85,102,46,8,10,,,,,,,,,,,,,,,51,166
M1/2116B,22/04/2025 00:00:00,21:44:00,86,110,32,5,6,,,,,,,,,,,,,,,48,153
M1/2116B,22/04/2025 00:00:00,21:59:00,87,96,43,5,5,,,,,,,,,,,,,,,49,149
M1/2116B,22/04/2025 00:00:00,22:14:00,88,87,45,6,9,,,,,,,,,,,,,,,49,147
M1/2116B,22/04/2025 00:00:00,22:29:00,89,86,29,8,5,,,,,,,,,,,,,,,51,128
M1/2116B,22/04/2025 00:00:00,22:44:00,90,54,31,5,7,,,,,,,,,,,,,,,51,97
M1/2116B,22/04/2025 00:00:00,22:59:00,91,71,33,9,7,,,,,,,,,,,,,,,49,120
M1/2116B,22/04/2025 00:00:00,23:14:00,92,68,32,3,10,,,,,,,,,,,,,,,49,113
M1/2116B,22/04/2025 00:00:00,23:29:00,93,49,32,7,6,,,,,,,,,,,,,,,50,94
M1/2116B,22/04/2025 00:00:00,23:44:00,94,53,21,6,9,,,,,,,,,,,,,,,47,89
M1/2116B,22/04/2025 00:00:00,23:59:00,95,44,23,3,6,,,,,,,,,,,,,,,49,76
M1/2116B,23/04/2025 00:00:00,00:14:00,0,36,28,4,14,,,,,,,,,,,,,,,46,82
M1/2116B,23/04/2025 00:00:00,00:29:00,1,29,21,2,2,,,,,,,,,,,,,,,47,54
M1/2116B,23/04/2025 00:00:00,00:44:00,2,35,15,6,6,,,,,,,,,,,,,,,50,62
M1/2116B,23/04/2025 00:00:00,00:59:00,3,38,22,2,8,,,,,,,,,,,,,,,49,70
M1/2116B,23/04/2025 00:00:00,01:14:00,4,22,16,4,6,,,,,,,,,,,,,,,49,48
M1/2116B,23/04/2025 00:00:00,01:29:00,5,34,21,4,5,,,,,,,,,,,,,,,49,64
M1/2116B,23/04/2025 00:00:00,01:44:00,6,28,22,9,6,,,,,,,,,,,,,,,50,65
M1/2116B,23/04/2025 00:00:00,01:59:00,7,19,19,3,6,,,,,,,,,,,,,,,50,47
M1/2116B,23/04/2025 00:00:00,02:14:00,8,16,14,5,13,,,,,,,,,,,,,,,46,48
M1/2116B,23/04/2025 00:00:00,02:29:00,9,18,5,7,7,,,,,,,,,,,,,,,48,37
M1/2116B,23/04/2025 00:00:00,02:44:00,10,19,11,2,11,,,,,,,,,,,,,,,45,43
M1/2116B,23/04/2025 00:00:00,02:59:00,11,13,4,2,4,,,,,,,,,,,,,,,45,23
M1/2116B,23/04/2025 00:00:00,03:14:00,12,15,10,3,12,,,,,,,,,,,,,,,44,40
M1/2116B,23/04/2025 00:00:00,03:29:00,13,14,10,8,10,,,,,,,,,,,,,,,46,42
M1/2116B,23/04/2025 00:00:00,03:44:00,14,18,10,8,6,,,,,,,,,,,,,,,46,42
M1/2116B,23/04/2025 00:00:00,03:59:00,15,19,14,9,10,,,,,,,,,,,,,,,48,52
M1/2116B,23/04/2025 00:00:00,04:14:00,16,14,11,5,19,,,,,,,,,,,,,,,46,49
M1/2116B,23/04/2025 00:00:00,04:29:00,17,22,19,9,14,,,,,,,,,,,,,,,45,64
M1/2116B,23/04/2025 00:00:00,04:44:00,18,32,15,10,8,,,,,,,,,,,,,,,48,65
M1/2116B,23/04/2025 00:00:00,04:59:00,19,35,20,12,12,,,,,,,,,,,,,,,48,79
M1/2116B,23/04/2025 00:00:00,05:14:00,20,56,26,14,17,,,,,,,,,,,,,,,48,113
M1/2116B,23/04/2025 00:00:00,05:29:00,21,94,48,18,14,,,,,,,,,,,,,,,50,174
M1/2116B,23/04/2025 00:00:00,05:44:00,22,120,60,24,10,,,,,,,,,,,,,,,51,214
M1/2116B,23/04/2025 00:00:00,05:59:00,23,176,100,32,30,,,,,,,,,,,,,,,49,338
M1/2116B,23/04/2025 00:00:00,06:14:00,24,219,158,70,23,,,,,,,,,,,,,,,46,470
M1/2116B,23/04/2025 00:00:00,06:29:00,25,279,222,75,19,,,,,,,,,,,,,,,45,595
M1/2116B,23/04/2025 00:00:00,06:44:00,26,286,291,93,22,,,,,,,,,,,,,,,42,692
M1/2116B,23/04/2025 00:00:00,06:59:00,27,266,252,87,42,,,,,,,,,,,,,,,13,647
M1/2116B,23/04/2025 00:00:00,07:14:00,28,299,196,80,37,,,,,,,,,,,,,,,10,612
M1/2116B,23/04/2025 00:00:00,07:29:00,29,267,230,71,34,,,,,,,,,,,,,,,12,602
M1/2116B,23/04/2025 00:00:00,07:44:00,30,317,218,75,29,,,,,,,,,,,,,,,37,639
M1/2116B,23/04/2025 00:00:00,07:59:00,31,305,226,69,13,,,,,,,,,,,,,,,43,613
M1/2116B,23/04/2025 00:00:00,08:14:00,32,299,219,64,23,,,,,,,,,,,,,,,43,605
M1/2116B,23/04/2025 00:00:00,08:29:00,33,238,164,61,15,,,,,,,,,,,,,,,46,478
M1/2116B,23/04/2025 00:00:00,08:44:00,34,272,179,62,14,,,,,,,,,,,,,,,46,527
M1/2116B,23/04/2025 00:00:00,08:59:00,35,279,216,84,28,,,,,,,,,,,,,,,28,607
M1/2116B,23/04/2025 00:00:00,09:14:00,36,301,181,70,46,,,,,,,,,,,,,,,8,598
M1/2116B,23/04/2025 00:00:00,09:29:00,37,294,216,82,43,,,,,,,,,,,,,,,9,635
M1/2116B,23/04/2025 00:00:00,09:44:00,38,215,124,53,52,,,,,,,,,,,,,,,7,444
M1/2116B,23/04/2025 00:00:00,09:59:00,39,241,177,74,50,,,,,,,,,,,,,,,9,542
M1/2116B,23/04/2025 00:00:00,10:14:00,40,190,98,59,50,,,,,,,,,,,,,,,7,396
M1/2116B,23/04/2025 00:00:00,10:29:00,41,268,136,71,45,,,,,,,,,,,,,,,8,520
M1/2116B,23/04/2025 00:00:00,10:44:00,42,163,133,51,39,,,,,,,,,,,,,,,10,386
M1/2116B,23/04/2025 00:00:00,10:59:00,43,179,133,32,24,,,,,,,,,,,,,,,34,368
M1/2116B,23/04/2025 00:00:00,11:14:00,44,181,94,23,29,,,,,,,,,,,,,,,48,327
M1/2116B,23/04/2025 00:00:00,11:29:00,45,159,92,31,24,,,,,,,,,,,,,,,50,306
M1/2116B,23/04/2025 00:00:00,11:44:00,46,165,102,39,12,,,,,,,,,,,,,,,50,318
M1/2116B,23/04/2025 00:00:00,11:59:00,47,141,97,39,22,,,,,,,,,,,,,,,50,299
M1/2116B,23/04/2025 00:00:00,12:14:00,48,133,98,27,14,,,,,,,,,,,,,,,50,271
M1/2116B,23/04/2025 00:00:00,12:29:00,49,146,81,31,19,,,,,,,,,,,,,,,50,277
M1/2116B,23/04/2025 00:00:00,12:44:00,50,159,85,27,19,,,,,,,,,,,,,,,50,290
M1/2116B,23/04/2025 00:00:00,12:59:00,51,143,74,26,21,,,,,,,,,,,,,,,50,264
M1/2116B,23/04/2025 00:00:00,13:14:00,52,144,75,13,11,,,,,,,,,,,,,,,50,243
M1/2116B,23/04/2025 00:00:00,13:24:00,53,160,68,27,15,,,,,,,,,,,,,,,51,270
M1/2116B,23/04/2025 00:00:00,13:44:00,54,153,74,27,21,,,,,,,,,,,,,,,49,275
M1/2116B,23/04/2025 00:00:00,13:59:00,55,142,82,27,17,,,,,,,,,,,,,,,49,268
M1/2116B,23/04/2025 00:00:00,14:14:00,56,125,72,24,9,,,,,,,,,,,,,,,51,230
M1/2116B,23/04/2025 00:00:00,14:29:00,57,128,71,22,15,,,,,,,,,,,,,,,51,236
M1/2116B,23/04/2025 00:00:00,14:44:00,58,145,69,32,10,,,,,,,,,,,,,,,51,256
M1/2116B,23/04/2025 00:00:00,14:59:00,59,153,92,41,14,,,,,,,,,,,,,,,50,300
M1/2116B,23/04/2025 00:00:00,15:14:00,60,138,86,29,13,,,,,,,,,,,,,,,51,266
M1/2116B,23/04/2025 00:00:00,15:29:00,61,161,105,20,20,,,,,,,,,,,,,,,51,306
M1/2116B,23/04/2025 00:00:00,15:44:00,62,189,101,35,6,,,,,,,,,,,,,,,50,331
M1/2116B,23/04/2025 00:00:00,15:59:00,63,168,90,27,13,,,,,,,,,,,,,,,51,298
M1/2116B,23/04/2025 00:00:00,16:14:00,64,180,81,17,13,,,,,,,,,,,,,,,51,291
M1/2116B,23/04/2025 00:00:00,16:29:00,65,196,72,7,8,,,,,,,,,,,,,,,52,283
M1/2116B,23/04/2025 00:00:00,16:44:00,66,198,88,18,5,,,,,,,,,,,,,,,54,309
M1/2116B,23/04/2025 00:00:00,16:59:00,67,201,108,8,11,,,,,,,,,,,,,,,51,327
M1/2116B,23/04/2025 00:00:00,17:14:00,68,191,100,13,13,,,,,,,,,,,,,,,52,317
M1/2116B,23/04/2025 00:00:00,17:29:00,69,233,103,9,6,,,,,,,,,,,,,,,52,351
M1/2116B,23/04/2025 00:00:00,17:44:00,70,291,107,13,8,,,,,,,,,,,,,,,52,419
M1/2116B,23/04/2025 00:00:00,17:59:00,71,231,83,12,8,,,,,,,,,,,,,,,50,333
M1/2116B,23/04/2025 00:00:00,18:14:00,72,287,122,17,12,,,,,,,,,,,,,,,49,438
M1/2116B,23/04/2025 00:00:00,18:29:00,73,295,139,15,12,,,,,,,,,,,,,,,51,461
M1/2116B,23/04/2025 00:00:00,18:44:00,74,203,82,13,12,,,,,,,,,,,,,,,51,310
M1/2116B,23/04/2025 00:00:00,18:59:00,75,198,76,13,9,,,,,,,,,,,,,,,53,296
M1/2116B,23/04/2025 00:00:00,19:14:00,76,178,62,8,7,,,,,,,,,,,,,,,53,255
M1/2116B,23/04/2025 00:00:00,19:29:00,77,163,80,15,7,,,,,,,,,,,,,,,53,265
M1/2116B,23/04/2025 00:00:00,19:44:00,78,152,56,6,7,,,,,,,,,,,,,,,52,221
M1/2116B,23/04/2025 00:00:00,19:59:00,79,146,65,19,12,,,,,,,,,,,,,,,52,242
M1/2116B,23/04/2025 00:00:00,20:14:00,80,144,60,22,5,,,,,,,,,,,,,,,51,231
M1/2116B,23/04/2025 00:00:00,20:29:00,81,111,46,5,10,,,,,,,,,,,,,,,52,172
M1/2116B,23/04/2025 00:00:00,20:44:00,82,116,50,5,10,,,,,,,,,,,,,,,53,181
M1/2116B,23/04/2025 00:00:00,20:59:00,83,93,49,8,13,,,,,,,,,,,,,,,49,163
M1/2116B,23/04/2025 00:00:00,21:14:00,84,89,63,15,10,,,,,,,,,,,,,,,50,177
M1/2116B,23/04/2025 00:00:00,21:29:00,85,99,53,6,8,,,,,,,,,,,,,,,50,166
M1/2116B,23/04/2025 00:00:00,21:44:00,86,112,49,11,6,,,,,,,,,,,,,,,51,178
M1/2116B,23/04/2025 00:00:00,21:59:00,87,89,31,10,9,,,,,,,,,,,,,,,51,139
M1/2116B,23/04/2025 00:00:00,22:13:00,88,75,33,9,11,,,,,,,,,,,,,,,50,128
M1/2116B,23/04/2025 00:00:00,22:29:00,89,56,33,3,4,,,,,,,,,,,,,,,51,96
M1/2116B,23/04/2025 00:00:00,22:44:00,90,64,25,7,5,,,,,,,,,,,,,,,52,101
M1/2116B,23/04/2025 00:00:00,22:59:00,91,68,33,4,9,,,,,,,,,,,,,,,51,114
M1/2116B,23/04/2025 00:00:00,23:14:00,92,55,29,7,9,,,,,,,,,,,,,,,50,100
M1/2116B,23/04/2025 00:00:00,23:29:00,93,73,31,11,9,,,,,,,,,,,,,,,49,124
M1/2116B,23/04/2025 00:00:00,23:44:00,94,64,36,5,8,,,,,,,,,,,,,,,50,113
M1/2116B,23/04/2025 00:00:00,23:59:00,95,43,28,7,10,,,,,,,,,,,,,,,49,88
M1/2116B,24/04/2025 00:00:00,00:14:00,0,46,19,5,5,,,,,,,,,,,,,,,51,75
M1/2116B,24/04/2025 00:00:00,00:29:00,1,25,15,7,7,,,,,,,,,,,,,,,49,54
M1/2116B,24/04/2025 00:00:00,00:44:00,2,40,19,6,5,,,,,,,,,,,,,,,50,70
M1/2116B,24/04/2025 00:00:00,00:59:00,3,27,22,1,7,,,,,,,,,,,,,,,51,57
M1/2116B,24/04/2025 00:00:00,01:14:00,4,24,21,4,13,,,,,,,,,,,,,,,49,62
M1/2116B,24/04/2025 00:00:00,01:29:00,5,21,17,4,7,,,,,,,,,,,,,,,51,49
M1/2116B,24/04/2025 00:00:00,01:44:00,6,24,17,7,7,,,,,,,,,,,,,,,49,55
M1/2116B,24/04/2025 00:00:00,01:59:00,7,17,11,4,9,,,,,,,,,,,,,,,49,41
M1/2116B,24/04/2025 00:00:00,02:14:00,8,12,13,8,11,,,,,,,,,,,,,,,48,44
M1/2116B,24/04/2025 00:00:00,02:29:00,9,10,7,1,3,,,,,,,,,,,,,,,49,21
M1/2116B,24/04/2025 00:00:00,02:44:00,10,16,5,5,9,,,,,,,,,,,,,,,48,35
M1/2116B,24/04/2025 00:00:00,02:59:00,11,13,10,6,10,,,,,,,,,,,,,,,48,39
M1/2116B,24/04/2025 00:00:00,03:14:00,12,16,17,7,18,,,,,,,,,,,,,,,50,58
M1/2116B,24/04/2025 00:00:00,03:29:00,13,11,13,5,11,,,,,,,,,,,,,,,47,40
M1/2116B,24/04/2025 00:00:00,03:44:00,14,16,11,5,12,,,,,,,,,,,,,,,50,44
M1/2116B,24/04/2025 00:00:00,03:59:00,15,12,7,7,11,,,,,,,,,,,,,,,49,37
M1/2116B,24/04/2025 00:00:00,04:14:00,16,29,9,12,13,,,,,,,,,,,,,,,51,63
M1/2116B,24/04/2025 00:00:00,04:29:00,17,25,12,6,14,,,,,,,,,,,,,,,50,57
M1/2116B,24/04/2025 00:00:00,04:44:00,18,35,19,14,10,,,,,,,,,,,,,,,53,78
M1/2116B,24/04/2025 00:00:00,04:59:00,19,39,27,15,8,,,,,,,,,,,,,,,56,89
M1/2116B,24/04/2025 00:00:00,05:14:00,20,63,28,13,10,,,,,,,,,,,,,,,56,114
M1/2116B,24/04/2025 00:00:00,05:29:00,21,105,46,33,15,,,,,,,,,,,,,,,54,199
M1/2116B,24/04/2025 00:00:00,05:44:00,22,127,75,25,16,,,,,,,,,,,,,,,58,243
M1/2116B,24/04/2025 00:00:00,05:59:00,23,154,111,48,30,,,,,,,,,,,,,,,55,343
M1/2116B,24/04/2025 00:00:00,06:14:00,24,230,184,80,26,,,,,,,,,,,,,,,53,520
M1/2116B,24/04/2025 00:00:00,06:29:00,25,316,264,85,25,,,,,,,,,,,,,,,50,690
M1/2116B,24/04/2025 00:00:00,06:44:00,26,324,314,109,16,,,,,,,,,,,,,,,44,763
M1/2116B,24/04/2025 00:00:00,06:59:00,27,247,208,82,46,,,,,,,,,,,,,,,8,583
M1/2116B,24/04/2025 00:00:00,07:14:00,28,302,214,91,42,,,,,,,,,,,,,,,9,649
M1/2116B,24/04/2025 00:00:00,07:29:00,29,296,223,85,46,,,,,,,,,,,,,,,10,650
M1/2116B,24/04/2025 00:00:00,07:44:00,30,346,239,92,44,,,,,,,,,,,,,,,11,721
M1/2116B,24/04/2025 00:00:00,07:59:00,31,315,236,99,43,,,,,,,,,,,,,,,12,693
M1/2116B,24/04/2025 00:00:00,08:14:00,32,289,237,95,22,,,,,,,,,,,,,,,31,643
M1/2116B,24/04/2025 00:00:00,08:29:00,33,276,232,80,38,,,,,,,,,,,,,,,22,626
M1/2116B,24/04/2025 00:00:00,08:44:00,34,293,184,73,48,,,,,,,,,,,,,,,9,598
M1/2116B,24/04/2025 00:00:00,08:59:00,35,286,169,81,46,,,,,,,,,,,,,,,9,582
M1/2116B,24/04/2025 00:00:00,09:14:00,36,303,188,87,41,,,,,,,,,,,,,,,11,619
M1/2116B,24/04/2025 00:00:00,09:29:00,37,272,170,79,27,,,,,,,,,,,,,,,28,548
M1/2116B,24/04/2025 00:00:00,09:44:00,38,228,159,67,26,,,,,,,,,,,,,,,37,480
M1/2116B,24/04/2025 00:00:00,09:59:00,39,249,176,43,14,,,,,,,,,,,,,,,48,482
M1/2116B,24/04/2025 00:00:00,10:14:00,40,226,145,51,21,,,,,,,,,,,,,,,48,444
M1/2116B,24/04/2025 00:00:00,10:29:00,41,193,114,39,19,,,,,,,,,,,,,,,51,365
M1/2116B,24/04/2025 00:00:00,10:44:00,42,189,107,48,13,,,,,,,,,,,,,,,51,357
M1/2116B,24/04/2025 00:00:00,10:59:00,43,160,101,36,16,,,,,,,,,,,,,,,51,313
M1/2116B,24/04/2025 00:00:00,11:14:00,44,172,103,27,22,,,,,,,,,,,,,,,50,324
M1/2116B,24/04/2025 00:00:00,11:29:00,45,148,103,32,14,,,,,,,,,,,,,,,50,297
M1/2116B,24/04/2025 00:00:00,11:44:00,46,165,91,32,18,,,,,,,,,,,,,,,49,306
M1/2116B,24/04/2025 00:00:00,11:59:00,47,184,92,24,15,,,,,,,,,,,,,,,51,315
M1/2116B,24/04/2025 00:00:00,12:14:00,48,151,77,25,16,,,,,,,,,,,,,,,52,269
M1/2116B,24/04/2025 00:00:00,12:29:00,49,144,81,17,13,,,,,,,,,,,,,,,52,255
M1/2116B,24/04/2025 00:00:00,12:44:00,50,155,76,27,13,,,,,,,,,,,,,,,52,271
M1/2116B,24/04/2025 00:00:00,12:59:00,51,155,84,24,13,,,,,,,,,,,,,,,51,276
M1/2116B,24/04/2025 00:00:00,13:14:00,52,139,84,31,18,,,,,,,,,,,,,,,51,272
M1/2116B,24/04/2025 00:00:00,13:29:00,53,153,69,24,18,,,,,,,,,,,,,,,51,264
M1/2116B,24/04/2025 00:00:00,13:44:00,54,149,90,19,13,,,,,,,,,,,,,,,52,271
M1/2116B,24/04/2025 00:00:00,13:59:00,55,153,73,17,21,,,,,,,,,,,,,,,51,264
M1/2116B,24/04/2025 00:00:00,14:14:00,56,125,80,30,15,,,,,,,,,,,,,,,51,250
M1/2116B,24/04/2025 00:00:00,14:29:00,57,139,76,26,11,,,,,,,,,,,,,,,51,252
M1/2116B,24/04/2025 00:00:00,14:44:00,58,168,97,32,9,,,,,,,,,,,,,,,52,306
M1/2116B,24/04/2025 00:00:00,14:59:00,59,125,68,22,14,,,,,,,,,,,,,,,50,229
M1/2116B,24/04/2025 00:00:00,15:14:00,60,108,61,24,13,,,,,,,,,,,,,,,50,206
M1/2116B,24/04/2025 00:00:00,15:29:00,61,153,72,26,11,,,,,,,,,,,,,,,51,261
M1/2116B,24/04/2025 00:00:00,15:44:00,62,136,77,22,6,,,,,,,,,,,,,,,52,241
M1/2116B,24/04/2025 00:00:00,15:59:00,63,158,79,15,11,,,,,,,,,,,,,,,51,263
M1/2116B,24/04/2025 00:00:00,16:14:00,64,173,81,23,11,,,,,,,,,,,,,,,50,288
M1/2116B,24/04/2025 00:00:00,16:29:00,65,175,94,19,12,,,,,,,,,,,,,,,52,300
M1/2116B,24/04/2025 00:00:00,16:44:00,66,176,75,20,11,,,,,,,,,,,,,,,52,282
M1/2116B,24/04/2025 00:00:00,16:59:00,67,204,101,23,10,,,,,,,,,,,,,,,51,338
M1/2116B,24/04/2025 00:00:00,17:14:00,68,208,109,17,7,,,,,,,,,,,,,,,51,341
M1/2116B,24/04/2025 00:00:00,17:29:00,69,230,107,22,10,,,,,,,,,,,,,,,51,369
M1/2116B,24/04/2025 00:00:00,17:44:00,70,236,95,25,6,,,,,,,,,,,,,,,51,362
M1/2116B,24/04/2025 00:00:00,17:59:00,71,253,101,20,7,,,,,,,,,,,,,,,51,381
M1/2116B,24/04/2025 00:00:00,18:14:00,72,248,107,14,16,,,,,,,,,,,,,,,50,385
M1/2116B,24/04/2025 00:00:00,18:29:00,73,228,86,16,11,,,,,,,,,,,,,,,53,341
M1/2116B,24/04/2025 00:00:00,18:44:00,74,220,95,19,8,,,,,,,,,,,,,,,54,342
M1/2116B,24/04/2025 00:00:00,18:59:00,75,187,81,5,13,,,,,,,,,,,,,,,53,286
M1/2116B,24/04/2025 00:00:00,19:14:00,76,186,52,9,6,,,,,,,,,,,,,,,53,253
M1/2116B,24/04/2025 00:00:00,19:29:00,77,171,80,8,7,,,,,,,,,,,,,,,53,266
M1/2116B,24/04/2025 00:00:00,19:44:00,78,139,60,10,7,,,,,,,,,,,,,,,54,216
M1/2116B,24/04/2025 00:00:00,19:59:00,79,124,61,9,15,,,,,,,,,,,,,,,50,209
M1/2116B,24/04/2025 00:00:00,20:14:00,80,152,54,10,5,,,,,,,,,,,,,,,54,221
M1/2116B,24/04/2025 00:00:00,20:29:00,81,127,60,7,9,,,,,,,,,,,,,,,53,203
M1/2116B,24/04/2025 00:00:00,20:44:00,82,142,68,9,8,,,,,,,,,,,,,,,52,227
M1/2116B,24/04/2025 00:00:00,20:59:00,83,104,54,10,9,,,,,,,,,,,,,,,51,177
M1/2116B,24/04/2025 00:00:00,21:14:00,84,104,53,7,11,,,,,,,,,,,,,,,50,175
M1/2116B,24/04/2025 00:00:00,21:29:00,85,108,49,6,5,,,,,,,,,,,,,,,52,168
M1/2116B,24/04/2025 00:00:00,21:44:00,86,105,46,9,8,,,,,,,,,,,,,,,50,168
M1/2116B,24/04/2025 00:00:00,21:59:00,87,98,52,7,12,,,,,,,,,,,,,,,50,169
M1/2116B,24/04/2025 00:00:00,22:14:00,88,91,64,6,5,,,,,,,,,,,,,,,50,167
M1/2116B,24/04/2025 00:00:00,22:29:00,89,79,39,5,8,,,,,,,,,,,,,,,50,131
M1/2116B,24/04/2025 00:00:00,22:44:00,90,50,15,3,5,,,,,,,,,,,,,,,50,73
M1/2116B,24/04/2025 00:00:00,22:59:00,91,101,40,8,11,,,,,,,,,,,,,,,51,160
M1/2116B,24/04/2025 00:00:00,23:14:00,92,69,42,8,8,,,,,,,,,,,,,,,50,127
M1/2116B,24/04/2025 00:00:00,23:29:00,93,78,24,6,12,,,,,,,,,,,,,,,51,120
M1/2116B,24/04/2025 00:00:00,23:44:00,94,72,29,0,6,,,,,,,,,,,,,,,49,107
M1/2116B,24/04/2025 00:00:00,23:59:00,95,53,27,7,4,,,,,,,,,,,,,,,51,91
M1/2116B,25/04/2025 00:00:00,00:14:00,0,48,32,6,6,,,,,,,,,,,,,,,50,92
M1/2116B,25/04/2025 00:00:00,00:29:00,1,27,28,6,9,,,,,,,,,,,,,,,50,70
M1/2116B,25/04/2025 00:00:00,00:44:00,2,35,25,12,11,,,,,,,,,,,,,,,50,83
M1/2116B,25/04/2025 00:00:00,00:59:00,3,31,16,6,8,,,,,,,,,,,,,,,50,61
M1/2116B,25/04/2025 00:00:00,01:14:00,4,37,20,6,8,,,,,,,,,,,,,,,50,71
M1/2116B,25/04/2025 00:00:00,01:29:00,5,48,20,6,3,,,,,,,,,,,,,,,49,77
M1/2116B,25/04/2025 00:00:00,01:44:00,6,33,16,9,8,,,,,,,,,,,,,,,49,66
M1/2116B,25/04/2025 00:00:00,01:59:00,7,18,16,6,5,,,,,,,,,,,,,,,48,45
M1/2116B,25/04/2025 00:00:00,02:14:00,8,15,10,2,8,,,,,,,,,,,,,,,44,35
M1/2116B,25/04/2025 00:00:00,02:29:00,9,15,11,5,4,,,,,,,,,,,,,,,48,35
M1/2116B,25/04/2025 00:00:00,02:44:00,10,13,13,2,5,,,,,,,,,,,,,,,47,33
M1/2116B,25/04/2025 00:00:00,02:59:00,11,26,14,7,8,,,,,,,,,,,,,,,50,55
M1/2116B,25/04/2025 00:00:00,03:14:00,12,17,10,7,9,,,,,,,,,,,,,,,49,43
M1/2116B,25/04/2025 00:00:00,03:29:00,13,14,16,8,5,,,,,,,,,,,,,,,46,43
M1/2116B,25/04/2025 00:00:00,03:44:00,14,20,17,7,11,,,,,,,,,,,,,,,52,55
M1/2116B,25/04/2025 00:00:00,03:59:00,15,20,12,9,10,,,,,,,,,,,,,,,50,51
M1/2116B,25/04/2025 00:00:00,04:14:00,16,27,16,6,8,,,,,,,,,,,,,,,50,57
M1/2116B,25/04/2025 00:00:00,04:29:00,17,29,17,8,11,,,,,,,,,,,,,,,51,65
M1/2116B,25/04/2025 00:00:00,04:44:00,18,39,10,10,13,,,,,,,,,,,,,,,51,72
M1/2116B,25/04/2025 00:00:00,04:59:00,19,43,29,13,9,,,,,,,,,,,,,,,53,94
M1/2116B,25/04/2025 00:00:00,05:14:00,20,71,29,19,14,,,,,,,,,,,,,,,55,133
M1/2116B,25/04/2025 00:00:00,05:29:00,21,83,57,25,18,,,,,,,,,,,,,,,56,182
M1/2116B,25/04/2025 00:00:00,05:44:00,22,126,74,20,14,,,,,,,,,,,,,,,57,234
M1/2116B,25/04/2025 00:00:00,05:59:00,23,163,104,37,27,,,,,,,,,,,,,,,55,331
M1/2116B,25/04/2025 00:00:00,06:14:00,24,210,143,50,34,,,,,,,,,,,,,,,54,437
M1/2116B,25/04/2025 00:00:00,06:29:00,25,262,255,80,32,,,,,,,,,,,,,,,51,629
M1/2116B,25/04/2025 00:00:00,06:44:00,26,268,249,114,44,,,,,,,,,,,,,,,17,675
M1/2116B,25/04/2025 00:00:00,06:59:00,27,249,217,93,47,,,,,,,,,,,,,,,9,606
M1/2116B,25/04/2025 00:00:00,07:14:00,28,314,229,100,43,,,,,,,,,,,,,,,11,686
M1/2116B,25/04/2025 00:00:00,07:29:00,29,251,258,110,30,,,,,,,,,,,,,,,16,649
M1/2116B,25/04/2025 00:00:00,07:44:00,30,297,250,91,27,,,,,,,,,,,,,,,26,665
M1/2116B,25/04/2025 00:00:00,07:59:00,31,260,223,86,21,,,,,,,,,,,,,,,46,590
M1/2116B,25/04/2025 00:00:00,08:14:00,32,256,174,85,30,,,,,,,,,,,,,,,48,545
M1/2116B,25/04/2025 00:00:00,08:29:00,33,267,163,72,22,,,,,,,,,,,,,,,47,524
M1/2116B,25/04/2025 00:00:00,08:44:00,34,251,182,70,28,,,,,,,,,,,,,,,35,530
M1/2116B,25/04/2025 00:00:00,08:59:00,35,223,163,86,39,,,,,,,,,,,,,,,12,511
M1/2116B,25/04/2025 00:00:00,09:13:00,36,250,165,54,23,,,,,,,,,,,,,,,36,491
M1/2116B,25/04/2025 00:00:00,09:29:00,37,233,134,48,21,,,,,,,,,,,,,,,49,436
M1/2116B,25/04/2025 00:00:00,09:44:00,38,198,122,38,15,,,,,,,,,,,,,,,49,373
M1/2116B,25/04/2025 00:00:00,09:59:00,39,208,118,49,19,,,,,,,,,,,,,,,45,394
M1/2116B,25/04/2025 00:00:00,10:14:00,40,180,121,27,14,,,,,,,,,,,,,,,51,342
M1/2116B,25/04/2025 00:00:00,10:29:00,41,201,90,43,20,,,,,,,,,,,,,,,50,354
M1/2116B,25/04/2025 00:00:00,10:44:00,42,142,80,34,18,,,,,,,,,,,,,,,50,274
M1/2116B,25/04/2025 00:00:00,10:59:00,43,177,89,32,14,,,,,,,,,,,,,,,50,312
M1/2116B,25/04/2025 00:00:00,11:14:00,44,157,107,35,19,,,,,,,,,,,,,,,49,318
M1/2116B,25/04/2025 00:00:00,11:29:00,45,151,93,28,20,,,,,,,,,,,,,,,50,292
M1/2116B,25/04/2025 00:00:00,11:44:00,46,164,86,26,10,,,,,,,,,,,,,,,51,286
M1/2116B,25/04/2025 00:00:00,11:59:00,47,178,82,34,18,,,,,,,,,,,,,,,50,312
M1/2116B,25/04/2025 00:00:00,12:14:00,48,140,83,24,14,,,,,,,,,,,,,,,52,261
M1/2116B,25/04/2025 00:00:00,12:29:00,49,169,83,21,18,,,,,,,,,,,,,,,51,291
M1/2116B,25/04/2025 00:00:00,12:44:00,50,125,90,22,10,,,,,,,,,,,,,,,51,247
M1/2116B,25/04/2025 00:00:00,12:59:00,51,160,84,18,17,,,,,,,,,,,,,,,50,279
M1/2116B,25/04/2025 00:00:00,13:14:00,52,150,72,26,13,,,,,,,,,,,,,,,50,261
M1/2116B,25/04/2025 00:00:00,13:29:00,53,177,76,24,15,,,,,,,,,,,,,,,49,292
M1/2116B,25/04/2025 00:00:00,13:44:00,54,174,76,24,20,,,,,,,,,,,,,,,50,294
M1/2116B,25/04/2025 00:00:00,13:59:00,55,168,81,21,11,,,,,,,,,,,,,,,50,282
M1/2116B,25/04/2025 00:00:00,14:14:00,56,146,87,21,13,,,,,,,,,,,,,,,52,267
M1/2116B,25/04/2025 00:00:00,14:29:00,57,153,75,21,14,,,,,,,,,,,,,,,51,263
M1/2116B,25/04/2025 00:00:00,14:44:00,58,181,78,22,4,,,,,,,,,,,,,,,50,285
M1/2116B,25/04/2025 00:00:00,14:59:00,59,180,77,27,8,,,,,,,,,,,,,,,52,292
M1/2116B,25/04/2025 00:00:00,15:14:00,60,180,80,21,9,,,,,,,,,,,,,,,50,290
M1/2116B,25/04/2025 00:00:00,15:29:00,61,204,73,28,12,,,,,,,,,,,,,,,52,317
M1/2116B,25/04/2025 00:00:00,15:44:00,62,165,70,22,13,,,,,,,,,,,,,,,51,270
M1/2116B,25/04/2025 00:00:00,15:59:00,63,179,89,15,12,,,,,,,,,,,,,,,50,295
M1/2116B,25/04/2025 00:00:00,16:14:00,64,181,95,24,6,,,,,,,,,,,,,,,52,306
M1/2116B,25/04/2025 00:00:00,16:29:00,65,181,92,19,13,,,,,,,,,,,,,,,50,305
M1/2116B,25/04/2025 00:00:00,16:44:00,66,200,85,22,10,,,,,,,,,,,,,,,51,317
M1/2116B,25/04/2025 00:00:00,16:59:00,67,217,100,13,11,,,,,,,,,,,,,,,51,341
M1/2116B,25/04/2025 00:00:00,17:14:00,68,228,98,19,4,,,,,,,,,,,,,,,50,349
M1/2116B,25/04/2025 00:00:00,17:29:00,69,216,101,15,14,,,,,,,,,,,,,,,52,346
M1/2116B,25/04/2025 00:00:00,17:44:00,70,239,104,22,9,,,,,,,,,,,,,,,51,374
M1/2116B,25/04/2025 00:00:00,17:59:00,71,271,112,12,12,,,,,,,,,,,,,,,50,406
M1/2116B,25/04/2025 00:00:00,18:14:00,72,258,106,12,8,,,,,,,,,,,,,,,51,384
M1/2116B,25/04/2025 00:00:00,18:29:00,73,259,88,12,10,,,,,,,,,,,,,,,52,369
M1/2116B,25/04/2025 00:00:00,18:44:00,74,246,88,15,10,,,,,,,,,,,,,,,52,359
M1/2116B,25/04/2025 00:00:00,18:59:00,75,253,103,15,11,,,,,,,,,,,,,,,53,381
M1/2116B,25/04/2025 00:00:00,19:14:00,76,206,91,13,5,,,,,,,,,,,,,,,52,315
M1/2116B,25/04/2025 00:00:00,19:29:00,77,200,73,15,7,,,,,,,,,,,,,,,53,295
M1/2116B,25/04/2025 00:00:00,19:44:00,78,192,67,7,9,,,,,,,,,,,,,,,53,275
M1/2116B,25/04/2025 00:00:00,19:59:00,79,179,74,11,12,,,,,,,,,,,,,,,52,276
M1/2116B,25/04/2025 00:00:00,20:14:00,80,187,67,7,6,,,,,,,,,,,,,,,52,267
M1/2116B,25/04/2025 00:00:00,20:29:00,81,148,53,9,9,,,,,,,,,,,,,,,52,219
M1/2116B,25/04/2025 00:00:00,20:44:00,82,161,69,11,11,,,,,,,,,,,,,,,52,251
M1/2116B,25/04/2025 00:00:00,20:59:00,83,161,57,13,12,,,,,,,,,,,,,,,50,243
M1/2116B,25/04/2025 00:00:00,21:14:00,84,126,59,8,9,,,,,,,,,,,,,,,49,202
M1/2116B,25/04/2025 00:00:00,21:29:00,85,139,62,4,13,,,,,,,,,,,,,,,50,218
M1/2116B,25/04/2025 00:00:00,21:44:00,86,127,50,6,7,,,,,,,,,,,,,,,53,190
M1/2116B,25/04/2025 00:00:00,21:59:00,87,115,44,4,13,,,,,,,,,,,,,,,50,176
M1/2116B,25/04/2025 00:00:00,22:14:00,88,109,52,11,6,,,,,,,,,,,,,,,51,178
M1/2116B,25/04/2025 00:00:00,22:29:00,89,104,37,5,4,,,,,,,,,,,,,,,49,150
M1/2116B,25/04/2025 00:00:00,22:44:00,90,81,40,3,8,,,,,,,,,,,,,,,50,132
M1/2116B,25/04/2025 00:00:00,22:59:00,91,112,38,5,13,,,,,,,,,,,,,,,50,168
M1/2116B,25/04/2025 00:00:00,23:14:00,92,72,22,4,3,,,,,,,,,,,,,,,51,101
M1/2116B,25/04/2025 00:00:00,23:29:00,93,67,32,2,5,,,,,,,,,,,,,,,50,106
M1/2116B,25/04/2025 00:00:00,23:44:00,94,66,20,1,5,,,,,,,,,,,,,,,50,92
M1/2116B,25/04/2025 00:00:00,23:59:00,95,77,33,2,6,,,,,,,,,,,,,,,51,118
M1/2116B,26/04/2025 00:00:00,00:14:00,0,66,26,6,7,,,,,,,,,,,,,,,51,105
M1/2116B,26/04/2025 00:00:00,00:29:00,1,59,27,7,6,,,,,,,,,,,,,,,51,99
M1/2116B,26/04/2025 00:00:00,00:44:00,2,49,22,4,5,,,,,,,,,,,,,,,50,80
M1/2116B,26/04/2025 00:00:00,00:59:00,3,42,22,9,4,,,,,,,,,,,,,,,51,77
M1/2116B,26/04/2025 00:00:00,01:14:00,4,28,16,4,9,,,,,,,,,,,,,,,48,57
M1/2116B,26/04/2025 00:00:00,01:29:00,5,36,14,4,4,,,,,,,,,,,,,,,49,58
M1/2116B,26/04/2025 00:00:00,01:44:00,6,31,9,9,6,,,,,,,,,,,,,,,49,55
M1/2116B,26/04/2025 00:00:00,01:59:00,7,27,11,2,5,,,,,,,,,,,,,,,49,45
M1/2116B,26/04/2025 00:00:00,02:14:00,8,22,14,2,10,,,,,,,,,,,,,,,48,48
M1/2116B,26/04/2025 00:00:00,02:29:00,9,16,7,7,5,,,,,,,,,,,,,,,48,35
M1/2116B,26/04/2025 00:00:00,02:44:00,10,15,12,4,5,,,,,,,,,,,,,,,50,36
M1/2116B,26/04/2025 00:00:00,02:59:00,11,25,18,0,5,,,,,,,,,,,,,,,49,48
M1/2116B,26/04/2025 00:00:00,03:14:00,12,19,8,3,9,,,,,,,,,,,,,,,47,39
M1/2116B,26/04/2025 00:00:00,03:29:00,13,20,16,3,9,,,,,,,,,,,,,,,48,48
M1/2116B,26/04/2025 00:00:00,03:44:00,14,26,12,5,5,,,,,,,,,,,,,,,47,48
M1/2116B,26/04/2025 00:00:00,03:59:00,15,20,15,3,9,,,,,,,,,,,,,,,49,47
M1/2116B,26/04/2025 00:00:00,04:14:00,16,22,6,2,4,,,,,,,,,,,,,,,52,34
M1/2116B,26/04/2025 00:00:00,04:29:00,17,24,16,4,5,,,,,,,,,,,,,,,50,49
M1/2116B,26/04/2025 00:00:00,04:44:00,18,37,9,4,11,,,,,,,,,,,,,,,54,61
M1/2116B,26/04/2025 00:00:00,04:59:00,19,42,12,4,6,,,,,,,,,,,,,,,50,64
M1/2116B,26/04/2025 00:00:00,05:14:00,20,36,30,5,13,,,,,,,,,,,,,,,52,84
M1/2116B,26/04/2025 00:00:00,05:29:00,21,49,22,12,6,,,,,,,,,,,,,,,54,89
M1/2116B,26/04/2025 00:00:00,05:44:00,22,66,22,13,11,,,,,,,,,,,,,,,57,112
M1/2116B,26/04/2025 00:00:00,05:59:00,23,71,39,15,14,,,,,,,,,,,,,,,54,139
M1/2116B,26/04/2025 00:00:00,06:14:00,24,96,52,17,17,,,,,,,,,,,,,,,55,182
M1/2116B,26/04/2025 00:00:00,06:29:00,25,122,77,28,11,,,,,,,,,,,,,,,55,238
M1/2116B,26/04/2025 00:00:00,06:44:00,26,99,84,31,12,,,,,,,,,,,,,,,53,226
M1/2116B,26/04/2025 00:00:00,06:59:00,27,124,91,33,16,,,,,,,,,,,,,,,54,264
M1/2116B,26/04/2025 00:00:00,07:14:00,28,119,77,40,8,,,,,,,,,,,,,,,54,244
M1/2116B,26/04/2025 00:00:00,07:29:00,29,134,88,31,10,,,,,,,,,,,,,,,54,263
M1/2116B,26/04/2025 00:00:00,07:44:00,30,118,79,31,12,,,,,,,,,,,,,,,53,240
M1/2116B,26/04/2025 00:00:00,07:59:00,31,114,63,27,10,,,,,,,,,,,,,,,54,214
M1/2116B,26/04/2025 00:00:00,08:14:00,32,130,88,20,5,,,,,,,,,,,,,,,54,243
M1/2116B,26/04/2025 00:00:00,08:29:00,33,129,80,30,9,,,,,,,,,,,,,,,54,248
M1/2116B,26/04/2025 00:00:00,08:44:00,34,177,86,23,11,,,,,,,,,,,,,,,54,297
M1/2116B,26/04/2025 00:00:00,08:59:00,35,193,71,20,15,,,,,,,,,,,,,,,53,299
M1/2116B,26/04/2025 00:00:00,09:14:00,36,196,96,23,7,,,,,,,,,,,,,,,53,322
M1/2116B,26/04/2025 00:00:00,09:29:00,37,219,94,18,12,,,,,,,,,,,,,,,52,343
M1/2116B,26/04/2025 00:00:00,09:44:00,38,236,110,15,17,,,,,,,,,,,,,,,51,378
M1/2116B,26/04/2025 00:00:00,09:59:00,39,243,115,15,14,,,,,,,,,,,,,,,50,387
M1/2116B,26/04/2025 00:00:00,10:14:00,40,266,122,10,7,,,,,,,,,,,,,,,50,405
M1/2116B,26/04/2025 00:00:00,10:29:00,41,260,105,11,13,,,,,,,,,,,,,,,51,389
M1/2116B,26/04/2025 00:00:00,10:44:00,42,260,111,10,10,,,,,,,,,,,,,,,49,391
M1/2116B,26/04/2025 00:00:00,10:59:00,43,252,113,10,7,,,,,,,,,,,,,,,51,382
M1/2116B,26/04/2025 00:00:00,11:14:00,44,267,109,16,7,,,,,,,,,,,,,,,51,399
M1/2116B,26/04/2025 00:00:00,11:29:00,45,280,108,12,11,,,,,,,,,,,,,,,49,411
M1/2116B,26/04/2025 00:00:00,11:44:00,46,276,121,14,10,,,,,,,,,,,,,,,51,421
M1/2116B,26/04/2025 00:00:00,11:59:00,47,271,117,13,13,,,,,,,,,,,,,,,50,414
M1/2116B,26/04/2025 00:00:00,12:14:00,48,300,112,14,8,,,,,,,,,,,,,,,50,434
M1/2116B,26/04/2025 00:00:00,12:29:00,49,282,157,19,15,,,,,,,,,,,,,,,41,473
M1/2116B,26/04/2025 00:00:00,12:44:00,50,295,169,14,13,,,,,,,,,,,,,,,38,491
M1/2116B,26/04/2025 00:00:00,12:59:00,51,234,190,31,22,,,,,,,,,,,,,,,19,477
M1/2116B,26/04/2025 00:00:00,13:14:00,52,266,155,11,12,,,,,,,,,,,,,,,37,444
M1/2116B,26/04/2025 00:00:00,13:29:00,53,310,121,14,12,,,,,,,,,,,,,,,47,457
M1/2116B,26/04/2025 00:00:00,13:44:00,54,271,165,20,14,,,,,,,,,,,,,,,25,470
M1/2116B,26/04/2025 00:00:00,13:59:00,55,290,168,12,11,,,,,,,,,,,,,,,41,481
M1/2116B,26/04/2025 00:00:00,14:14:00,56,285,123,13,5,,,,,,,,,,,,,,,43,426
M1/2116B,26/04/2025 00:00:00,14:29:00,57,294,132,10,7,,,,,,,,,,,,,,,46,443
M1/2116B,26/04/2025 00:00:00,14:44:00,58,309,133,12,3,,,,,,,,,,,,,,,48,457
M1/2116B,26/04/2025 00:00:00,14:59:00,59,271,105,14,10,,,,,,,,,,,,,,,49,400
M1/2116B,26/04/2025 00:00:00,15:14:00,60,277,116,11,6,,,,,,,,,,,,,,,47,410
M1/2116B,26/04/2025 00:00:00,15:29:00,61,276,135,13,14,,,,,,,,,,,,,,,48,438
M1/2116B,26/04/2025 00:00:00,15:44:00,62,290,126,15,4,,,,,,,,,,,,,,,49,435
M1/2116B,26/04/2025 00:00:00,15:59:00,63,265,139,12,9,,,,,,,,,,,,,,,50,425
M1/2116B,26/04/2025 00:00:00,16:14:00,64,248,117,5,10,,,,,,,,,,,,,,,49,380
M1/2116B,26/04/2025 00:00:00,16:29:00,65,248,105,15,10,,,,,,,,,,,,,,,50,378
M1/2116B,26/04/2025 00:00:00,16:44:00,66,269,123,11,10,,,,,,,,,,,,,,,49,413
M1/2116B,26/04/2025 00:00:00,16:59:00,67,244,96,12,4,,,,,,,,,,,,,,,52,356
M1/2116B,26/04/2025 00:00:00,17:14:00,68,260,113,8,8,,,,,,,,,,,,,,,50,389
M1/2116B,26/04/2025 00:00:00,17:29:00,69,244,109,12,12,,,,,,,,,,,,,,,51,377
M1/2116B,26/04/2025 00:00:00,17:44:00,70,245,100,8,6,,,,,,,,,,,,,,,51,359
M1/2116B,26/04/2025 00:00:00,17:59:00,71,257,102,8,8,,,,,,,,,,,,,,,51,375
M1/2116B,26/04/2025 00:00:00,18:14:00,72,222,101,9,10,,,,,,,,,,,,,,,51,342
M1/2116B,26/04/2025 00:00:00,18:29:00,73,229,89,2,12,,,,,,,,,,,,,,,52,332
M1/2116B,26/04/2025 00:00:00,18:44:00,74,251,100,3,5,,,,,,,,,,,,,,,52,359
M1/2116B,26/04/2025 00:00:00,18:59:00,75,210,81,10,6,,,,,,,,,,,,,,,53,307
M1/2116B,26/04/2025 00:00:00,19:14:00,76,200,69,5,6,,,,,,,,,,,,,,,53,280
M1/2116B,26/04/2025 00:00:00,19:29:00,77,201,82,8,3,,,,,,,,,,,,,,,52,294
M1/2116B,26/04/2025 00:00:00,19:44:00,78,215,72,4,12,,,,,,,,,,,,,,,52,303
M1/2116B,26/04/2025 00:00:00,19:59:00,79,191,77,12,13,,,,,,,,,,,,,,,50,293
M1/2116B,26/04/2025 00:00:00,20:14:00,80,157,60,4,6,,,,,,,,,,,,,,,53,227
M1/2116B,26/04/2025 00:00:00,20:29:00,81,127,56,8,7,,,,,,,,,,,,,,,51,198
M1/2116B,26/04/2025 00:00:00,20:44:00,82,134,47,10,10,,,,,,,,,,,,,,,52,201
M1/2116B,26/04/2025 00:00:00,20:59:00,83,152,49,1,9,,,,,,,,,,,,,,,50,211
M1/2116B,26/04/2025 00:00:00,21:14:00,84,127,62,3,10,,,,,,,,,,,,,,,50,202
M1/2116B,26/04/2025 00:00:00,21:29:00,85,127,65,6,7,,,,,,,,,,,,,,,50,205
M1/2116B,26/04/2025 00:00:00,21:44:00,86,126,45,4,8,,,,,,,,,,,,,,,52,183
M1/2116B,26/04/2025 00:00:00,21:59:00,87,123,55,8,3,,,,,,,,,,,,,,,51,189
M1/2116B,26/04/2025 00:00:00,22:14:00,88,101,42,1,7,,,,,,,,,,,,,,,50,151
M1/2116B,26/04/2025 00:00:00,22:29:00,89,104,44,3,4,,,,,,,,,,,,,,,50,155
M1/2116B,26/04/2025 00:00:00,22:44:00,90,83,40,5,6,,,,,,,,,,,,,,,51,134
M1/2116B,26/04/2025 00:00:00,22:59:00,91,78,30,3,7,,,,,,,,,,,,,,,51,118
M1/2116B,26/04/2025 00:00:00,23:14:00,92,75,32,0,3,,,,,,,,,,,,,,,49,110
M1/2116B,26/04/2025 00:00:00,23:29:00,93,78,28,1,7,,,,,,,,,,,,,,,48,114
M1/2116B,26/04/2025 00:00:00,23:44:00,94,81,27,3,6,,,,,,,,,,,,,,,51,117
M1/2116B,26/04/2025 00:00:00,23:59:00,95,75,41,8,5,,,,,,,,,,,,,,,51,129
M1/2116B,27/04/2025 00:00:00,00:14:00,0,73,39,4,3,,,,,,,,,,,,,,,51,119
M1/2116B,27/04/2025 00:00:00,00:29:00,1,65,27,0,2,,,,,,,,,,,,,,,50,94
M1/2116B,27/04/2025 00:00:00,00:44:00,2,72,34,5,9,,,,,,,,,,,,,,,50,120
M1/2116B,27/04/2025 00:00:00,00:59:00,3,59,34,3,6,,,,,,,,,,,,,,,50,102
M1/2116B,27/04/2025 00:00:00,01:14:00,4,57,26,2,8,,,,,,,,,,,,,,,50,93
M1/2116B,27/04/2025 00:00:00,01:29:00,5,39,25,3,2,,,,,,,,,,,,,,,49,69
M1/2116B,27/04/2025 00:00:00,01:44:00,6,44,30,2,4,,,,,,,,,,,,,,,51,80
M1/2116B,27/04/2025 00:00:00,01:59:00,7,48,20,2,4,,,,,,,,,,,,,,,50,74
M1/2116B,27/04/2025 00:00:00,02:14:00,8,43,12,2,2,,,,,,,,,,,,,,,51,59
M1/2116B,27/04/2025 00:00:00,02:29:00,9,30,13,1,6,,,,,,,,,,,,,,,49,50
M1/2116B,27/04/2025 00:00:00,02:44:00,10,31,14,1,5,,,,,,,,,,,,,,,49,51
M1/2116B,27/04/2025 00:00:00,02:59:00,11,26,14,6,4,,,,,,,,,,,,,,,47,50
M1/2116B,27/04/2025 00:00:00,03:14:00,12,30,13,0,6,,,,,,,,,,,,,,,49,49
M1/2116B,27/04/2025 00:00:00,03:29:00,13,26,19,4,2,,,,,,,,,,,,,,,49,51
M1/2116B,27/04/2025 00:00:00,03:44:00,14,26,15,2,3,,,,,,,,,,,,,,,51,46
M1/2116B,27/04/2025 00:00:00,03:59:00,15,20,11,2,5,,,,,,,,,,,,,,,50,38
M1/2116B,27/04/2025 00:00:00,04:14:00,16,24,12,2,3,,,,,,,,,,,,,,,51,41
M1/2116B,27/04/2025 00:00:00,04:29:00,17,30,20,1,7,,,,,,,,,,,,,,,50,58
M1/2116B,27/04/2025 00:00:00,04:44:00,18,43,14,4,8,,,,,,,,,,,,,,,50,69
M1/2116B,27/04/2025 00:00:00,04:59:00,19,30,15,0,10,,,,,,,,,,,,,,,51,55
M1/2116B,27/04/2025 00:00:00,05:14:00,20,40,10,1,5,,,,,,,,,,,,,,,53,56
M1/2116B,27/04/2025 00:00:00,05:29:00,21,45,29,5,7,,,,,,,,,,,,,,,53,86
M1/2116B,27/04/2025 00:00:00,05:44:00,22,55,34,8,9,,,,,,,,,,,,,,,54,106
M1/2116B,27/04/2025 00:00:00,05:59:00,23,67,20,14,16,,,,,,,,,,,,,,,53,117
M1/2116B,27/04/2025 00:00:00,06:14:00,24,66,21,10,9,,,,,,,,,,,,,,,55,106
M1/2116B,27/04/2025 00:00:00,06:29:00,25,82,42,15,12,,,,,,,,,,,,,,,54,151
M1/2116B,27/04/2025 00:00:00,06:44:00,26,79,50,28,7,,,,,,,,,,,,,,,54,164
M1/2116B,27/04/2025 00:00:00,06:59:00,27,82,46,20,8,,,,,,,,,,,,,,,53,156
M1/2116B,27/04/2025 00:00:00,07:14:00,28,98,46,9,5,,,,,,,,,,,,,,,55,158
M1/2116B,27/04/2025 00:00:00,07:29:00,29,101,48,5,5,,,,,,,,,,,,,,,55,159
M1/2116B,27/04/2025 00:00:00,07:44:00,30,90,50,12,9,,,,,,,,,,,,,,,53,161
M1/2116B,27/04/2025 00:00:00,07:59:00,31,114,53,14,7,,,,,,,,,,,,,,,54,188
M1/2116B,27/04/2025 00:00:00,08:14:00,32,105,56,11,5,,,,,,,,,,,,,,,53,177
M1/2116B,27/04/2025 00:00:00,08:29:00,33,121,52,4,11,,,,,,,,,,,,,,,53,188
M1/2116B,27/04/2025 00:00:00,08:44:00,34,148,59,11,9,,,,,,,,,,,,,,,53,227
M1/2116B,27/04/2025 00:00:00,08:59:00,35,190,70,8,9,,,,,,,,,,,,,,,54,277
M1/2116B,27/04/2025 00:00:00,09:14:00,36,216,91,10,9,,,,,,,,,,,,,,,50,326
M1/2116B,27/04/2025 00:00:00,09:29:00,37,218,99,10,16,,,,,,,,,,,,,,,52,343
M1/2116B,27/04/2025 00:00:00,09:44:00,38,263,135,7,10,,,,,,,,,,,,,,,51,415
M1/2116B,27/04/2025 00:00:00,09:59:00,39,272,113,10,11,,,,,,,,,,,,,,,51,406
M1/2116B,27/04/2025 00:00:00,10:14:00,40,297,110,8,11,,,,,,,,,,,,,,,51,426
M1/2116B,27/04/2025 00:00:00,10:29:00,41,311,141,7,16,,,,,,,,,,,,,,,49,475
M1/2116B,27/04/2025 00:00:00,10:44:00,42,334,125,12,10,,,,,,,,,,,,,,,49,481
M1/2116B,27/04/2025 00:00:00,10:59:00,43,320,152,9,9,,,,,,,,,,,,,,,44,490
M1/2116B,27/04/2025 00:00:00,11:14:00,44,335,169,14,17,,,,,,,,,,,,,,,30,535
M1/2116B,27/04/2025 00:00:00,11:29:00,45,267,171,30,16,,,,,,,,,,,,,,,19,484
M1/2116B,27/04/2025 00:00:00,11:44:00,46,251,165,28,19,,,,,,,,,,,,,,,16,463
M1/2116B,27/04/2025 00:00:00,11:59:00,47,257,116,31,33,,,,,,,,,,,,,,,7,437
M1/2116B,27/04/2025 00:00:00,12:14:00,48,277,121,28,37,,,,,,,,,,,,,,,7,463
M1/2116B,27/04/2025 00:00:00,12:29:00,49,238,100,48,49,,,,,,,,,,,,,,,7,435
M1/2116B,27/04/2025 00:00:00,12:44:00,50,263,87,23,56,,,,,,,,,,,,,,,7,429
M1/2116B,27/04/2025 00:00:00,12:59:00,51,239,115,25,50,,,,,,,,,,,,,,,6,429
M1/2116B,27/04/2025 00:00:00,13:14:00,52,265,130,27,44,,,,,,,,,,,,,,,7,466
M1/2116B,27/04/2025 00:00:00,13:29:00,53,254,125,26,37,,,,,,,,,,,,,,,6,442
M1/2116B,27/04/2025 00:00:00,13:44:00,54,271,131,33,28,,,,,,,,,,,,,,,7,463
M1/2116B,27/04/2025 00:00:00,13:59:00,55,229,164,13,19,,,,,,,,,,,,,,,20,425
M1/2116B,27/04/2025 00:00:00,14:14:00,56,228,133,15,9,,,,,,,,,,,,,,,30,385
M1/2116B,27/04/2025 00:00:00,14:29:00,57,247,106,6,14,,,,,,,,,,,,,,,50,373
M1/2116B,27/04/2025 00:00:00,14:44:00,58,231,84,8,2,,,,,,,,,,,,,,,49,325
M1/2116B,27/04/2025 00:00:00,14:59:00,59,209,108,8,11,,,,,,,,,,,,,,,49,336
M1/2116B,27/04/2025 00:00:00,15:14:00,60,220,101,7,5,,,,,,,,,,,,,,,51,333
M1/2116B,27/04/2025 00:00:00,15:29:00,61,224,112,5,11,,,,,,,,,,,,,,,50,352
M1/2116B,27/04/2025 00:00:00,15:44:00,62,251,129,10,12,,,,,,,,,,,,,,,48,402
M1/2116B,27/04/2025 00:00:00,15:59:00,63,229,99,10,7,,,,,,,,,,,,,,,51,345
M1/2116B,27/04/2025 00:00:00,16:14:00,64,211,88,5,11,,,,,,,,,,,,,,,51,315
M1/2116B,27/04/2025 00:00:00,16:29:00,65,216,75,7,11,,,,,,,,,,,,,,,51,309
M1/2116B,27/04/2025 00:00:00,16:43:00,66,228,72,10,6,,,,,,,,,,,,,,,50,316
M1/2116B,27/04/2025 00:00:00,16:59:00,67,227,95,12,3,,,,,,,,,,,,,,,50,338
M1/2116B,27/04/2025 00:00:00,17:14:00,68,223,98,9,8,,,,,,,,,,,,,,,49,338
M1/2116B,27/04/2025 00:00:00,17:29:00,69,235,89,6,4,,,,,,,,,,,,,,,49,334
M1/2116B,27/04/2025 00:00:00,17:44:00,70,257,100,13,7,,,,,,,,,,,,,,,50,377
M1/2116B,27/04/2025 00:00:00,17:59:00,71,232,90,7,6,,,,,,,,,,,,,,,50,335
M1/2116B,27/04/2025 00:00:00,18:14:00,72,186,79,9,8,,,,,,,,,,,,,,,52,282
M1/2116B,27/04/2025 00:00:00,18:29:00,73,207,69,11,5,,,,,,,,,,,,,,,50,292
M1/2116B,27/04/2025 00:00:00,18:44:00,74,209,74,4,6,,,,,,,,,,,,,,,51,293
M1/2116B,27/04/2025 00:00:00,18:59:00,75,206,81,7,8,,,,,,,,,,,,,,,51,302
M1/2116B,27/04/2025 00:00:00,19:14:00,76,233,96,5,6,,,,,,,,,,,,,,,50,340
M1/2116B,27/04/2025 00:00:00,19:29:00,77,202,87,11,10,,,,,,,,,,,,,,,49,310
M1/2116B,27/04/2025 00:00:00,19:44:00,78,201,90,9,9,,,,,,,,,,,,,,,50,309
M1/2116B,27/04/2025 00:00:00,19:59:00,79,234,97,11,17,,,,,,,,,,,,,,,49,359
M1/2116B,27/04/2025 00:00:00,20:14:00,80,201,100,7,10,,,,,,,,,,,,,,,48,318
M1/2116B,27/04/2025 00:00:00,20:29:00,81,147,60,4,5,,,,,,,,,,,,,,,50,216
M1/2116B,27/04/2025 00:00:00,20:44:00,82,207,69,10,12,,,,,,,,,,,,,,,48,298
M1/2116B,27/04/2025 00:00:00,20:59:00,83,154,60,9,10,,,,,,,,,,,,,,,49,233
M1/2116B,27/04/2025 00:00:00,21:14:00,84,159,54,6,13,,,,,,,,,,,,,,,49,232
M1/2116B,27/04/2025 00:00:00,21:29:00,85,137,55,8,7,,,,,,,,,,,,,,,48,207
M1/2116B,27/04/2025 00:00:00,21:44:00,86,151,81,4,9,,,,,,,,,,,,,,,51,245
M1/2116B,27/04/2025 00:00:00,21:59:00,87,135,52,3,8,,,,,,,,,,,,,,,49,198
M1/2116B,27/04/2025 00:00:00,22:14:00,88,125,49,4,8,,,,,,,,,,,,,,,50,186
M1/2116B,27/04/2025 00:00:00,22:29:00,89,110,51,4,3,,,,,,,,,,,,,,,49,169
M1/2116B,27/04/2025 00:00:00,22:44:00,90,128,40,4,9,,,,,,,,,,,,,,,50,181
M1/2116B,27/04/2025 00:00:00,22:59:00,91,99,42,12,5,,,,,,,,,,,,,,,50,158
M1/2116B,27/04/2025 00:00:00,23:14:00,92,82,39,9,4,,,,,,,,,,,,,,,48,134
M1/2116B,27/04/2025 00:00:00,23:29:00,93,86,43,4,10,,,,,,,,,,,,,,,49,143
M1/2116B,27/04/2025 00:00:00,23:44:00,94,80,39,4,3,,,,,,,,,,,,,,,51,126
M1/2116B,27/04/2025 00:00:00,23:59:00,95,65,32,3,5,,,,,,,,,,,,,,,50,105
M1/2116B,28/04/2025 00:00:00,00:14:00,0,42,29,1,4,,,,,,,,,,,,,,,50,76
M1/2116B,28/04/2025 00:00:00,00:29:00,1,53,32,3,6,,,,,,,,,,,,,,,50,94
M1/2116B,28/04/2025 00:00:00,00:44:00,2,42,17,4,6,,,,,,,,,,,,,,,49,69
M1/2116B,28/04/2025 00:00:00,00:59:00,3,28,17,1,5,,,,,,,,,,,,,,,47,51
M1/2116B,28/04/2025 00:00:00,01:14:00,4,38,18,5,5,,,,,,,,,,,,,,,51,66
M1/2116B,28/04/2025 00:00:00,01:29:00,5,31,11,4,4,,,,,,,,,,,,,,,49,50
M1/2116B,28/04/2025 00:00:00,01:44:00,6,25,12,3,5,,,,,,,,,,,,,,,52,45
M1/2116B,28/04/2025 00:00:00,01:59:00,7,13,5,8,7,,,,,,,,,,,,,,,50,33
M1/2116B,28/04/2025 00:00:00,02:14:00,8,17,16,3,8,,,,,,,,,,,,,,,48,44
M1/2116B,28/04/2025 00:00:00,02:29:00,9,20,12,9,4,,,,,,,,,,,,,,,52,45
M1/2116B,28/04/2025 00:00:00,02:44:00,10,19,8,5,10,,,,,,,,,,,,,,,49,42
M1/2116B,28/04/2025 00:00:00,02:59:00,11,20,12,2,4,,,,,,,,,,,,,,,51,38
M1/2116B,28/04/2025 00:00:00,03:14:00,12,26,11,3,11,,,,,,,,,,,,,,,49,51
M1/2116B,28/04/2025 00:00:00,03:29:00,13,17,10,5,5,,,,,,,,,,,,,,,51,37
M1/2116B,28/04/2025 00:00:00,03:44:00,14,25,8,7,5,,,,,,,,,,,,,,,51,45
M1/2116B,28/04/2025 00:00:00,03:59:00,15,23,13,4,13,,,,,,,,,,,,,,,49,53
M1/2116B,28/04/2025 00:00:00,04:14:00,16,29,14,9,8,,,,,,,,,,,,,,,53,60
M1/2116B,28/04/2025 00:00:00,04:29:00,17,32,17,8,6,,,,,,,,,,,,,,,52,63
M1/2116B,28/04/2025 00:00:00,04:44:00,18,43,24,11,9,,,,,,,,,,,,,,,53,87
M1/2116B,28/04/2025 00:00:00,04:59:00,19,38,32,10,10,,,,,,,,,,,,,,,52,90
M1/2116B,28/04/2025 00:00:00,05:14:00,20,63,39,9,8,,,,,,,,,,,,,,,55,119
M1/2116B,28/04/2025 00:00:00,05:29:00,21,93,57,12,9,,,,,,,,,,,,,,,55,171
M1/2116B,28/04/2025 00:00:00,05:44:00,22,136,62,31,16,,,,,,,,,,,,,,,54,245
M1/2116B,28/04/2025 00:00:00,05:59:00,23,188,119,43,26,,,,,,,,,,,,,,,54,376
M1/2116B,28/04/2025 00:00:00,06:14:00,24,242,172,60,27,,,,,,,,,,,,,,,53,501
M1/2116B,28/04/2025 00:00:00,06:29:00,25,264,218,82,22,,,,,,,,,,,,,,,43,586
M1/2116B,28/04/2025 00:00:00,06:44:00,26,322,300,87,25,,,,,,,,,,,,,,,45,734
M1/2116B,28/04/2025 00:00:00,06:59:00,27,309,311,108,39,,,,,,,,,,,,,,,21,767
M1/2116B,28/04/2025 00:00:00,07:14:00,28,328,240,93,36,,,,,,,,,,,,,,,10,697
M1/2116B,28/04/2025 00:00:00,07:29:00,29,325,200,90,46,,,,,,,,,,,,,,,11,661
M1/2116B,28/04/2025 00:00:00,07:44:00,30,299,219,90,33,,,,,,,,,,,,,,,9,641
M1/2116B,28/04/2025 00:00:00,07:59:00,31,287,182,70,39,,,,,,,,,,,,,,,9,578
M1/2116B,28/04/2025 00:00:00,08:14:00,32,310,213,110,23,,,,,,,,,,,,,,,15,656
M1/2116B,28/04/2025 00:00:00,08:29:00,33,265,177,90,43,,,,,,,,,,,,,,,9,575
M1/2116B,28/04/2025 00:00:00,08:44:00,34,307,162,76,38,,,,,,,,,,,,,,,9,583
M1/2116B,28/04/2025 00:00:00,08:59:00,35,261,156,76,42,,,,,,,,,,,,,,,9,536
M1/2116B,28/04/2025 00:00:00,09:14:00,36,288,161,80,35,,,,,,,,,,,,,,,9,564
M1/2116B,28/04/2025 00:00:00,09:29:00,37,270,176,75,47,,,,,,,,,,,,,,,8,568
M1/2116B,28/04/2025 00:00:00,09:44:00,38,234,159,60,46,,,,,,,,,,,,,,,10,499
M1/2116B,28/04/2025 00:00:00,09:59:00,39,184,120,56,42,,,,,,,,,,,,,,,8,402
M1/2116B,28/04/2025 00:00:00,10:00:00,40,210,150,60,15,,,,,,,,,,,,,,,11,435
M1/2116B,28/04/2025 00:00:00,10:29:59,41,,,,,,,,,,,,,,,,,,,,
M1/2116B,28/04/2025 00:00:00,10:44:00,42,166,98,44,19,,,,,,,,,,,,,,,48,327
M1/2116B,28/04/2025 00:00:00,10:59:00,43,198,115,33,21,,,,,,,,,,,,,,,47,367
M1/2116B,28/04/2025 00:00:00,11:14:00,44,172,106,58,25,,,,,,,,,,,,,,,45,361
M1/2116B,28/04/2025 00:00:00,11:29:00,45,153,92,46,23,,,,,,,,,,,,,,,49,314
M1/2116B,28/04/2025 00:00:00,11:44:00,46,162,75,36,16,,,,,,,,,,,,,,,49,289
M1/2116B,28/04/2025 00:00:00,11:59:00,47,148,99,28,15,,,,,,,,,,,,,,,50,290
M1/2116B,28/04/2025 00:00:00,12:14:00,48,168,84,30,14,,,,,,,,,,,,,,,50,296
M1/2116B,28/04/2025 00:00:00,12:29:00,49,149,94,31,25,,,,,,,,,,,,,,,50,299
M1/2116B,28/04/2025 00:00:00,12:44:00,50,177,86,33,27,,,,,,,,,,,,,,,51,323
M1/2116B,28/04/2025 00:00:00,12:59:00,51,153,77,26,23,,,,,,,,,,,,,,,50,279
M1/2116B,28/04/2025 00:00:00,13:14:00,52,163,83,35,18,,,,,,,,,,,,,,,50,299
M1/2116B,28/04/2025 00:00:00,13:29:00,53,155,88,19,13,,,,,,,,,,,,,,,51,275
M1/2116B,28/04/2025 00:00:00,13:44:00,54,126,71,24,14,,,,,,,,,,,,,,,51,235
M1/2116B,28/04/2025 00:00:00,13:59:00,55,158,67,31,17,,,,,,,,,,,,,,,51,273
M1/2116B,28/04/2025 00:00:00,14:14:00,56,124,87,16,5,,,,,,,,,,,,,,,51,232
M1/2116B,28/04/2025 00:00:00,14:29:00,57,142,81,37,13,,,,,,,,,,,,,,,51,273
M1/2116B,28/04/2025 00:00:00,14:44:00,58,142,77,28,12,,,,,,,,,,,,,,,51,259
M1/2116B,28/04/2025 00:00:00,14:59:00,59,129,77,36,15,,,,,,,,,,,,,,,51,257
M1/2116B,28/04/2025 00:00:00,15:14:00,60,148,82,23,8,,,,,,,,,,,,,,,51,261
M1/2116B,28/04/2025 00:00:00,15:29:00,61,138,80,17,16,,,,,,,,,,,,,,,50,251
M1/2116B,28/04/2025 00:00:00,15:44:00,62,152,80,23,8,,,,,,,,,,,,,,,50,263
M1/2116B,28/04/2025 00:00:00,15:59:00,63,147,69,25,16,,,,,,,,,,,,,,,51,257
M1/2116B,28/04/2025 00:00:00,16:14:00,64,137,81,21,8,,,,,,,,,,,,,,,51,248
M1/2116B,28/04/2025 00:00:00,16:29:00,65,171,86,19,16,,,,,,,,,,,,,,,50,292
M1/2116B,28/04/2025 00:00:00,16:44:00,66,188,86,17,7,,,,,,,,,,,,,,,51,298
M1/2116B,28/04/2025 00:00:00,16:59:00,67,202,87,23,9,,,,,,,,,,,,,,,49,321
M1/2116B,28/04/2025 00:00:00,17:14:00,68,177,91,12,7,,,,,,,,,,,,,,,53,287
M1/2116B,28/04/2025 00:00:00,17:29:00,69,209,93,14,13,,,,,,,,,,,,,,,52,329
M1/2116B,28/04/2025 00:00:00,17:44:00,70,256,103,14,7,,,,,,,,,,,,,,,51,380
M1/2116B,28/04/2025 00:00:00,17:59:00,71,246,109,16,8,,,,,,,,,,,,,,,52,379
M1/2116B,28/04/2025 00:00:00,18:14:00,72,227,92,16,10,,,,,,,,,,,,,,,51,345
M1/2116B,28/04/2025 00:00:00,18:29:00,73,237,77,19,13,,,,,,,,,,,,,,,52,346
M1/2116B,28/04/2025 00:00:00,18:43:00,74,242,89,19,14,,,,,,,,,,,,,,,52,364
M1/2116B,28/04/2025 00:00:00,18:59:00,75,181,75,19,12,,,,,,,,,,,,,,,53,287
M1/2116B,28/04/2025 00:00:00,19:14:00,76,180,74,12,7,,,,,,,,,,,,,,,51,273
M1/2116B,28/04/2025 00:00:00,19:29:00,77,155,60,10,8,,,,,,,,,,,,,,,55,233
M1/2116B,28/04/2025 00:00:00,19:44:00,78,163,64,10,6,,,,,,,,,,,,,,,53,243
M1/2116B,28/04/2025 00:00:00,19:59:00,79,127,74,12,13,,,,,,,,,,,,,,,52,226
M1/2116B,28/04/2025 00:00:00,20:14:00,80,118,54,7,4,,,,,,,,,,,,,,,53,183
M1/2116B,28/04/2025 00:00:00,20:29:00,81,115,44,10,9,,,,,,,,,,,,,,,51,178
M1/2116B,28/04/2025 00:00:00,20:44:00,82,105,55,11,12,,,,,,,,,,,,,,,51,183
M1/2116B,28/04/2025 00:00:00,20:59:00,83,114,45,14,12,,,,,,,,,,,,,,,52,185
M1/2116B,28/04/2025 00:00:00,21:14:00,84,127,52,5,11,,,,,,,,,,,,,,,50,195
M1/2116B,28/04/2025 00:00:00,21:29:00,85,88,56,12,13,,,,,,,,,,,,,,,49,169
M1/2116B,28/04/2025 00:00:00,21:44:00,86,94,46,12,8,,,,,,,,,,,,,,,50,160
M1/2116B,28/04/2025 00:00:00,21:59:00,87,90,49,9,7,,,,,,,,,,,,,,,50,155
M1/2116B,28/04/2025 00:00:00,22:14:00,88,97,41,7,10,,,,,,,,,,,,,,,53,155
M1/2116B,28/04/2025 00:00:00,22:29:00,89,73,33,5,2,,,,,,,,,,,,,,,50,113
M1/2116B,28/04/2025 00:00:00,22:44:00,90,67,31,10,9,,,,,,,,,,,,,,,49,117
M1/2116B,28/04/2025 00:00:00,22:59:00,91,53,27,8,8,,,,,,,,,,,,,,,52,96
M1/2116B,28/04/2025 00:00:00,23:14:00,92,62,31,6,5,,,,,,,,,,,,,,,50,104
M1/2116B,28/04/2025 00:00:00,23:29:00,93,65,36,4,9,,,,,,,,,,,,,,,49,114
M1/2116B,28/04/2025 00:00:00,23:44:00,94,53,31,3,12,,,,,,,,,,,,,,,49,99
M1/2116B,28/04/2025 00:00:00,23:59:00,95,40,15,7,9,,,,,,,,,,,,,,,47,71
M1/2116B,29/04/2025 00:00:00,00:14:00,0,49,22,9,10,,,,,,,,,,,,,,,49,90
M1/2116B,29/04/2025 00:00:00,00:29:00,1,55,25,2,8,,,,,,,,,,,,,,,49,90
M1/2116B,29/04/2025 00:00:00,00:44:00,2,47,15,4,12,,,,,,,,,,,,,,,50,78
M1/2116B,29/04/2025 00:00:00,00:59:00,3,23,18,5,8,,,,,,,,,,,,,,,48,54
M1/2116B,29/04/2025 00:00:00,01:14:00,4,21,12,3,13,,,,,,,,,,,,,,,48,49
M1/2116B,29/04/2025 00:00:00,01:29:00,5,19,4,5,8,,,,,,,,,,,,,,,51,36
M1/2116B,29/04/2025 00:00:00,01:44:00,6,22,7,5,7,,,,,,,,,,,,,,,47,41
M1/2116B,29/04/2025 00:00:00,01:59:00,7,18,10,6,10,,,,,,,,,,,,,,,48,44
M1/2116B,29/04/2025 00:00:00,02:14:00,8,18,5,4,8,,,,,,,,,,,,,,,48,35
M1/2116B,29/04/2025 00:00:00,02:29:00,9,19,8,9,12,,,,,,,,,,,,,,,50,48
M1/2116B,29/04/2025 00:00:00,02:44:00,10,14,15,9,15,,,,,,,,,,,,,,,47,53
M1/2116B,29/04/2025 00:00:00,02:59:00,11,18,14,4,10,,,,,,,,,,,,,,,49,46
M1/2116B,29/04/2025 00:00:00,03:14:00,12,26,15,7,9,,,,,,,,,,,,,,,49,57
M1/2116B,29/04/2025 00:00:00,03:29:00,13,18,9,5,7,,,,,,,,,,,,,,,49,39
M1/2116B,29/04/2025 00:00:00,03:44:00,14,24,15,5,18,,,,,,,,,,,,,,,51,62
M1/2116B,29/04/2025 00:00:00,03:59:00,15,23,16,8,13,,,,,,,,,,,,,,,48,60
M1/2116B,29/04/2025 00:00:00,04:14:00,16,20,13,11,10,,,,,,,,,,,,,,,50,54
M1/2116B,29/04/2025 00:00:00,04:29:00,17,29,15,7,15,,,,,,,,,,,,,,,49,66
M1/2116B,29/04/2025 00:00:00,04:44:00,18,45,23,18,12,,,,,,,,,,,,,,,51,98
M1/2116B,29/04/2025 00:00:00,04:59:00,19,41,28,13,9,,,,,,,,,,,,,,,53,91
M1/2116B,29/04/2025 00:00:00,05:14:00,20,64,27,9,15,,,,,,,,,,,,,,,55,115
M1/2116B,29/04/2025 00:00:00,05:29:00,21,102,45,25,17,,,,,,,,,,,,,,,56,189
M1/2116B,29/04/2025 00:00:00,05:44:00,22,143,84,33,19,,,,,,,,,,,,,,,55,279
M1/2116B,29/04/2025 00:00:00,05:59:00,23,163,112,45,30,,,,,,,,,,,,,,,55,350
M1/2116B,29/04/2025 00:00:00,06:14:00,24,229,169,61,32,,,,,,,,,,,,,,,53,491
M1/2116B,29/04/2025 00:00:00,06:29:00,25,324,276,95,24,,,,,,,,,,,,,,,49,719
M1/2116B,29/04/2025 00:00:00,06:44:00,26,287,311,100,33,,,,,,,,,,,,,,,34,731
M1/2116B,29/04/2025 00:00:00,06:59:00,27,331,285,90,40,,,,,,,,,,,,,,,16,746
M1/2116B,29/04/2025 00:00:00,07:14:00,28,296,247,85,37,,,,,,,,,,,,,,,11,665
M1/2116B,29/04/2025 00:00:00,07:29:00,29,285,269,93,32,,,,,,,,,,,,,,,16,679
M1/2116B,29/04/2025 00:00:00,07:44:00,30,312,242,80,24,,,,,,,,,,,,,,,12,658
M1/2116B,29/04/2025 00:00:00,07:59:00,31,305,196,97,44,,,,,,,,,,,,,,,15,642
M1/2116B,29/04/2025 00:00:00,08:14:00,32,352,201,92,32,,,,,,,,,,,,,,,14,677
M1/2116B,29/04/2025 00:00:00,08:29:00,33,312,217,91,28,,,,,,,,,,,,,,,16,648
M1/2116B,29/04/2025 00:00:00,08:44:00,34,261,188,90,42,,,,,,,,,,,,,,,10,581
M1/2116B,29/04/2025 00:00:00,08:59:00,35,274,143,70,41,,,,,,,,,,,,,,,9,528
M1/2116B,29/04/2025 00:00:00,09:14:00,36,269,147,67,44,,,,,,,,,,,,,,,8,527
M1/2116B,29/04/2025 00:00:00,09:29:00,37,303,174,67,50,,,,,,,,,,,,,,,9,594
M1/2116B,29/04/2025 00:00:00,09:44:00,38,283,155,58,52,,,,,,,,,,,,,,,10,548
M1/2116B,29/04/2025 00:00:00,09:59:00,39,242,145,69,48,,,,,,,,,,,,,,,9,504
M1/2116B,29/04/2025 00:00:00,10:14:00,40,209,124,55,46,,,,,,,,,,,,,,,9,434
M1/2116B,29/04/2025 00:00:00,10:29:00,41,196,125,56,19,,,,,,,,,,,,,,,43,396
M1/2116B,29/04/2025 00:00:00,10:44:00,42,188,116,52,14,,,,,,,,,,,,,,,49,370
M1/2116B,29/04/2025 00:00:00,10:59:00,43,182,108,35,11,,,,,,,,,,,,,,,50,336
M1/2116B,29/04/2025 00:00:00,11:14:00,44,199,109,36,14,,,,,,,,,,,,,,,50,358
M1/2116B,29/04/2025 00:00:00,11:29:00,45,164,110,36,21,,,,,,,,,,,,,,,50,331
M1/2116B,29/04/2025 00:00:00,11:44:00,46,169,94,38,16,,,,,,,,,,,,,,,49,317
M1/2116B,29/04/2025 00:00:00,11:59:00,47,172,85,41,12,,,,,,,,,,,,,,,49,310
M1/2116B,29/04/2025 00:00:00,12:14:00,48,155,96,42,15,,,,,,,,,,,,,,,50,308
M1/2116B,29/04/2025 00:00:00,12:29:00,49,143,101,29,21,,,,,,,,,,,,,,,50,294
M1/2116B,29/04/2025 00:00:00,12:44:00,50,150,92,41,23,,,,,,,,,,,,,,,48,306
M1/2116B,29/04/2025 00:00:00,12:59:00,51,146,72,30,18,,,,,,,,,,,,,,,51,266
M1/2116B,29/04/2025 00:00:00,13:14:00,52,132,83,33,20,,,,,,,,,,,,,,,50,268
M1/2116B,29/04/2025 00:00:00,13:29:00,53,141,92,32,19,,,,,,,,,,,,,,,51,284
M1/2116B,29/04/2025 00:00:00,13:44:00,54,140,78,31,14,,,,,,,,,,,,,,,51,263
M1/2116B,29/04/2025 00:00:00,13:59:00,55,143,78,23,10,,,,,,,,,,,,,,,51,254
M1/2116B,29/04/2025 00:00:00,14:14:00,56,117,85,25,11,,,,,,,,,,,,,,,49,237
M1/2116B,29/04/2025 00:00:00,14:29:00,57,136,81,23,15,,,,,,,,,,,,,,,51,255
M1/2116B,29/04/2025 00:00:00,14:43:00,58,121,83,31,8,,,,,,,,,,,,,,,50,242
M1/2116B,29/04/2025 00:00:00,14:59:00,59,125,77,32,10,,,,,,,,,,,,,,,50,244
M1/2116B,29/04/2025 00:00:00,15:14:00,60,138,85,28,15,,,,,,,,,,,,,,,50,266
M1/2116B,29/04/2025 00:00:00,15:29:00,61,158,86,31,13,,,,,,,,,,,,,,,50,288
M1/2116B,29/04/2025 00:00:00,15:44:00,62,170,79,23,10,,,,,,,,,,,,,,,51,282
M1/2116B,29/04/2025 00:00:00,15:59:00,63,168,76,12,8,,,,,,,,,,,,,,,52,264
M1/2116B,29/04/2025 00:00:00,16:14:00,64,195,81,22,10,,,,,,,,,,,,,,,51,308
M1/2116B,29/04/2025 00:00:00,16:29:00,65,188,96,28,9,,,,,,,,,,,,,,,53,320
M1/2116B,29/04/2025 00:00:00,16:43:00,66,213,81,17,4,,,,,,,,,,,,,,,50,316
M1/2116B,29/04/2025 00:00:00,16:59:00,67,219,111,19,11,,,,,,,,,,,,,,,49,360
M1/2116B,29/04/2025 00:00:00,17:14:00,68,246,98,10,8,,,,,,,,,,,,,,,50,362
M1/2116B,29/04/2025 00:00:00,17:29:00,69,218,112,25,6,,,,,,,,,,,,,,,52,361
M1/2116B,29/04/2025 00:00:00,17:44:00,70,278,128,22,17,,,,,,,,,,,,,,,49,445
M1/2116B,29/04/2025 00:00:00,17:59:00,71,245,109,14,8,,,,,,,,,,,,,,,52,376
M1/2116B,29/04/2025 00:00:00,18:14:00,72,268,96,15,8,,,,,,,,,,,,,,,52,387
M1/2116B,29/04/2025 00:00:00,18:29:00,73,264,119,20,12,,,,,,,,,,,,,,,50,415
M1/2116B,29/04/2025 00:00:00,18:44:00,74,266,102,14,7,,,,,,,,,,,,,,,51,389
M1/2116B,29/04/2025 00:00:00,18:59:00,75,221,80,10,13,,,,,,,,,,,,,,,53,324
M1/2116B,29/04/2025 00:00:00,19:14:00,76,200,76,16,12,,,,,,,,,,,,,,,53,304
M1/2116B,29/04/2025 00:00:00,19:29:00,77,207,79,12,8,,,,,,,,,,,,,,,52,306
M1/2116B,29/04/2025 00:00:00,19:44:00,78,184,68,13,13,,,,,,,,,,,,,,,51,278
M1/2116B,29/04/2025 00:00:00,19:59:00,79,158,67,13,7,,,,,,,,,,,,,,,52,245
M1/2116B,29/04/2025 00:00:00,20:14:00,80,137,49,14,5,,,,,,,,,,,,,,,53,205
M1/2116B,29/04/2025 00:00:00,20:29:00,81,112,49,5,8,,,,,,,,,,,,,,,54,174
M1/2116B,29/04/2025 00:00:00,20:44:00,82,119,61,16,11,,,,,,,,,,,,,,,53,207
M1/2116B,29/04/2025 00:00:00,20:59:00,83,94,48,12,8,,,,,,,,,,,,,,,53,162
M1/2116B,29/04/2025 00:00:00,21:14:00,84,94,43,11,15,,,,,,,,,,,,,,,51,163
M1/2116B,29/04/2025 00:00:00,21:29:00,85,82,46,11,10,,,,,,,,,,,,,,,49,149
M1/2116B,29/04/2025 00:00:00,21:44:00,86,78,45,7,5,,,,,,,,,,,,,,,51,135
M1/2116B,29/04/2025 00:00:00,21:59:00,87,83,50,4,16,,,,,,,,,,,,,,,49,153
M1/2116B,29/04/2025 00:00:00,22:14:00,88,67,38,6,10,,,,,,,,,,,,,,,50,121
M1/2116B,29/04/2025 00:00:00,22:29:00,89,63,25,4,4,,,,,,,,,,,,,,,51,96
M1/2116B,29/04/2025 00:00:00,22:44:00,90,57,21,5,7,,,,,,,,,,,,,,,51,90
M1/2116B,29/04/2025 00:00:00,22:59:00,91,28,14,1,6,,,,,,,,,,,,,,,49,49
M1/2116B,29/04/2025 00:00:00,23:14:00,92,1,0,0,0,,,,,,,,,,,,,,,45,1
M1/2116B,29/04/2025 00:00:00,23:29:00,93,0,0,0,0,,,,,,,,,,,,,,,0,0
M1/2116B,29/04/2025 00:00:00,23:44:00,94,0,0,0,0,,,,,,,,,,,,,,,0,0
M1/2116B,29/04/2025 00:00:00,23:59:00,95,0,0,0,0,,,,,,,,,,,,,,,0,0
M1/2116B,30/04/2025 00:00:00,00:14:00,0,0,0,0,0,,,,,,,,,,,,,,,0,0
M1/2116B,30/04/2025 00:00:00,00:29:00,1,0,0,0,0,,,,,,,,,,,,,,,0,0
M1/2116B,30/04/2025 00:00:00,00:44:00,2,0,0,0,0,,,,,,,,,,,,,,,0,0
M1/2116B,30/04/2025 00:00:00,00:59:00,3,0,1,1,0,,,,,,,,,,,,,,,19,2
M1/2116B,30/04/2025 00:00:00,01:14:00,4,0,0,0,0,,,,,,,,,,,,,,,0,0
M1/2116B,30/04/2025 00:00:00,01:29:00,5,1,0,1,0,,,,,,,,,,,,,,,19,2
M1/2116B,30/04/2025 00:00:00,01:44:00,6,0,0,0,0,,,,,,,,,,,,,,,0,0
M1/2116B,30/04/2025 00:00:00,01:59:00,7,4,1,4,0,,,,,,,,,,,,,,,17,9
M1/2116B,30/04/2025 00:00:00,02:14:00,8,1,0,0,0,,,,,,,,,,,,,,,14,1
M1/2116B,30/04/2025 00:00:00,02:29:00,9,0,0,0,0,,,,,,,,,,,,,,,0,0
M1/2116B,30/04/2025 00:00:00,02:44:00,10,0,0,0,0,,,,,,,,,,,,,,,0,0
M1/2116B,30/04/2025 00:00:00,02:59:00,11,0,0,0,0,,,,,,,,,,,,,,,0,0
M1/2116B,30/04/2025 00:00:00,03:14:00,12,0,0,0,0,,,,,,,,,,,,,,,0,0
M1/2116B,30/04/2025 00:00:00,03:29:00,13,0,0,0,0,,,,,,,,,,,,,,,0,0
M1/2116B,30/04/2025 00:00:00,03:44:00,14,1,0,3,0,,,,,,,,,,,,,,,45,4
M1/2116B,30/04/2025 00:00:00,03:59:00,15,10,4,0,3,,,,,,,,,,,,,,,56,17
M1/2116B,30/04/2025 00:00:00,04:14:00,16,15,10,7,4,,,,,,,,,,,,,,,51,36
M1/2116B,30/04/2025 00:00:00,04:29:00,17,22,8,8,8,,,,,,,,,,,,,,,51,46
M1/2116B,30/04/2025 00:00:00,04:44:00,18,28,14,9,4,,,,,,,,,,,,,,,56,55
M1/2116B,30/04/2025 00:00:00,04:59:00,19,54,27,13,9,,,,,,,,,,,,,,,53,103
M1/2116B,30/04/2025 00:00:00,05:14:00,20,71,26,17,9,,,,,,,,,,,,,,,55,123
M1/2116B,30/04/2025 00:00:00,05:29:00,21,101,61,23,11,,,,,,,,,,,,,,,56,196
M1/2116B,30/04/2025 00:00:00,05:44:00,22,121,77,36,19,,,,,,,,,,,,,,,56,253
M1/2116B,30/04/2025 00:00:00,05:59:00,23,173,108,37,24,,,,,,,,,,,,,,,55,342
M1/2116B,30/04/2025 00:00:00,06:14:00,24,236,179,55,24,,,,,,,,,,,,,,,54,494
M1/2116B,30/04/2025 00:00:00,06:29:00,25,278,246,85,17,,,,,,,,,,,,,,,50,626
M1/2116B,30/04/2025 00:00:00,06:44:00,26,331,272,93,44,,,,,,,,,,,,,,,22,740
M1/2116B,30/04/2025 00:00:00,06:59:00,27,288,279,94,48,,,,,,,,,,,,,,,13,709
M1/2116B,30/04/2025 00:00:00,07:14:00,28,324,214,84,53,,,,,,,,,,,,,,,10,674
M1/2116B,30/04/2025 00:00:00,07:29:00,29,325,214,87,48,,,,,,,,,,,,,,,11,674
M1/2116B,30/04/2025 00:00:00,07:44:00,30,275,216,79,52,,,,,,,,,,,,,,,10,622
M1/2116B,30/04/2025 00:00:00,07:59:00,31,349,206,66,40,,,,,,,,,,,,,,,10,661
M1/2116B,30/04/2025 00:00:00,08:14:00,32,326,201,81,29,,,,,,,,,,,,,,,16,637
M1/2116B,30/04/2025 00:00:00,08:29:00,33,320,212,69,18,,,,,,,,,,,,,,,30,619
M1/2116B,30/04/2025 00:00:00,08:44:00,34,260,197,84,40,,,,,,,,,,,,,,,14,581
M1/2116B,30/04/2025 00:00:00,08:59:00,35,287,140,68,40,,,,,,,,,,,,,,,9,535
M1/2116B,30/04/2025 00:00:00,09:14:00,36,303,154,80,46,,,,,,,,,,,,,,,10,583
M1/2116B,30/04/2025 00:00:00,09:29:00,37,254,167,72,59,,,,,,,,,,,,,,,9,552
M1/2116B,30/04/2025 00:00:00,09:44:00,38,269,135,75,47,,,,,,,,,,,,,,,9,526
M1/2116B,30/04/2025 00:00:00,09:59:00,39,274,124,53,56,,,,,,,,,,,,,,,9,507
M1/2116B,30/04/2025 00:00:00,10:14:00,40,209,124,58,45,,,,,,,,,,,,,,,8,436
M1/2116B,30/04/2025 00:00:00,10:29:00,41,206,136,59,46,,,,,,,,,,,,,,,10,447
M1/2116B,30/04/2025 00:00:00,10:44:00,42,182,136,48,25,,,,,,,,,,,,,,,38,391
M1/2116B,30/04/2025 00:00:00,10:59:00,43,151,86,25,15,,,,,,,,,,,,,,,50,278
M1/2116B,30/04/2025 00:00:00,11:14:00,44,177,106,33,26,,,,,,,,,,,,,,,48,342
M1/2116B,30/04/2025 00:00:00,11:29:00,45,163,106,31,17,,,,,,,,,,,,,,,49,317
M1/2116B,30/04/2025 00:00:00,11:44:00,46,149,106,38,26,,,,,,,,,,,,,,,49,318
M1/2116B,30/04/2025 00:00:00,11:59:00,47,179,106,36,15,,,,,,,,,,,,,,,50,336
M1/2116B,30/04/2025 00:00:00,12:14:00,48,187,86,35,23,,,,,,,,,,,,,,,50,331
M1/2116B,30/04/2025 00:00:00,12:29:00,49,208,98,40,37,,,,,,,,,,,,,,,44,383
M1/2116B,30/04/2025 00:00:00,12:44:00,50,177,103,40,21,,,,,,,,,,,,,,,46,341
M1/2116B,30/04/2025 00:00:00,12:59:00,51,187,88,35,31,,,,,,,,,,,,,,,48,341
M1/2116B,30/04/2025 00:00:00,13:14:00,52,162,102,38,22,,,,,,,,,,,,,,,50,324
M1/2116B,30/04/2025 00:00:00,13:29:00,53,165,95,38,22,,,,,,,,,,,,,,,50,320
M1/2116B,30/04/2025 00:00:00,13:44:00,54,142,86,35,16,,,,,,,,,,,,,,,51,279
M1/2116B,30/04/2025 00:00:00,13:59:00,55,125,72,27,11,,,,,,,,,,,,,,,51,235
M1/2116B,30/04/2025 00:00:00,14:14:00,56,127,76,30,8,,,,,,,,,,,,,,,50,241
M1/2116B,30/04/2025 00:00:00,14:29:00,57,159,82,38,18,,,,,,,,,,,,,,,50,297
M1/2116B,30/04/2025 00:00:00,14:44:00,58,156,79,31,13,,,,,,,,,,,,,,,50,279
M1/2116B,30/04/2025 00:00:00,14:59:00,59,135,81,22,10,,,,,,,,,,,,,,,51,248
M1/2116B,30/04/2025 00:00:00,15:14:00,60,128,76,31,13,,,,,,,,,,,,,,,50,248
M1/2116B,30/04/2025 00:00:00,15:29:00,61,124,75,20,18,,,,,,,,,,,,,,,51,237
M1/2116B,30/04/2025 00:00:00,15:44:00,62,163,66,22,5,,,,,,,,,,,,,,,51,256
M1/2116B,30/04/2025 00:00:00,15:59:00,63,161,68,23,8,,,,,,,,,,,,,,,50,260
M1/2116B,30/04/2025 00:00:00,16:14:00,64,156,72,19,12,,,,,,,,,,,,,,,52,259
M1/2116B,30/04/2025 00:00:00,16:29:00,65,182,81,14,15,,,,,,,,,,,,,,,51,292
M1/2116B,30/04/2025 00:00:00,16:44:00,66,192,90,21,11,,,,,,,,,,,,,,,51,314
M1/2116B,30/04/2025 00:00:00,16:59:00,67,214,81,17,5,,,,,,,,,,,,,,,51,317
M1/2116B,30/04/2025 00:00:00,17:14:00,68,218,78,18,13,,,,,,,,,,,,,,,50,327
M1/2116B,30/04/2025 00:00:00,17:29:00,69,203,95,15,8,,,,,,,,,,,,,,,51,321
M1/2116B,30/04/2025 00:00:00,17:44:00,70,236,105,12,7,,,,,,,,,,,,,,,51,360
M1/2116B,30/04/2025 00:00:00,17:59:00,71,245,110,15,6,,,,,,,,,,,,,,,51,376
M1/2116B,30/04/2025 00:00:00,18:14:00,72,276,109,9,8,,,,,,,,,,,,,,,51,402
M1/2116B,30/04/2025 00:00:00,18:29:00,73,266,104,14,8,,,,,,,,,,,,,,,50,391
M1/2116B,30/04/2025 00:00:00,18:44:00,74,256,100,19,11,,,,,,,,,,,,,,,51,386
M1/2116B,30/04/2025 00:00:00,18:59:00,75,232,97,11,13,,,,,,,,,,,,,,,52,353
M1/2116B,30/04/2025 00:00:00,19:14:00,76,207,74,19,13,,,,,,,,,,,,,,,51,313
M1/2116B,30/04/2025 00:00:00,19:29:00,77,203,87,17,8,,,,,,,,,,,,,,,52,314
M1/2116B,30/04/2025 00:00:00,19:44:00,78,169,64,9,13,,,,,,,,,,,,,,,53,255
M1/2116B,30/04/2025 00:00:00,19:59:00,79,132,74,12,9,,,,,,,,,,,,,,,53,227
M1/2116B,30/04/2025 00:00:00,20:14:00,80,117,61,12,5,,,,,,,,,,,,,,,52,195
M1/2116B,30/04/2025 00:00:00,20:29:00,81,124,63,2,12,,,,,,,,,,,,,,,51,201
M1/2116B,30/04/2025 00:00:00,20:44:00,82,124,64,13,8,,,,,,,,,,,,,,,52,209
M1/2116B,30/04/2025 00:00:00,20:59:00,83,104,51,5,12,,,,,,,,,,,,,,,52,172
M1/2116B,30/04/2025 00:00:00,21:14:00,84,86,49,12,7,,,,,,,,,,,,,,,51,154
M1/2116B,30/04/2025 00:00:00,21:29:00,85,108,36,7,9,,,,,,,,,,,,,,,49,160
M1/2116B,30/04/2025 00:00:00,21:44:00,86,93,40,9,7,,,,,,,,,,,,,,,50,149
M1/2116B,30/04/2025 00:00:00,21:59:00,87,109,32,13,9,,,,,,,,,,,,,,,49,163
M1/2116B,30/04/2025 00:00:00,22:14:00,88,85,36,5,12,,,,,,,,,,,,,,,51,138
M1/2116B,30/04/2025 00:00:00,22:29:00,89,104,48,4,7,,,,,,,,,,,,,,,51,163
M1/2116B,30/04/2025 00:00:00,22:44:00,90,87,42,5,7,,,,,,,,,,,,,,,50,141
M1/2116B,30/04/2025 00:00:00,22:59:00,91,82,41,4,5,,,,,,,,,,,,,,,51,132
M1/2116B,30/04/2025 00:00:00,23:14:00,92,67,38,6,8,,,,,,,,,,,,,,,49,119
M1/2116B,30/04/2025 00:00:00,23:29:00,93,70,25,12,5,,,,,,,,,,,,,,,49,112
M1/2116B,30/04/2025 00:00:00,23:44:00,94,71,36,7,9,,,,,,,,,,,,,,,50,123
M1/2116B,30/04/2025 00:00:00,23:59:00,95,53,26,3,9,,,,,,,,,,,,,,,49,91
